chembl_id	canonical_smiles	standard_inchi	standard_inchi_key	chembl_version	molecular_weight	logp	topological_surface_area_mapping	fsp3	scaffold_smiles	n_hba	n_hbd	ro5_fulfilled	max_ring_size
CHEMBL866545	CCOc1ccc(C2=C/C(=C/c3cccnc3)C(=O)O2)cc1	InChI=1S/C18H15NO3/c1-2-21-16-7-5-14(6-8-16)17-11-15(18(20)22-17)10-13-4-3-9-19-12-13/h3-12H,2H2,1H3/b15-10-	CWOZZNBMQSEEAL-GDNBJRDFSA-N	chembl_36	293.322	3.4616000000000016	48.42	0.1111111111111111	O=C1OC(c2ccccc2)=C/C1=C/c1cccnc1	4.0	0.0	True	6.0
CHEMBL877584	Cc1ccc(NN=c2c(C)nc3ccccc3[nH]c2=O)cc1	InChI=1S/C17H16N4O/c1-11-7-9-13(10-8-11)20-21-16-12(2)18-14-5-3-4-6-15(14)19-17(16)22/h3-10,20H,1-2H3,(H,19,21,22)	MWJQXHZIUSMPSJ-UHFFFAOYSA-N	chembl_36	292.34200000000004	2.46774	70.14	0.11764705882352941	O=c1[nH]c2ccccc2ncc1=NNc1ccccc1	4.0	2.0	True	7.0
CHEMBL2504960	N#Cc1cc(C(=O)N2CC=CC2)cc(Br)c1O	InChI=1S/C12H9BrN2O2/c13-10-6-8(5-9(7-14)11(10)16)12(17)15-3-1-2-4-15/h1-2,5-6,16H,3-4H2	GXKGVQHKOWLAGX-UHFFFAOYSA-N	chembl_36	293.12	2.0383800000000005	64.33	0.16666666666666666	O=C(c1ccccc1)N1CC=CC1	3.0	1.0	True	6.0
CHEMBL1836869	O=C1NCc2cc(-c3ccnc(NC(=O)C4CC4)c3)ccc21	InChI=1S/C17H15N3O2/c21-16(10-1-2-10)20-15-8-12(5-6-18-15)11-3-4-14-13(7-11)9-19-17(14)22/h3-8,10H,1-2,9H2,(H,19,22)(H,18,20,21)	XXGNHWQJNIVZFK-UHFFFAOYSA-N	chembl_36	293.326	2.3405000000000005	71.09	0.23529411764705882	O=C1NCc2cc(-c3ccnc(NC(=O)C4CC4)c3)ccc21	3.0	2.0	True	6.0
CHEMBL2644383	O=C(Nc1ccc(N2CCCC2=O)c(F)c1)[C@@H]1CCCO1	InChI=1S/C15H17FN2O3/c16-11-9-10(17-15(20)13-3-2-8-21-13)5-6-12(11)18-7-1-4-14(18)19/h5-6,9,13H,1-4,7-8H2,(H,17,20)/t13-/m0/s1	JZCRNCWYTYCXAH-ZDUSSCGKSA-N	chembl_36	292.31000000000006	2.07	58.64	0.4666666666666667	O=C(Nc1ccc(N2CCCC2=O)cc1)[C@@H]1CCCO1	3.0	1.0	True	6.0
CHEMBL974845	COCCn1c(C)cc(/C=C2\NC(=S)N(C)C2=O)c1C	InChI=1S/C14H19N3O2S/c1-9-7-11(10(2)17(9)5-6-19-4)8-12-13(18)16(3)14(20)15-12/h7-8H,5-6H2,1-4H3,(H,15,20)/b12-8-	KCDALZHGHWBPNN-WQLSENKSSA-N	chembl_36	293.39200000000005	1.4387400000000004	46.5	0.42857142857142855	O=C1NC(=S)N/C1=C\c1cc[nH]c1	4.0	1.0	True	5.0
CHEMBL1680836	Cc1c(/N=C/c2ccncc2)c(=O)n(-c2ccccc2)n1C	InChI=1S/C17H16N4O/c1-13-16(19-12-14-8-10-18-11-9-14)17(22)21(20(13)2)15-6-4-3-5-7-15/h3-12H,1-2H3/b19-12+	PYLDAHQOEFHNBK-XDHOZWIPSA-N	chembl_36	292.34200000000004	2.630020000000001	52.18	0.11764705882352941	O=c1c(/N=C/c2ccncc2)c[nH]n1-c1ccccc1	5.0	0.0	True	6.0
CHEMBL20675	CCc1ccccc1-c1n[nH]c(-c2ccc3c(c2)OCO3)n1	InChI=1S/C17H15N3O2/c1-2-11-5-3-4-6-13(11)17-18-16(19-20-17)12-7-8-14-15(9-12)22-10-21-14/h3-9H,2,10H2,1H3,(H,18,19,20)	ANQNTFMVOLLZJK-UHFFFAOYSA-N	chembl_36	293.326	3.429800000000002	60.03	0.17647058823529413	c1ccc(-c2n[nH]c(-c3ccc4c(c3)OCO4)n2)cc1	4.0	1.0	True	6.0
CHEMBL1027578	O=C1C=C(/C=C/c2ccccc2)C[C@@H](c2ccc(F)cc2)C1	InChI=1S/C20H17FO/c21-19-10-8-17(9-11-19)18-12-16(13-20(22)14-18)7-6-15-4-2-1-3-5-15/h1-11,13,18H,12,14H2/b7-6+/t18-/m1/s1	KGPVKTOWJSHWFG-IPLHWJFFSA-N	chembl_36	292.353	4.9120000000000035	17.07	0.15	O=C1C=C(/C=C/c2ccccc2)C[C@@H](c2ccccc2)C1	1.0	0.0	True	6.0
CHEMBL2647270	C=CCNC(=O)C(C)N1CCCC1C1CCCN1C(C)=O	InChI=1S/C16H27N3O2/c1-4-9-17-16(21)12(2)18-10-5-7-14(18)15-8-6-11-19(15)13(3)20/h4,12,14-15H,1,5-11H2,2-3H3,(H,17,21)	ABPVOMMSMULKQJ-UHFFFAOYSA-N	chembl_36	293.411	1.1523999999999992	52.650000000000006	0.75	C1CNC(C2CCCN2)C1	3.0	1.0	True	5.0
CHEMBL1700221	CC(/C=C/c1cccc([N+](=O)[O-])c1)=N/NC(=O)c1cccnc1	InChI=1S/C16H14N4O3/c1-12(18-19-16(21)14-5-3-9-17-11-14)7-8-13-4-2-6-15(10-13)20(22)23/h2-11H,1H3,(H,19,21)/b8-7+,18-12-	IGPPGDZUXAZAEQ-COKRBVQGSA-N	chembl_36	310.313	2.8089000000000004	97.49	0.0625	O=C(N/N=C\C=C\c1ccccc1)c1cccnc1	5.0	1.0	True	6.0
CHEMBL2123127	COc1cc(/C=C\c2cccc3oc(=O)n(C)c23)cc(OC)c1	InChI=1S/C18H17NO4/c1-19-17-13(5-4-6-16(17)23-18(19)20)8-7-12-9-14(21-2)11-15(10-12)22-3/h4-11H,1-3H3/b8-7-	VVAVLGWMRBFXKK-FPLPWBNLSA-N	chembl_36	311.33700000000005	3.3191000000000015	53.599999999999994	0.16666666666666666	O=c1[nH]c2c(/C=C\c3ccccc3)cccc2o1	5.0	0.0	True	6.0
CHEMBL2603824	N#Cc1ccc(C(=O)NCCc2noc(C3CCCC3)n2)cn1	InChI=1S/C16H17N5O2/c17-9-13-6-5-12(10-19-13)15(22)18-8-7-14-20-16(23-21-14)11-3-1-2-4-11/h5-6,10-11H,1-4,7-8H2,(H,18,22)	XNBNWXLFGMELMP-UHFFFAOYSA-N	chembl_36	311.34499999999997	1.96638	104.7	0.4375	O=C(NCCc1noc(C2CCCC2)n1)c1cccnc1	6.0	1.0	True	6.0
CHEMBL1935755	COCCN1C[C@@H]2[C@@H](OC)CCN(Cc3ccsc3)[C@@H]2C1	InChI=1S/C16H26N2O2S/c1-19-7-6-17-10-14-15(11-17)18(5-3-16(14)20-2)9-13-4-8-21-12-13/h4,8,12,14-16H,3,5-7,9-11H2,1-2H3/t14-,15+,16-/m0/s1	XSYRRFSSVKNQNL-XHSDSOJGSA-N	chembl_36	310.463	1.9156000000000002	24.940000000000005	0.75	c1cc(CN2CCC[C@H]3CNC[C@H]32)cs1	5.0	0.0	True	6.0
CHEMBL1280791	COc1cccc(CNC(=O)c2c(C)nc3ncc(C)cn23)c1	InChI=1S/C17H18N4O2/c1-11-8-19-17-20-12(2)15(21(17)10-11)16(22)18-9-13-5-4-6-14(7-13)23-3/h4-8,10H,9H2,1-3H3,(H,18,22)	JDEIJCGZNFDMEF-UHFFFAOYSA-N	chembl_36	310.357	2.28474	68.52	0.23529411764705882	O=C(NCc1ccccc1)c1cnc2ncccn12	5.0	1.0	True	6.0
CHEMBL1680952	CC(/C=N/n1c(S)nnc1-c1ccncc1)=C\c1ccco1	InChI=1S/C15H13N5OS/c1-11(9-13-3-2-8-21-13)10-17-20-14(18-19-15(20)22)12-4-6-16-7-5-12/h2-10H,1H3,(H,19,22)/b11-9+,17-10+	XYJSWBOEIHUVAF-ATELFFGISA-N	chembl_36	311.37000000000006	3.159200000000002	69.1	0.06666666666666667	C(=C/c1ccco1)\C=N\n1cnnc1-c1ccncc1	7.0	1.0	True	6.0
CHEMBL1935384	CN1C(Cn2cccn2)C[C@@H]2CN(Cc3ccccn3)CC[C@@H]21	InChI=1S/C18H25N5/c1-21-17(14-23-9-4-8-20-23)11-15-12-22(10-6-18(15)21)13-16-5-2-3-7-19-16/h2-5,7-9,15,17-18H,6,10-14H2,1H3/t15-,17?,18+/m1/s1	IJJKJQMHIOEMNT-IKJNGHJTSA-N	chembl_36	311.43300000000005	1.8729000000000002	37.190000000000005	0.5555555555555556	c1ccc(CN2CC[C@@H]3NC(Cn4cccn4)C[C@@H]3C2)nc1	5.0	0.0	True	6.0
CHEMBL1875392	O=C(N1CCOCC1)N1CCN(c2ccncc2Cl)CC1	InChI=1S/C14H19ClN4O2/c15-12-11-16-2-1-13(12)17-3-5-18(6-4-17)14(20)19-7-9-21-10-8-19/h1-2,11H,3-10H2	DGZNRKHFJOGMMW-UHFFFAOYSA-N	chembl_36	310.7850000000001	1.3091999999999993	48.910000000000004	0.5714285714285714	O=C(N1CCOCC1)N1CCN(c2ccncc2)CC1	4.0	0.0	True	6.0
CHEMBL2577051	CCn1nncc1C(=O)Nc1cnn([C@@H](C)c2ccccc2)c1	InChI=1S/C16H18N6O/c1-3-21-15(10-17-20-21)16(23)19-14-9-18-22(11-14)12(2)13-7-5-4-6-8-13/h4-12H,3H2,1-2H3,(H,19,23)/t12-/m0/s1	XRUMCBNORYUZSX-LBPRGKRZSA-N	chembl_36	310.361	2.3561000000000005	77.63	0.25	O=C(Nc1cnn(Cc2ccccc2)c1)c1cnn[nH]1	6.0	1.0	True	6.0
CHEMBL440808	[18F]c1cccc(N2CCN(Cc3cc4ccccn4n3)CC2)n1	InChI=1S/C17H18FN5/c18-16-5-3-6-17(19-16)22-10-8-21(9-11-22)13-14-12-15-4-1-2-7-23(15)20-14/h1-7,12H,8-11,13H2/i18-1	CECDNRUCUZFOLS-SQZVAGKESA-N	chembl_36	310.3669380000001	2.1906	36.67	0.29411764705882354	c1ccc(N2CCN(Cc3cc4ccccn4n3)CC2)nc1	5.0	0.0	True	6.0
CHEMBL1866213	O=S(=O)(c1ccccc1)N1CCCC1c1cc[nH]n1	InChI=1S/C13H15N3O2S/c17-19(18,11-5-2-1-3-6-11)16-10-4-7-13(16)12-8-9-14-15-12/h1-3,5-6,8-9,13H,4,7,10H2,(H,14,15)	YUYHLUZPOKKWLV-UHFFFAOYSA-N	chembl_36	277.34899999999993	1.9355	66.06	0.3076923076923077	O=S(=O)(c1ccccc1)N1CCCC1c1cc[nH]n1	3.0	1.0	True	6.0
CHEMBL2610489	CC12CCC3C[C@@]1(C(=O)NCC(F)(F)F)OC[C@@]32C	InChI=1S/C13H18F3NO2/c1-10-7-19-12(9(18)17-6-13(14,15)16)5-8(10)3-4-11(10,12)2/h8H,3-7H2,1-2H3,(H,17,18)/t8?,10-,11?,12-/m0/s1	NOPWOZZLZKHIRI-SZEJABMVSA-N	chembl_36	277.28599999999994	2.2602	38.33	0.9230769230769231	C1CC2C3CC1C2CO3	2.0	1.0	True	5.0
CHEMBL211925	c1csc(-c2n[nH]cc2-c2ccnc3ccccc23)c1	InChI=1S/C16H11N3S/c1-2-5-14-12(4-1)11(7-8-17-14)13-10-18-19-16(13)15-6-3-9-20-15/h1-10H,(H,18,19)	IPYHSGOSLLXUJY-UHFFFAOYSA-N	chembl_36	277.35200000000003	4.3534000000000015	41.57	0.0	c1csc(-c2n[nH]cc2-c2ccnc3ccccc23)c1	3.0	1.0	True	6.0
CHEMBL2410609	CCNc1ncc(C(=O)NC2CCCCNC2=O)cn1	InChI=1S/C13H19N5O2/c1-2-14-13-16-7-9(8-17-13)11(19)18-10-5-3-4-6-15-12(10)20/h7-8,10H,2-6H2,1H3,(H,15,20)(H,18,19)(H,14,16,17)	AENYCLZNYWAWFF-UHFFFAOYSA-N	chembl_36	277.3279999999999	0.30690000000000023	96.01	0.5384615384615384	O=C(NC1CCCCNC1=O)c1cncnc1	5.0	3.0	True	7.0
CHEMBL372546	CC1(C)C(CO)CC1Cn1nnc2c(N)nc(N)nc21	InChI=1S/C12H19N7O/c1-12(2)6(3-7(12)5-20)4-19-10-8(17-18-19)9(13)15-11(14)16-10/h6-7,20H,3-5H2,1-2H3,(H4,13,14,15,16)	JGIZVPYPCWDHQQ-UHFFFAOYSA-N	chembl_36	277.332	0.04029999999999995	128.76	0.6666666666666666	c1ncc2nnn(CC3CCC3)c2n1	8.0	3.0	True	6.0
CHEMBL1285686	Cc1ccccc1-n1c(C)nc(-c2ccccc2)cc1=O	InChI=1S/C18H16N2O/c1-13-8-6-7-11-17(13)20-14(2)19-16(12-18(20)21)15-9-4-3-5-10-15/h3-12H,1-2H3	SVOGRFBWKYBSSN-UHFFFAOYSA-N	chembl_36	276.33900000000006	3.5163400000000022	34.89	0.1111111111111111	O=c1cc(-c2ccccc2)ncn1-c1ccccc1	3.0	0.0	True	6.0
CHEMBL308276	CC(=O)NCn1cc(-c2ccc3c(c2)OCO3)c(=O)o1	InChI=1S/C13H12N2O5/c1-8(16)14-6-15-5-10(13(17)20-15)9-2-3-11-12(4-9)19-7-18-11/h2-5H,6-7H2,1H3,(H,14,16)	HKXMTTRYPVNFDL-UHFFFAOYSA-N	chembl_36	276.248	0.9305999999999996	82.7	0.23076923076923078	O=c1o[nH]cc1-c1ccc2c(c1)OCO2	6.0	1.0	True	6.0
CHEMBL928650	S=C(NCc1ccc(Cl)cc1)Nc1ccncc1	InChI=1S/C13H12ClN3S/c14-11-3-1-10(2-4-11)9-16-13(18)17-12-5-7-15-8-6-12/h1-8H,9H2,(H2,15,16,17,18)	HKLVXLJTGPHFMX-UHFFFAOYSA-N	chembl_36	277.78000000000003	3.2216000000000005	36.95	0.07692307692307693	S=C(NCc1ccccc1)Nc1ccncc1	2.0	2.0	True	6.0
CHEMBL2501000	Cc1ccn2c(C(=O)c3cnc4ccccn34)cnc2c1	InChI=1S/C16H12N4O/c1-11-5-7-20-13(10-18-15(20)8-11)16(21)12-9-17-14-4-2-3-6-19(12)14/h2-10H,1H3	DSMLJFWLJVVZQZ-UHFFFAOYSA-N	chembl_36	276.29900000000004	2.521420000000001	51.67	0.0625	O=C(c1cnc2ccccn12)c1cnc2ccccn12	5.0	0.0	True	6.0
CHEMBL469742	CN1CCN(c2cc(N3CCCCC3)nc(N)n2)CC1	InChI=1S/C14H24N6/c1-18-7-9-20(10-8-18)13-11-12(16-14(15)17-13)19-5-3-2-4-6-19/h11H,2-10H2,1H3,(H2,15,16,17)	INGFFZLZQUJWBO-UHFFFAOYSA-N	chembl_36	276.388	0.8009000000000005	61.519999999999996	0.7142857142857143	c1nc(N2CCCCC2)cc(N2CCNCC2)n1	6.0	1.0	True	6.0
CHEMBL2769458	CC1OC2(C=CC(=O)C=C2)N(S(=O)(=O)c2cccs2)C1=O	InChI=1S/C13H11NO5S2/c1-9-12(16)14(21(17,18)11-3-2-8-20-11)13(19-9)6-4-10(15)5-7-13/h2-9H,1H3	AOPZQMARILNWJD-UHFFFAOYSA-N	chembl_36	325.367	1.0755	80.75	0.23076923076923078	O=C1C=CC2(C=C1)OCC(=O)N2S(=O)(=O)c1cccs1	6.0	0.0	True	6.0
CHEMBL2746123	O=C(Cc1cnccn1)N[C@@H](Cc1coc2ccccc12)B(O)O	InChI=1S/C16H16BN3O4/c21-16(8-12-9-18-5-6-19-12)20-15(17(22)23)7-11-10-24-14-4-2-1-3-13(11)14/h1-6,9-10,15,22-23H,7-8H2,(H,20,21)/t15-/m0/s1	CDFIDSVYHTYZIG-HNNXBMFYSA-N	chembl_36	325.13300000000004	0.5047999999999995	108.48000000000002	0.1875	O=C(Cc1cnccn1)NCCc1coc2ccccc12	6.0	3.0	True	6.0
CHEMBL1321272	O=C1c2ccccc2-c2c1c1ccccc1c(=O)n2-c1cccnc1	InChI=1S/C21H12N2O2/c24-20-16-9-3-2-8-15(16)19-18(20)14-7-1-4-10-17(14)21(25)23(19)13-6-5-11-22-12-13/h1-12H	CXCKDYOPDOUJTL-UHFFFAOYSA-N	chembl_36	324.339	3.597100000000003	51.96	0.0	O=C1c2ccccc2-c2c1c1ccccc1c(=O)n2-c1cccnc1	4.0	0.0	True	6.0
CHEMBL2882490	c1ccc(CN2CCO[C@@H](CNc3ncnc4nc[nH]c34)C2)cc1	InChI=1S/C17H20N6O/c1-2-4-13(5-3-1)9-23-6-7-24-14(10-23)8-18-16-15-17(20-11-19-15)22-12-21-16/h1-5,11-12,14H,6-10H2,(H2,18,19,20,21,22)/t14-/m0/s1	GBFDJZGWAQMOMO-AWEZNQCLSA-N	chembl_36	324.3880000000001	1.6657999999999997	78.96000000000001	0.35294117647058826	c1ccc(CN2CCO[C@@H](CNc3ncnc4nc[nH]c34)C2)cc1	6.0	2.0	True	6.0
CHEMBL1341938	CCOC(=O)C1Cc2ccccc2CN1C(=O)Oc1ccccc1	InChI=1S/C19H19NO4/c1-2-23-18(21)17-12-14-8-6-7-9-15(14)13-20(17)19(22)24-16-10-4-3-5-11-16/h3-11,17H,2,12-13H2,1H3	ZDUIBDOKIRBHIK-UHFFFAOYSA-N	chembl_36	325.36400000000003	3.1754000000000016	55.84	0.2631578947368421	O=C(Oc1ccccc1)N1CCc2ccccc2C1	4.0	0.0	True	6.0
CHEMBL3243920	CC(=O)N1CCc2c(c(Nc3ccc4cn(C)nc4c3)nn2C)C1	InChI=1S/C17H20N6O/c1-11(24)23-7-6-16-14(10-23)17(20-22(16)3)18-13-5-4-12-9-21(2)19-15(12)8-13/h4-5,8-9H,6-7,10H2,1-3H3,(H,18,20)	YRTHFRBBOGXINJ-UHFFFAOYSA-N	chembl_36	324.3880000000001	1.9549999999999998	67.98	0.35294117647058826	c1cc2c[nH]nc2cc1Nc1n[nH]c2c1CNCC2	6.0	1.0	True	6.0
CHEMBL587653	O=C1N=C(N2CCOCC2)S/C1=C/c1cccc2ccccc12	InChI=1S/C18H16N2O2S/c21-17-16(23-18(19-17)20-8-10-22-11-9-20)12-14-6-3-5-13-4-1-2-7-15(13)14/h1-7,12H,8-11H2/b16-12+	SDHCZYNNLSNGJM-FOWTUZBSSA-N	chembl_36	324.4050000000001	3.1423000000000023	41.900000000000006	0.2222222222222222	O=C1N=C(N2CCOCC2)S/C1=C/c1cccc2ccccc12	4.0	0.0	True	6.0
CHEMBL744309	Cc1nc(N2CCN(C)CC2)c2cc(-c3ccccc3)sc2n1	InChI=1S/C18H20N4S/c1-13-19-17(22-10-8-21(2)9-11-22)15-12-16(23-18(15)20-13)14-6-4-3-5-7-14/h3-7,12H,8-11H2,1-2H3	RYIOABQQQQKPKS-UHFFFAOYSA-N	chembl_36	324.45300000000003	3.4185200000000027	32.260000000000005	0.3333333333333333	c1ccc(-c2cc3c(N4CCNCC4)ncnc3s2)cc1	5.0	0.0	True	6.0
CHEMBL417441	O[C@@H](CNCCOc1ccc(-c2ncco2)cc1)c1cccnc1	InChI=1S/C18H19N3O3/c22-17(15-2-1-7-19-12-15)13-20-8-10-23-16-5-3-14(4-6-16)18-21-9-11-24-18/h1-7,9,11-12,17,20,22H,8,10,13H2/t17-/m0/s1	MAGKIDSRENBJSX-KRWDZBQOSA-N	chembl_36	325.36800000000005	2.4386	80.41	0.2222222222222222	c1cncc(CCNCCOc2ccc(-c3ncco3)cc2)c1	6.0	2.0	True	6.0
CHEMBL919086	CN1CCN(NC(=O)/C=C/c2ccc(Br)cc2)CC1	InChI=1S/C14H18BrN3O/c1-17-8-10-18(11-9-17)16-14(19)7-4-12-2-5-13(15)6-3-12/h2-7H,8-11H2,1H3,(H,16,19)/b7-4+	ZQSRZBDUDLVUTQ-QPJJXVBHSA-N	chembl_36	324.2220000000001	1.7408999999999994	35.58	0.35714285714285715	O=C(/C=C/c1ccccc1)NN1CCNCC1	3.0	1.0	True	6.0
CHEMBL2585449	CN1C[C@@H]2CN(C(=O)[C@H]3C[C@@H]3c3ccccc3)C[C@@H]2C1	InChI=1S/C17H22N2O/c1-18-8-13-10-19(11-14(13)9-18)17(20)16-7-15(16)12-5-3-2-4-6-12/h2-6,13-16H,7-11H2,1H3/t13-,14+,15-,16+/m1/s1	ZYOFETBRKFRORK-QXSJWSMHSA-N	chembl_36	270.37600000000003	1.8101	23.55	0.5882352941176471	O=C([C@H]1C[C@@H]1c1ccccc1)N1C[C@H]2CNC[C@H]2C1	2.0	0.0	True	6.0
CHEMBL2673983	Cc1cccc(CNC(=O)c2csc3cncn23)c1	InChI=1S/C14H13N3OS/c1-10-3-2-4-11(5-10)6-16-14(18)12-8-19-13-7-15-9-17(12)13/h2-5,7-9H,6H2,1H3,(H,16,18)	NICXHSKAPCQZKF-UHFFFAOYSA-N	chembl_36	271.345	2.634220000000001	46.400000000000006	0.14285714285714285	O=C(NCc1ccccc1)c1csc2cncn12	4.0	1.0	True	6.0
CHEMBL1164971	CCC(C)c1nc2ccccn2c1NC1CCCCC1	InChI=1S/C17H25N3/c1-3-13(2)16-17(18-14-9-5-4-6-10-14)20-12-8-7-11-15(20)19-16/h7-8,11-14,18H,3-6,9-10H2,1-2H3	SAMJMWPWGGZKEK-UHFFFAOYSA-N	chembl_36	271.408	4.592400000000004	29.33	0.5882352941176471	c1ccn2c(NC3CCCCC3)cnc2c1	3.0	1.0	True	6.0
CHEMBL2684213	CCNc1ccc(Nc2ncnc3c2nnn3C)cn1	InChI=1S/C12H14N8/c1-3-13-9-5-4-8(6-14-9)17-11-10-12(16-7-15-11)20(2)19-18-10/h4-7H,3H2,1-2H3,(H,13,14)(H,15,16,17)	QUEASHUPWNZKPY-UHFFFAOYSA-N	chembl_36	270.29999999999995	1.3286999999999995	93.44000000000001	0.25	c1cncc(Nc2ncnc3[nH]nnc23)c1	8.0	2.0	True	6.0
CHEMBL809279	Cc1nnc(NC(=O)CSC2CCCCC2)s1	InChI=1S/C11H17N3OS2/c1-8-13-14-11(17-8)12-10(15)7-16-9-5-3-2-4-6-9/h9H,2-7H2,1H3,(H,12,14,15)	WJJSOEHJHLFZKK-UHFFFAOYSA-N	chembl_36	271.41099999999994	2.8509200000000012	54.88	0.7272727272727273	O=C(CSC1CCCCC1)Nc1nncs1	5.0	1.0	True	6.0
CHEMBL1148725	O=C(O)[C@H](c1c[nH]c2ccccc12)N1C(=O)C=CC1=O	InChI=1S/C14H10N2O4/c17-11-5-6-12(18)16(11)13(14(19)20)9-7-15-10-4-2-1-3-8(9)10/h1-7,13,15H,(H,19,20)/t13-/m0/s1	FKKZZPXAGVPJCJ-ZDUSSCGKSA-N	chembl_36	270.244	1.2186	90.47	0.07142857142857142	O=C1C=CC(=O)N1Cc1c[nH]c2ccccc12	3.0	2.0	True	6.0
CHEMBL925827	CC1(C)CN(C(=S)Nc2ccc(F)cc2F)C1=O	InChI=1S/C12H12F2N2OS/c1-12(2)6-16(10(12)17)11(18)15-9-4-3-7(13)5-8(9)14/h3-5H,6H2,1-2H3,(H,15,18)	UBPDRMUBUKZJMM-UHFFFAOYSA-N	chembl_36	270.304	2.5300000000000002	32.34	0.3333333333333333	O=C1CCN1C(=S)Nc1ccccc1	2.0	1.0	True	6.0
CHEMBL270415	O=C(NN1CC=CCC1)c1ccc(C(F)(F)F)cc1	InChI=1S/C13H13F3N2O/c14-13(15,16)11-6-4-10(5-7-11)12(19)17-18-8-2-1-3-9-18/h1-2,4-7H,3,8-9H2,(H,17,19)	AJDDHBCMYRDFMW-UHFFFAOYSA-N	chembl_36	270.25399999999996	2.6121000000000008	32.34	0.3076923076923077	O=C(NN1CC=CCC1)c1ccccc1	2.0	1.0	True	6.0
CHEMBL243143	CC1(C)OC(C)(C)c2nc(-c3ccc(N)cc3)nnc21	InChI=1S/C15H18N4O/c1-14(2)11-12(15(3,4)20-14)18-19-13(17-11)9-5-7-10(16)8-6-9/h5-8H,16H2,1-4H3	HQAJYEDTAWGYSM-UHFFFAOYSA-N	chembl_36	270.336	2.6212	73.92	0.4	c1ccc(-c2nnc3c(n2)COC3)cc1	5.0	1.0	True	6.0
CHEMBL1894280	Cc1nnc(CNC(=O)CC2CCc3ccccc32)o1	InChI=1S/C15H17N3O2/c1-10-17-18-15(20-10)9-16-14(19)8-12-7-6-11-4-2-3-5-13(11)12/h2-5,12H,6-9H2,1H3,(H,16,19)	AQJYSSBLHWDBCC-UHFFFAOYSA-N	chembl_36	271.32	2.1143199999999998	68.02000000000001	0.4	O=C(CC1CCc2ccccc21)NCc1nnco1	4.0	1.0	True	6.0
CHEMBL2389500	O=C(CCc1cc(Cl)no1)N1CCCC2(CCOC2)C1	InChI=1S/C14H19ClN2O3/c15-12-8-11(20-16-12)2-3-13(18)17-6-1-4-14(9-17)5-7-19-10-14/h8H,1-7,9-10H2	JLAKRCIBTDGUFZ-UHFFFAOYSA-N	chembl_36	298.77000000000004	2.2897000000000007	55.57000000000001	0.7142857142857143	O=C(CCc1ccno1)N1CCCC2(CCOC2)C1	4.0	0.0	True	6.0
CHEMBL2023345	Cc1nc2cccnc2n1-c1ccc(C(=O)NC2CC2)s1	InChI=1S/C15H14N4OS/c1-9-17-11-3-2-8-16-14(11)19(9)13-7-6-12(21-13)15(20)18-10-4-5-10/h2-3,6-8,10H,4-5H2,1H3,(H,18,20)	ZQIYRXCCZCVAAI-UHFFFAOYSA-N	chembl_36	298.371	2.682620000000001	59.81	0.26666666666666666	O=C(NC1CC1)c1ccc(-n2cnc3cccnc32)s1	5.0	1.0	True	6.0
CHEMBL2694286	O=C(N[C@H]1CCc2n[nH]c(=O)cc2C1)c1cc(C2CC2)n[nH]1	InChI=1S/C15H17N5O2/c21-14-6-9-5-10(3-4-11(9)17-20-14)16-15(22)13-7-12(18-19-13)8-1-2-8/h6-8,10H,1-5H2,(H,16,22)(H,18,19)(H,20,21)/t10-/m0/s1	OSZKNUYPXJIRDX-JTQLQIEISA-N	chembl_36	299.33400000000006	0.6576999999999988	103.53	0.4666666666666667	O=C(N[C@H]1CCc2n[nH]c(=O)cc2C1)c1cc(C2CC2)n[nH]1	4.0	3.0	True	6.0
CHEMBL1326921	COc1ccc(CN2C(=O)C(=O)N(C)C2=O)c2ccccc12	InChI=1S/C16H14N2O4/c1-17-14(19)15(20)18(16(17)21)9-10-7-8-13(22-2)12-6-4-3-5-11(10)12/h3-8H,9H2,1-2H3	QVTVYOLBUKXRDQ-UHFFFAOYSA-N	chembl_36	298.298	1.7690000000000001	66.92	0.1875	O=C1NC(=O)N(Cc2cccc3ccccc23)C1=O	4.0	0.0	True	6.0
CHEMBL3003540	COc1cnc(-c2cccc(C3COB(O)C3)c2)cc1OC	InChI=1S/C16H18BNO4/c1-20-15-7-14(18-9-16(15)21-2)12-5-3-4-11(6-12)13-8-17(19)22-10-13/h3-7,9,13,19H,8,10H2,1-2H3	BPMHXZONYBBNAU-UHFFFAOYSA-N	chembl_36	299.13500000000005	2.3601	60.81	0.3125	B1CC(c2cccc(-c3ccccn3)c2)CO1	5.0	1.0	True	6.0
CHEMBL1957243	COc1ccc2c(c1)CCCN2c1nc(F)nc2[nH]cnc12	InChI=1S/C15H14FN5O/c1-22-10-4-5-11-9(7-10)3-2-6-21(11)14-12-13(18-8-17-12)19-15(16)20-14/h4-5,7-8H,2-3,6H2,1H3,(H,17,18,19,20)	UADMYHWJBIFCNR-UHFFFAOYSA-N	chembl_36	299.30899999999997	2.5849	66.93	0.26666666666666666	c1ccc2c(c1)CCCN2c1ncnc2[nH]cnc12	5.0	1.0	True	6.0
CHEMBL268041	CO[C@H]1C(=O)N2c3c(coc3C(C)(C)C)CS(=O)(=O)[C@H]12	InChI=1S/C13H17NO5S/c1-13(2,3)10-8-7(5-19-10)6-20(16,17)12-9(18-4)11(15)14(8)12/h5,9,12H,6H2,1-4H3/t9-,12+/m0/s1	NEPGDGSVZSSXGM-JOYOIKCWSA-N	chembl_36	299.348	1.1932	76.82	0.6153846153846154	O=C1C[C@@H]2N1c1cocc1CS2(=O)=O	5.0	0.0	True	6.0
CHEMBL1931186	Cc1ccc(CN[C@@H]2COC[C@H]2c2ccc(F)cc2)cc1C	InChI=1S/C19H22FNO/c1-13-3-4-15(9-14(13)2)10-21-19-12-22-11-18(19)16-5-7-17(20)8-6-16/h3-9,18-19,21H,10-12H2,1-2H3/t18-,19+/m0/s1	JLCGMILHMHLZPV-RBUKOAKNSA-N	chembl_36	299.38900000000007	3.7147400000000026	21.259999999999998	0.3684210526315789	c1ccc(CN[C@@H]2COC[C@H]2c2ccccc2)cc1	2.0	1.0	True	6.0
CHEMBL3149175	O=C1NN=C(c2ccc(N3CCC3)c(C(F)(F)F)c2)CO1	InChI=1S/C13H12F3N3O2/c14-13(15,16)9-6-8(10-7-21-12(20)18-17-10)2-3-11(9)19-4-1-5-19/h2-3,6H,1,4-5,7H2,(H,18,20)	ZPYHYTCGOWHJGS-UHFFFAOYSA-N	chembl_36	299.25199999999995	2.3594	53.93000000000001	0.38461538461538464	O=C1NN=C(c2ccc(N3CCC3)cc2)CO1	4.0	1.0	True	6.0
CHEMBL757795	O=C(Nc1ccc(F)cc1)C(=O)C1C(=O)Nc2ccccc21	InChI=1S/C16H11FN2O3/c17-9-5-7-10(8-6-9)18-16(22)14(20)13-11-3-1-2-4-12(11)19-15(13)21/h1-8,13H,(H,18,22)(H,19,21)	NXZASYPXSSHAEY-UHFFFAOYSA-N	chembl_36	298.273	2.0691999999999995	75.27	0.0625	O=C(Nc1ccccc1)C(=O)C1C(=O)Nc2ccccc21	3.0	2.0	True	6.0
CHEMBL1205872	Cc1ccc(S(=O)(=O)/C=C/c2ccccc2)cc1	InChI=1S/C15H14O2S/c1-13-7-9-15(10-8-13)18(16,17)12-11-14-5-3-2-4-6-14/h2-12H,1H3/b12-11+	PIALZYNUNCIZLT-VAWYXSNFSA-N	chembl_36	258.34200000000004	3.4396200000000023	34.14	0.06666666666666667	O=S(=O)(/C=C/c1ccccc1)c1ccccc1	2.0	0.0	True	6.0
CHEMBL2395815	Cn1nccc1CNS(=O)(=O)c1nccs1	InChI=1S/C8H10N4O2S2/c1-12-7(2-3-10-12)6-11-16(13,14)8-9-4-5-15-8/h2-5,11H,6H2,1H3	WMLCOSWYIHWMTE-UHFFFAOYSA-N	chembl_36	258.328	0.3550999999999999	76.88	0.25	O=S(=O)(NCc1ccn[nH]1)c1nccs1	6.0	1.0	True	5.0
CHEMBL455471	C/C(=C1/CCOC1=O)[C@@H](O)[C@@H]1OCC[C@@H](O)[C@H]1O	InChI=1S/C12H18O6/c1-6(7-2-4-18-12(7)16)9(14)11-10(15)8(13)3-5-17-11/h8-11,13-15H,2-5H2,1H3/b7-6+/t8-,9-,10-,11+/m1/s1	WFDVOZUFGQXBMN-GICOJTESSA-N	chembl_36	258.27	-0.8786000000000003	96.22000000000001	0.75	O=C1OCCC1=CC[C@H]1CCCCO1	6.0	3.0	True	6.0
CHEMBL2618542	CN(Cc1nnc(C2CC2)o1)OCc1ccccc1	InChI=1S/C14H17N3O2/c1-17(18-10-11-5-3-2-4-6-11)9-13-15-16-14(19-13)12-7-8-12/h2-6,12H,7-10H2,1H3	GJEUUABOXDCXTP-UHFFFAOYSA-N	chembl_36	259.30899999999997	2.5106	51.39	0.42857142857142855	c1ccc(CONCc2nnc(C3CC3)o2)cc1	5.0	0.0	True	6.0
CHEMBL292383	Nc1ccccc1-c1cc[nH]c2c3ccccc3nc1-2	InChI=1S/C17H13N3/c18-14-7-3-1-5-11(14)12-9-10-19-16-13-6-2-4-8-15(13)20-17(12)16/h1-10,19H,18H2	XXNQMFVXVHEDEQ-UHFFFAOYSA-N	chembl_36	259.312	3.916900000000002	54.7	0.0	c1ccc(-c2cc[nH]c3c4ccccc4nc2-3)cc1	2.0	2.0	True	6.0
CHEMBL2471907	O=C1c2ccc(Cl)cc2CCN1c1cccnc1	InChI=1S/C14H11ClN2O/c15-11-3-4-13-10(8-11)5-7-17(14(13)18)12-2-1-6-16-9-12/h1-4,6,8-9H,5,7H2	FBEWBUQUJHVHSR-UHFFFAOYSA-N	chembl_36	258.70799999999997	2.937900000000001	33.2	0.14285714285714285	O=C1c2ccccc2CCN1c1cccnc1	2.0	0.0	True	6.0
CHEMBL240359	O=C(O)c1ccc2c(c1)CCc1cc(Cl)ccc1-2	InChI=1S/C15H11ClO2/c16-12-4-6-14-10(8-12)2-1-9-7-11(15(17)18)3-5-13(9)14/h3-8H,1-2H2,(H,17,18)	BWULSTPROIYNKK-UHFFFAOYSA-N	chembl_36	258.70399999999995	3.8038000000000016	37.3	0.13333333333333333	c1ccc2c(c1)CCc1ccccc1-2	1.0	1.0	True	6.0
CHEMBL2582065	C[C@@H](Cc1cnccn1)N(C)C(=O)c1cccn1C	InChI=1S/C14H18N4O/c1-11(9-12-10-15-6-7-16-12)18(3)14(19)13-5-4-8-17(13)2/h4-8,10-11H,9H2,1-3H3/t11-/m0/s1	VAHKULQBFNARQL-NSHDSACASA-N	chembl_36	258.325	1.5183	51.02	0.35714285714285715	O=C(NCCc1cnccn1)c1ccc[nH]1	4.0	0.0	True	6.0
CHEMBL1357907	CC(=O)Nc1nc2ccc(-c3ccsc3)cn2n1	InChI=1S/C12H10N4OS/c1-8(17)13-12-14-11-3-2-9(6-16(11)15-12)10-4-5-18-7-10/h2-7H,1H3,(H,13,15,17)	KUCZZOLXOHHCEA-UHFFFAOYSA-N	chembl_36	258.306	2.4162	59.290000000000006	0.08333333333333333	c1nc2ccc(-c3ccsc3)cn2n1	5.0	1.0	True	6.0
CHEMBL1233716	Cn1c(N)c(C(=O)c2ccccc2)c(=O)n(C)c1=O	InChI=1S/C13H13N3O3/c1-15-11(14)9(12(18)16(2)13(15)19)10(17)8-6-4-3-5-7-8/h3-7H,14H2,1-2H3	JGBATMBLVOPHCU-UHFFFAOYSA-N	chembl_36	259.265	-0.10279999999999978	87.09	0.15384615384615385	O=C(c1ccccc1)c1c[nH]c(=O)[nH]c1=O	6.0	1.0	True	6.0
CHEMBL1855400	Cc1cc(C(=O)N2CCN(c3nc4c(C)cccc4s3)CC2)no1	InChI=1S/C17H18N4O2S/c1-11-4-3-5-14-15(11)18-17(24-14)21-8-6-20(7-9-21)16(22)13-10-12(2)23-19-13/h3-5,10H,6-9H2,1-2H3	VKOGFZKGPYIIDL-UHFFFAOYSA-N	chembl_36	342.4240000000001	2.8635400000000013	62.470000000000006	0.35294117647058826	O=C(c1ccon1)N1CCN(c2nc3ccccc3s2)CC1	6.0	0.0	True	6.0
CHEMBL557966	N=C(N)c1ccc(OCCCCCOc2ccc(C(=N)N)nc2)cn1	InChI=1S/C17H22N6O2/c18-16(19)14-6-4-12(10-22-14)24-8-2-1-3-9-25-13-5-7-15(17(20)21)23-11-13/h4-7,10-11H,1-3,8-9H2,(H3,18,19)(H3,20,21)	ZJHDAFUHUIWBIM-UHFFFAOYSA-N	chembl_36	342.40299999999996	1.6728399999999999	143.98000000000002	0.29411764705882354	c1cncc(OCCCCCOc2cccnc2)c1	6.0	4.0	True	6.0
CHEMBL2026315	CS(=O)(=O)c1ccccc1-c1ccc(-c2ccc(N)nc2)c(F)c1	InChI=1S/C18H15FN2O2S/c1-24(22,23)17-5-3-2-4-15(17)12-6-8-14(16(19)10-12)13-7-9-18(20)21-11-13/h2-11H,1H3,(H2,20,21)	PBFZKZOCBAUDNE-UHFFFAOYSA-N	chembl_36	342.39500000000004	3.5404000000000018	73.05	0.05555555555555555	c1ccc(-c2ccc(-c3cccnc3)cc2)cc1	4.0	1.0	True	6.0
CHEMBL2203973	C[C@@H]1[C@H]2C[C@@]34COC(=O)[C@H]3CC=C[C@H]4[C@@]13C[C@H](c1ccoc1)O[C@H]3O2	InChI=1S/C20H22O5/c1-11-14-7-19-10-23-17(21)13(19)3-2-4-16(19)20(11)8-15(25-18(20)24-14)12-5-6-22-9-12/h2,4-6,9,11,13-16,18H,3,7-8,10H2,1H3/t11-,13-,14-,15-,16-,18-,19-,20-/m1/s1	JQHRRMYSQRDDFZ-RMQXKSBMSA-N	chembl_36	342.3910000000001	3.2276000000000016	57.900000000000006	0.65	O=C1OC[C@@]23C[C@@H]4C[C@]5(C[C@H](c6ccoc6)O[C@H]5O4)[C@@H]2C=CC[C@H]13	5.0	0.0	True	6.0
CHEMBL1935068	COc1cc(N2CCC3(CCCN3Cc3cnn(C)c3)CC2)ncn1	InChI=1S/C18H26N6O/c1-22-12-15(11-21-22)13-24-7-3-4-18(24)5-8-23(9-6-18)16-10-17(25-2)20-14-19-16/h10-12,14H,3-9,13H2,1-2H3	LXPYBZMQHMQOFC-UHFFFAOYSA-N	chembl_36	342.4470000000001	1.8537	59.31	0.6111111111111112	c1cc(N2CCC3(CCCN3Cc3cn[nH]c3)CC2)ncn1	7.0	0.0	True	6.0
CHEMBL819144	Cc1cn2c(=O)c(C(=O)NCc3ccc4c(c3)OCO4)cnc2s1	InChI=1S/C16H13N3O4S/c1-9-7-19-15(21)11(6-18-16(19)24-9)14(20)17-5-10-2-3-12-13(4-10)23-8-22-12/h2-4,6-7H,5,8H2,1H3,(H,17,20)	BMRBXMZAMXITQH-UHFFFAOYSA-N	chembl_36	343.36400000000003	1.7231199999999995	81.93	0.1875	O=C(NCc1ccc2c(c1)OCO2)c1cnc2sccn2c1=O	7.0	1.0	True	6.0
CHEMBL457832	c1cc(Nc2ncnc3[nH]ccc23)cc(-c2nc3ccccc3s2)c1	InChI=1S/C19H13N5S/c1-2-7-16-15(6-1)24-19(25-16)12-4-3-5-13(10-12)23-18-14-8-9-20-17(14)21-11-22-18/h1-11H,(H2,20,21,22,23)	BMGGDZTXJBWQCN-UHFFFAOYSA-N	chembl_36	343.415	4.978200000000002	66.49000000000001	0.0	c1cc(Nc2ncnc3[nH]ccc23)cc(-c2nc3ccccc3s2)c1	5.0	2.0	True	6.0
CHEMBL710973	COC(=O)c1oc2ccccc2c1NC(=O)CSc1ccccn1	InChI=1S/C17H14N2O4S/c1-22-17(21)16-15(11-6-2-3-7-12(11)23-16)19-13(20)10-24-14-8-4-5-9-18-14/h2-9H,10H2,1H3,(H,19,20)	LTGBDHHFKQLPSS-UHFFFAOYSA-N	chembl_36	342.37600000000003	3.345200000000001	81.42999999999999	0.11764705882352941	O=C(CSc1ccccn1)Nc1coc2ccccc12	6.0	1.0	True	6.0
CHEMBL2619912	CN(C(=O)NCCC1=CCCCC1)C1CCN(c2ccccn2)CC1	InChI=1S/C20H30N4O/c1-23(20(25)22-14-10-17-7-3-2-4-8-17)18-11-15-24(16-12-18)19-9-5-6-13-21-19/h5-7,9,13,18H,2-4,8,10-12,14-16H2,1H3,(H,22,25)	RRBVTTKIJLMARR-UHFFFAOYSA-N	chembl_36	342.487	3.5823000000000027	48.470000000000006	0.6	O=C(NCCC1=CCCCC1)NC1CCN(c2ccccn2)CC1	3.0	1.0	True	6.0
CHEMBL1223539	CC1CCCCC1NC(=O)CCS(=O)(=O)c1ccc(Cl)cc1	InChI=1S/C16H22ClNO3S/c1-12-4-2-3-5-15(12)18-16(19)10-11-22(20,21)14-8-6-13(17)7-9-14/h6-9,12,15H,2-5,10-11H2,1H3,(H,18,19)	TVEYYJXTRRYEQQ-UHFFFAOYSA-N	chembl_36	343.876	3.1987000000000014	63.24	0.5625	O=C(CCS(=O)(=O)c1ccccc1)NC1CCCCC1	3.0	1.0	True	6.0
CHEMBL1438928	CNc1nc(Nc2ccc(-c3nnnn3C)cc2Cl)ncc1C(F)(F)F	InChI=1S/C14H12ClF3N8/c1-19-11-8(14(16,17)18)6-20-13(22-11)21-10-4-3-7(5-9(10)15)12-23-24-25-26(12)2/h3-6H,1-2H3,(H2,19,20,21,22)	WWSWXMYEELUOBP-UHFFFAOYSA-N	chembl_36	384.75300000000004	3.124600000000001	93.44000000000001	0.21428571428571427	c1cnc(Nc2ccc(-c3nnn[nH]3)cc2)nc1	8.0	2.0	True	6.0
CHEMBL1226330	COc1ccc(-c2coc3c(C(=O)NCCc4ccccc4)cccc23)c(C)c1	InChI=1S/C25H23NO3/c1-17-15-19(28-2)11-12-20(17)23-16-29-24-21(23)9-6-10-22(24)25(27)26-14-13-18-7-4-3-5-8-18/h3-12,15-16H,13-14H2,1-2H3,(H,26,27)	LMAVJQPNUFSEQP-UHFFFAOYSA-N	chembl_36	385.4630000000001	5.389320000000004	51.47	0.16	O=C(NCCc1ccccc1)c1cccc2c(-c3ccccc3)coc12	3.0	1.0	True	6.0
CHEMBL613933	O=C(c1cc(-c2ccc(Cl)cc2)n(-c2ccc(F)cc2)n1)N1CCNCC1	InChI=1S/C20H18ClFN4O/c21-15-3-1-14(2-4-15)19-13-18(20(27)25-11-9-23-10-12-25)24-26(19)17-7-5-16(22)6-8-17/h1-8,13,23H,9-12H2	YNIBFQFRPICJDT-UHFFFAOYSA-N	chembl_36	384.84200000000016	3.377200000000002	50.160000000000004	0.2	O=C(c1cc(-c2ccccc2)n(-c2ccccc2)n1)N1CCNCC1	4.0	1.0	True	6.0
CHEMBL864186	CN(C)c1ncc2nc(-c3ccc(Cl)cc3)c(=O)n(C[C@H]3CCCO3)c2n1	InChI=1S/C19H20ClN5O2/c1-24(2)19-21-10-15-17(23-19)25(11-14-4-3-9-27-14)18(26)16(22-15)12-5-7-13(20)8-6-12/h5-8,10,14H,3-4,9,11H2,1-2H3/t14-/m1/s1	MKANGCOFGPCQGK-CQSZACIVSA-N	chembl_36	385.85500000000025	2.751900000000001	73.14	0.3684210526315789	O=c1c(-c2ccccc2)nc2cncnc2n1C[C@H]1CCCO1	7.0	0.0	True	6.0
CHEMBL41474	O=C(O)c1ccc(NCCCCCCCCCC/C=C/c2cccs2)cc1	InChI=1S/C23H31NO2S/c25-23(26)20-14-16-21(17-15-20)24-18-10-8-6-4-2-1-3-5-7-9-12-22-13-11-19-27-22/h9,11-17,19,24H,1-8,10,18H2,(H,25,26)/b12-9+	GAGXISMREVFFDO-FMIVXFBMSA-N	chembl_36	385.5729999999999	7.082500000000007	49.33	0.43478260869565216	C(=C/c1cccs1)\CCCCCCCCCCNc1ccccc1	3.0	2.0	True	6.0
CHEMBL1891612	Cc1nnsc1C(=O)N1CCN(C(=O)C2CCC2)[C@@H]2CS(=O)(=O)C[C@@H]21	InChI=1S/C15H20N4O4S2/c1-9-13(24-17-16-9)15(21)19-6-5-18(14(20)10-3-2-4-10)11-7-25(22,23)8-12(11)19/h10-12H,2-8H2,1H3/t11-,12+/m1/s1	FSMFNJMGAIYTPX-NEPJUHHUSA-N	chembl_36	384.4830000000001	0.09662000000000015	100.53999999999999	0.7333333333333333	O=C(C1CCC1)N1CCN(C(=O)c2cnns2)[C@H]2CS(=O)(=O)C[C@H]21	7.0	0.0	True	6.0
CHEMBL95078	O=C1C(Cl)=C(Nc2ccc(Cl)cc2)C(=O)c2[nH]c(-c3ccccn3)nc21	InChI=1S/C18H10Cl2N4O2/c19-9-4-6-10(7-5-9)22-13-12(20)16(25)14-15(17(13)26)24-18(23-14)11-3-1-2-8-21-11/h1-8,22H,(H,23,24)	PSQOXAOZNHIMKR-UHFFFAOYSA-N	chembl_36	385.2100000000001	4.066600000000003	87.74	0.0	O=C1C=C(Nc2ccccc2)C(=O)c2[nH]c(-c3ccccn3)nc21	5.0	2.0	True	6.0
CHEMBL2652608	O=C(N[C@H]1CCOC[C@@H]1OCc1cscn1)c1cccc(-c2ncc[nH]2)c1	InChI=1S/C19H20N4O3S/c24-19(14-3-1-2-13(8-14)18-20-5-6-21-18)23-16-4-7-25-10-17(16)26-9-15-11-27-12-22-15/h1-3,5-6,8,11-12,16-17H,4,7,9-10H2,(H,20,21)(H,23,24)/t16-,17-/m0/s1	FVAFBTQKFRGBIO-IRXDYDNUSA-N	chembl_36	384.46100000000007	2.6372999999999998	89.13	0.3157894736842105	O=C(N[C@H]1CCOC[C@@H]1OCc1cscn1)c1cccc(-c2ncc[nH]2)c1	6.0	2.0	True	6.0
CHEMBL2262895	c1cc(-c2ccc3ncnc(Nc4cccnn4)c3c2)cc(N2CCOCC2)c1	InChI=1S/C22H20N6O/c1-3-16(13-18(4-1)28-9-11-29-12-10-28)17-6-7-20-19(14-17)22(24-15-23-20)26-21-5-2-8-25-27-21/h1-8,13-15H,9-12H2,(H,23,24,26,27)	PFNSBSRTXYTNDC-UHFFFAOYSA-N	chembl_36	384.4430000000002	3.6670000000000016	76.06	0.18181818181818182	c1cc(-c2ccc3ncnc(Nc4cccnn4)c3c2)cc(N2CCOCC2)c1	7.0	1.0	True	6.0
CHEMBL730645	O=C(CN(Cc1ccc(F)cc1)C(=O)c1ccco1)NCc1ccc(F)cc1	InChI=1S/C21H18F2N2O3/c22-17-7-3-15(4-8-17)12-24-20(26)14-25(21(27)19-2-1-11-28-19)13-16-5-9-18(23)10-6-16/h1-11H,12-14H2,(H,24,26)	YZMXNBFNVCMCHS-UHFFFAOYSA-N	chembl_36	384.38200000000006	3.516600000000002	62.550000000000004	0.14285714285714285	O=C(CN(Cc1ccccc1)C(=O)c1ccco1)NCc1ccccc1	3.0	1.0	True	6.0
CHEMBL2891618	O=c1c2ccccc2n(CC(O)CN(Cc2ccccc2)Cc2ccccc2)c2ccccc12	InChI=1S/C30H28N2O2/c33-25(21-31(19-23-11-3-1-4-12-23)20-24-13-5-2-6-14-24)22-32-28-17-9-7-15-26(28)30(34)27-16-8-10-18-29(27)32/h1-18,25,33H,19-22H2	QGLBRIJXYZJINR-UHFFFAOYSA-N	chembl_36	448.56600000000014	5.218000000000005	45.470000000000006	0.16666666666666666	O=c1c2ccccc2n(CCCN(Cc2ccccc2)Cc2ccccc2)c2ccccc12	4.0	1.0	True	6.0
CHEMBL831642	COc1ccc(CNC(=O)C(=O)NCC(c2ccco2)S(=O)(=O)c2cccs2)cc1	InChI=1S/C20H20N2O6S2/c1-27-15-8-6-14(7-9-15)12-21-19(23)20(24)22-13-17(16-4-2-10-28-16)30(25,26)18-5-3-11-29-18/h2-11,17H,12-13H2,1H3,(H,21,23)(H,22,24)	LEILVZPUTBDXLN-UHFFFAOYSA-N	chembl_36	448.5220000000001	2.2973	114.70999999999998	0.2	O=C(NCc1ccccc1)C(=O)NCC(c1ccco1)S(=O)(=O)c1cccs1	7.0	2.0	True	6.0
CHEMBL998989	COc1ccc(Cc2noc(CN3CCN(C4CCc5ccccc5C4)CC3)n2)cc1OC	InChI=1S/C26H32N4O3/c1-31-23-10-7-19(15-24(23)32-2)16-25-27-26(33-28-25)18-29-11-13-30(14-12-29)22-9-8-20-5-3-4-6-21(20)17-22/h3-7,10,15,22H,8-9,11-14,16-18H2,1-2H3	FPERDVXBFUMNAE-UHFFFAOYSA-N	chembl_36	448.5670000000003	3.3527000000000022	63.860000000000014	0.46153846153846156	c1ccc(Cc2noc(CN3CCN(C4CCc5ccccc5C4)CC3)n2)cc1	7.0	0.0	True	6.0
CHEMBL3026263	C[C@H](NC(=O)[C@@H](CCc1ccccc1)NC1CCCC1)C(=O)NCc1ccc(C(=N)N)cc1	InChI=1S/C26H35N5O2/c1-18(25(32)29-17-20-11-14-21(15-12-20)24(27)28)30-26(33)23(31-22-9-5-6-10-22)16-13-19-7-3-2-4-8-19/h2-4,7-8,11-12,14-15,18,22-23,31H,5-6,9-10,13,16-17H2,1H3,(H3,27,28)(H,29,32)(H,30,33)/t18-,23+/m0/s1	JRUBSEZNDNPDGW-FDDCHVKYSA-N	chembl_36	449.5990000000003	2.62517	120.10000000000001	0.4230769230769231	O=C(CNC(=O)[C@@H](CCc1ccccc1)NC1CCCC1)NCc1ccccc1	4.0	5.0	True	6.0
CHEMBL54828	O=C(O)[C@H](Cc1ccccc1)NC(=O)[C@H](CC#Cc1ccccc1F)NCP(=O)(O)O	InChI=1S/C21H22FN2O6P/c22-17-11-5-4-9-16(17)10-6-12-18(23-14-31(28,29)30)20(25)24-19(21(26)27)13-15-7-2-1-3-8-15/h1-5,7-9,11,18-19,23H,12-14H2,(H,24,25)(H,26,27)(H2,28,29,30)/t18-,19-/m0/s1	FHUNSTCXYNMIRB-OALUTQOASA-N	chembl_36	448.38700000000006	1.4727999999999999	135.96	0.23809523809523808	O=C(CCC#Cc1ccccc1)NCCc1ccccc1	4.0	5.0	True	6.0
CHEMBL2420551	O=C(c1ccc([N+](=O)[O-])o1)N1CCC2(CC1)CC(NS(=O)(=O)c1ccccc1)CCO2	InChI=1S/C20H23N3O7S/c24-19(17-6-7-18(30-17)23(25)26)22-11-9-20(10-12-22)14-15(8-13-29-20)21-31(27,28)16-4-2-1-3-5-16/h1-7,15,21H,8-14H2	KGLWDDFXFZQVBC-UHFFFAOYSA-N	chembl_36	449.4850000000001	2.3201	131.98999999999998	0.45	O=C(c1ccco1)N1CCC2(CC1)CC(NS(=O)(=O)c1ccccc1)CCO2	7.0	1.0	True	6.0
CHEMBL3020450	CN(C)S(=O)(=O)N(Cc1ncc(-c2nnc(C(F)F)o2)s1)c1cccc(Cl)c1	InChI=1S/C15H14ClF2N5O3S2/c1-22(2)28(24,25)23(10-5-3-4-9(16)6-10)8-12-19-7-11(27-12)14-20-21-15(26-14)13(17)18/h3-7,13H,8H2,1-2H3	ONOLDGTZPGAMPD-UHFFFAOYSA-N	chembl_36	449.89200000000005	3.597100000000002	92.43	0.26666666666666666	c1ccc(NCc2ncc(-c3nnco3)s2)cc1	7.0	0.0	True	6.0
CHEMBL2434073	COc1ccc2[nH]c3c(-c4ccco4)[n+](Cc4ccc(C)cc4)ccc3c2c1.[Br-]	InChI=1S/C24H20N2O2.BrH/c1-16-5-7-17(8-6-16)15-26-12-11-19-20-14-18(27-2)9-10-21(20)25-23(19)24(26)22-4-3-13-28-22;/h3-14H,15H2,1-2H3;1H	NXAQCKXWFCGRFV-UHFFFAOYSA-N	chembl_36	449.3480000000001	2.23792	42.04	0.125	c1ccc(C[n+]2ccc3c([nH]c4ccccc43)c2-c2ccco2)cc1	2.0	1.0	True	6.0
CHEMBL861671	CC1(OC(=O)C2CCCC2)C(=O)C=C2C=C(c3ccsc3)N(Cc3ccco3)C=C2C1=O	InChI=1S/C25H23NO5S/c1-25(31-24(29)16-5-2-3-6-16)22(27)12-18-11-21(17-8-10-32-15-17)26(14-20(18)23(25)28)13-19-7-4-9-30-19/h4,7-12,14-16H,2-3,5-6,13H2,1H3	FUAYWBMACVPWSZ-UHFFFAOYSA-N	chembl_36	449.5280000000002	4.652000000000005	76.82000000000001	0.32	O=C(OC1C(=O)C=C2C=C(c3ccsc3)N(Cc3ccco3)C=C2C1=O)C1CCCC1	7.0	0.0	True	6.0
CHEMBL3107888	CC(=O)Nc1cccc(-c2cc(-c3cnn(C4(CC#N)CC(C#N)C4)n3)c3cccnc3c2)n1	InChI=1S/C25H20N8O/c1-16(34)30-24-6-2-5-21(31-24)18-10-20(19-4-3-9-28-22(19)11-18)23-15-29-33(32-23)25(7-8-26)12-17(13-25)14-27/h2-6,9-11,15,17H,7,12-13H2,1H3,(H,30,31,34)	BAGPCYUSACRSGS-UHFFFAOYSA-N	chembl_36	448.4900000000002	4.056260000000003	133.17000000000002	0.24	c1ccc(-c2cc(-c3cnn(C4CCC4)n3)c3cccnc3c2)nc1	8.0	1.0	True	6.0
CHEMBL2884523	O=C(Cc1ccc(NS(=O)(=O)c2cc(Cl)c(Cl)s2)nc1)N1CCOCC1	InChI=1S/C15H15Cl2N3O4S2/c16-11-8-14(25-15(11)17)26(22,23)19-12-2-1-10(9-18-12)7-13(21)20-3-5-24-6-4-20/h1-2,8-9H,3-7H2,(H,18,19)	PCKGMWOJWPLVHP-UHFFFAOYSA-N	chembl_36	436.3420000000002	2.652000000000001	88.6	0.3333333333333333	O=C(Cc1ccc(NS(=O)(=O)c2cccs2)nc1)N1CCOCC1	6.0	1.0	True	6.0
CHEMBL681542	O=C(O)c1c(Cc2ccco2)c(=O)c2ccccc2n1Cc1cc2c(cc1Cl)OCO2	InChI=1S/C23H16ClNO6/c24-17-10-20-19(30-12-31-20)8-13(17)11-25-18-6-2-1-5-15(18)22(26)16(21(25)23(27)28)9-14-4-3-7-29-14/h1-8,10H,9,11-12H2,(H,27,28)	GURBRUGFXKOMQK-UHFFFAOYSA-N	chembl_36	437.83500000000026	4.313900000000003	90.9	0.13043478260869565	O=c1c(Cc2ccco2)cn(Cc2ccc3c(c2)OCO3)c2ccccc12	6.0	1.0	True	6.0
CHEMBL1122812	CC(Cc1ccccc1)NCC(c1ccccc1)C1CCCCC1.O=C(O)/C=C\C(=O)O	InChI=1S/C23H31N.C4H4O4/c1-19(17-20-11-5-2-6-12-20)24-18-23(21-13-7-3-8-14-21)22-15-9-4-10-16-22;5-3(6)1-2-4(7)8/h2-3,5-8,11-14,19,22-24H,4,9-10,15-18H2,1H3;1-2H,(H,5,6)(H,7,8)/b;2-1-	BWIBPLJSSIOPPD-BTJKTKAUSA-N	chembl_36	437.5800000000003	5.283100000000004	86.63000000000001	0.4074074074074074	c1ccc(CCNCC(c2ccccc2)C2CCCCC2)cc1	3.0	3.0	True	6.0
CHEMBL2704850	COc1cccc(C(=O)N2CCC(c3nc(-c4ccc5c(c4)OCO5)no3)CC2)c1OC	InChI=1S/C23H23N3O6/c1-28-18-5-3-4-16(20(18)29-2)23(27)26-10-8-14(9-11-26)22-24-21(25-32-22)15-6-7-17-19(12-15)31-13-30-17/h3-7,12,14H,8-11,13H2,1-2H3	VENCOUJPDRPWGY-UHFFFAOYSA-N	chembl_36	437.4520000000003	3.5023000000000026	96.15	0.34782608695652173	O=C(c1ccccc1)N1CCC(c2nc(-c3ccc4c(c3)OCO4)no2)CC1	8.0	0.0	True	6.0
CHEMBL995018	COc1ccccc1N1CCN(S(=O)(=O)c2ccc3c4c(cccc24)C(=O)N3C)CC1	InChI=1S/C23H23N3O4S/c1-24-19-10-11-21(16-6-5-7-17(22(16)19)23(24)27)31(28,29)26-14-12-25(13-15-26)18-8-3-4-9-20(18)30-2/h3-11H,12-15H2,1-2H3	ITIXPPCFQQTDCH-UHFFFAOYSA-N	chembl_36	437.52100000000024	2.949300000000002	70.16	0.2608695652173913	O=C1Nc2ccc(S(=O)(=O)N3CCN(c4ccccc4)CC3)c3cccc1c23	5.0	0.0	True	6.0
CHEMBL215691	NC(=O)c1cc(/C=C/C(=O)N2CCOCC2)ccc1Sc1ccc(Cl)cc1Cl	InChI=1S/C20H18Cl2N2O3S/c21-14-3-5-18(16(22)12-14)28-17-4-1-13(11-15(17)20(23)26)2-6-19(25)24-7-9-27-10-8-24/h1-6,11-12H,7-10H2,(H2,23,26)/b6-2+	SVYQDCOHYDAZPE-QHHAFSJGSA-N	chembl_36	437.34800000000007	4.1155000000000035	72.63000000000001	0.2	O=C(/C=C/c1ccc(Sc2ccccc2)cc1)N1CCOCC1	4.0	1.0	True	6.0
CHEMBL1788824	C[C@H]1C[C@@H](C(=O)Nc2ccc(F)c[n+]2[O-])N(C(=O)[C@H](CC2CCCC2)CN(O)C=O)C1	InChI=1S/C21H29FN4O5/c1-14-8-18(20(28)23-19-7-6-17(22)12-26(19)31)25(10-14)21(29)16(11-24(30)13-27)9-15-4-2-3-5-15/h6-7,12-16,18,30H,2-5,8-11H2,1H3,(H,23,28)/t14-,16+,18-/m0/s1	CFXJUMYNDZACJK-LESCRADOSA-N	chembl_36	436.4840000000003	1.6786999999999999	116.89000000000001	0.6190476190476191	O=C(Nc1cccc[nH+]1)[C@@H]1CCCN1C(=O)CCC1CCCC1	5.0	2.0	True	6.0
CHEMBL3191760	Cc1ccnc(-n2nnc3c2CCN(C(=O)c2ccnc(C(F)(F)F)c2Cl)C3C)c1	InChI=1S/C19H16ClF3N6O/c1-10-3-6-24-14(9-10)29-13-5-8-28(11(2)16(13)26-27-29)18(30)12-4-7-25-17(15(12)20)19(21,22)23/h3-4,6-7,9,11H,5,8H2,1-2H3	FTDIGVJTYPFCPQ-UHFFFAOYSA-N	chembl_36	436.8250000000001	3.7974200000000025	76.80000000000001	0.3157894736842105	O=C(c1ccncc1)N1CCc2c(nnn2-c2ccccn2)C1	6.0	0.0	True	6.0
CHEMBL206165	O=[N+]([O-])/C=C(\Nc1ccc(CCNC[C@H](O)c2cccnc2)cc1)Nc1cccc(F)c1	InChI=1S/C23H24FN5O3/c24-19-4-1-5-21(13-19)28-23(16-29(31)32)27-20-8-6-17(7-9-20)10-12-26-15-22(30)18-3-2-11-25-14-18/h1-9,11,13-14,16,22,26-28,30H,10,12,15H2/b23-16+/t22-/m0/s1	WSYSXRRMUFZVGL-MWLMUJSGSA-N	chembl_36	437.475	3.6860000000000017	112.35000000000001	0.17391304347826086	C=C(Nc1ccccc1)Nc1ccc(CCNCCc2cccnc2)cc1	7.0	4.0	True	6.0
CHEMBL2409664	NS(=O)(=O)c1cc(C(=O)NCCO)c(SC2CCCCC2)cc1Br	InChI=1S/C15H21BrN2O4S2/c16-12-9-13(23-10-4-2-1-3-5-10)11(15(20)18-6-7-19)8-14(12)24(17,21)22/h8-10,19H,1-7H2,(H,18,20)(H2,17,21,22)	MOQPYUBNCWCUAP-UHFFFAOYSA-N	chembl_36	437.3810000000002	2.2434000000000003	109.49000000000001	0.5333333333333333	c1ccc(SC2CCCCC2)cc1	5.0	3.0	True	6.0
CHEMBL1970010	N=C(N)c1ccc2[nH]c(-c3cccc(N4CCCCC4)n3)cc2c1	InChI=1S/C19H21N5/c20-19(21)13-7-8-15-14(11-13)12-17(22-15)16-5-4-6-18(23-16)24-9-2-1-3-10-24/h4-8,11-12,22H,1-3,9-10H2,(H3,20,21)	OQIRNRXCCUYMFO-UHFFFAOYSA-N	chembl_36	319.41200000000003	3.5042700000000027	81.78999999999999	0.2631578947368421	c1cc(-c2cc3ccccc3[nH]2)nc(N2CCCCC2)c1	3.0	3.0	True	6.0
CHEMBL2133679	CCN1CC(C(=O)NCCCc2cccc(OC)n2)=C(O)C1=O	InChI=1S/C16H21N3O4/c1-3-19-10-12(14(20)16(19)22)15(21)17-9-5-7-11-6-4-8-13(18-11)23-2/h4,6,8,20H,3,5,7,9-10H2,1-2H3,(H,17,21)	DOJAFXZQIFXNTP-UHFFFAOYSA-N	chembl_36	319.36100000000005	0.8131999999999999	91.76000000000002	0.4375	O=C1C=C(C(=O)NCCCc2ccccn2)CN1	5.0	2.0	True	6.0
CHEMBL1858195	O=C1CC2(CCN(c3nncs3)C2)CN1c1cccc(F)c1	InChI=1S/C15H15FN4OS/c16-11-2-1-3-12(6-11)20-9-15(7-13(20)21)4-5-19(8-15)14-18-17-10-22-14/h1-3,6,10H,4-5,7-9H2	OBJDDWCGLNCPTA-UHFFFAOYSA-N	chembl_36	318.377	2.3106	49.330000000000005	0.4	O=C1CC2(CCN(c3nncs3)C2)CN1c1ccccc1	5.0	0.0	True	6.0
CHEMBL1781539	N#Cc1cccc(C(=O)Nc2cncc(Oc3cncnc3)n2)c1	InChI=1S/C16H10N6O2/c17-5-11-2-1-3-12(4-11)16(23)22-14-8-18-9-15(21-14)24-13-6-19-10-20-7-13/h1-4,6-10H,(H,21,22,23)	RUVGOQTXBMVHCG-UHFFFAOYSA-N	chembl_36	318.296	2.182879999999999	113.68	0.0	O=C(Nc1cncc(Oc2cncnc2)n1)c1ccccc1	7.0	1.0	True	6.0
CHEMBL178813	CN(C)CC1=C(CN(C)C)C2c3ccccc3C1c1ccccc12	InChI=1S/C22H26N2/c1-23(2)13-19-20(14-24(3)4)22-17-11-7-5-9-15(17)21(19)16-10-6-8-12-18(16)22/h5-12,21-22H,13-14H2,1-4H3	BWLGRNNLCAEIKQ-UHFFFAOYSA-N	chembl_36	318.46400000000006	3.697200000000003	6.48	0.36363636363636365	C1=CC2c3ccccc3C1c1ccccc12	2.0	0.0	True	6.0
CHEMBL1526868	O=c1ccn(C/C=C/c2ccccc2)c(=O)n1Cc1ccccc1	InChI=1S/C20H18N2O2/c23-19-13-15-21(14-7-12-17-8-3-1-4-9-17)20(24)22(19)16-18-10-5-2-6-11-18/h1-13,15H,14,16H2/b12-7+	BCRLHAKVXNWPJC-KPKJPENVSA-N	chembl_36	318.37600000000003	2.771700000000001	44.0	0.1	O=c1ccn(C/C=C/c2ccccc2)c(=O)n1Cc1ccccc1	4.0	0.0	True	6.0
CHEMBL3081046	CN(C)C(=O)C1(C)CCN(C[C@H]2COc3ccccc3O2)CC1	InChI=1S/C18H26N2O3/c1-18(17(21)19(2)3)8-10-20(11-9-18)12-14-13-22-15-6-4-5-7-16(15)23-14/h4-7,14H,8-13H2,1-3H3/t14-/m0/s1	CXVQXJAGWNCEQH-AWEZNQCLSA-N	chembl_36	318.4170000000001	2.0166999999999993	42.010000000000005	0.6111111111111112	c1ccc2c(c1)OC[C@H](CN1CCCCC1)O2	4.0	0.0	True	6.0
CHEMBL170750	COc1ccc(-n2sc3c(OC)nc(OC)nc3c2=O)cc1	InChI=1S/C14H13N3O4S/c1-19-9-6-4-8(5-7-9)17-13(18)10-11(22-17)12(20-2)16-14(15-10)21-3/h4-7H,1-3H3	BXEWKMIHXSBUJM-UHFFFAOYSA-N	chembl_36	319.34200000000004	1.8679999999999997	75.47	0.21428571428571427	O=c1c2ncncc2sn1-c1ccccc1	8.0	0.0	True	6.0
CHEMBL2603975	OC1CCC(N[C@H](c2cccnc2)c2ccc(F)c(F)c2)CC1	InChI=1S/C18H20F2N2O/c19-16-8-3-12(10-17(16)20)18(13-2-1-9-21-11-13)22-14-4-6-15(23)7-5-14/h1-3,8-11,14-15,18,22-23H,4-7H2/t14?,15?,18-/m0/s1	HHPPJQXKKYGHJM-JMLCCBQJSA-N	chembl_36	318.3670000000001	3.3423000000000016	45.15	0.3888888888888889	c1ccc([C@H](NC2CCCCC2)c2cccnc2)cc1	3.0	2.0	True	6.0
CHEMBL1896974	CCN1CCC(CC(=O)N(C)CC(=O)c2ccc(O)cc2)CC1	InChI=1S/C18H26N2O3/c1-3-20-10-8-14(9-11-20)12-18(23)19(2)13-17(22)15-4-6-16(21)7-5-15/h4-7,14,21H,3,8-13H2,1-2H3	VHTPXXMZFNFKIK-UHFFFAOYSA-N	chembl_36	318.41700000000003	2.1552999999999995	60.85000000000001	0.5555555555555556	O=C(CC1CCNCC1)NCC(=O)c1ccccc1	4.0	1.0	True	6.0
CHEMBL2386778	Cn1c(=O)c2c(nc3n2CCN([C@H]2CCc4ccccc42)C3)n(C)c1=O	InChI=1S/C19H21N5O2/c1-21-17-16(18(25)22(2)19(21)26)24-10-9-23(11-15(24)20-17)14-8-7-12-5-3-4-6-13(12)14/h3-6,14H,7-11H2,1-2H3/t14-/m0/s1	RPKMNDYYVDIVKP-AWEZNQCLSA-N	chembl_36	351.41000000000014	0.9367999999999999	65.06	0.42105263157894735	O=c1[nH]c(=O)c2c(nc3n2CCN([C@H]2CCc4ccccc42)C3)[nH]1	7.0	0.0	True	6.0
CHEMBL273208	O=C(c1nc2ccccc2s1)C1CCN(CCc2ccccc2)CC1	InChI=1S/C21H22N2OS/c24-20(21-22-18-8-4-5-9-19(18)25-21)17-11-14-23(15-12-17)13-10-16-6-2-1-3-7-16/h1-9,17H,10-15H2	VPRVAVBFDXZVEL-UHFFFAOYSA-N	chembl_36	350.4870000000001	4.4337000000000035	33.2	0.3333333333333333	O=C(c1nc2ccccc2s1)C1CCN(CCc2ccccc2)CC1	4.0	0.0	True	6.0
CHEMBL2976299	N#Cc1cnc(OCCN2CCOCC2)nc1-n1cnc2ccccc21	InChI=1S/C18H18N6O2/c19-11-14-12-20-18(26-10-7-23-5-8-25-9-6-23)22-17(14)24-13-21-15-3-1-2-4-16(15)24/h1-4,12-13H,5-10H2	CWBYKUAZOGDETQ-UHFFFAOYSA-N	chembl_36	350.382	1.3981799999999993	89.08999999999999	0.3333333333333333	c1ccc2c(c1)ncn2-c1ccnc(OCCN2CCOCC2)n1	8.0	0.0	True	6.0
CHEMBL1112473	CC(C)c1ccc(CCNC(=O)CSC(=S)N2CCCC2)cc1	InChI=1S/C18H26N2OS2/c1-14(2)16-7-5-15(6-8-16)9-10-19-17(21)13-23-18(22)20-11-3-4-12-20/h5-8,14H,3-4,9-13H2,1-2H3,(H,19,21)	JSUJYXXNEKFNHU-UHFFFAOYSA-N	chembl_36	350.55300000000017	3.582600000000003	32.34	0.5555555555555556	O=C(CSC(=S)N1CCCC1)NCCc1ccccc1	3.0	1.0	True	6.0
CHEMBL3027697	COCCCCOc1ccc2cc3c(=O)[nH]c(=O)nc-3oc2c1Cl	InChI=1S/C16H15ClN2O5/c1-22-6-2-3-7-23-11-5-4-9-8-10-14(20)18-16(21)19-15(10)24-13(9)12(11)17/h4-5,8H,2-3,6-7H2,1H3,(H,18,20,21)	FDVXEHDPCBXZLF-UHFFFAOYSA-N	chembl_36	350.75800000000004	2.4398999999999997	94.42	0.3125	O=c1nc2oc3ccccc3cc-2c(=O)[nH]1	6.0	1.0	True	6.0
CHEMBL848488	CC(=O)N1CCc2ccc(S(=O)(=O)Nc3ccccc3Cl)cc21	InChI=1S/C16H15ClN2O3S/c1-11(20)19-9-8-12-6-7-13(10-16(12)19)23(21,22)18-15-5-3-2-4-14(15)17/h2-7,10,18H,8-9H2,1H3	ONBWFKLRLOUSJW-UHFFFAOYSA-N	chembl_36	350.82700000000006	3.049800000000001	66.48	0.1875	O=S(=O)(Nc1ccccc1)c1ccc2c(c1)NCC2	3.0	1.0	True	6.0
CHEMBL2471006	CC(C)Oc1cc(N2CCOC3CC32)nc2c(-c3ccn[nH]3)nccc12	InChI=1S/C19H21N5O2/c1-11(2)26-15-10-17(24-7-8-25-16-9-14(16)24)22-18-12(15)3-5-20-19(18)13-4-6-21-23-13/h3-6,10-11,14,16H,7-9H2,1-2H3,(H,21,23)	UFIHJBPJNYJZNZ-UHFFFAOYSA-N	chembl_36	351.41	2.7846	76.16	0.42105263157894735	c1cc(-c2nccc3ccc(N4CCOC5CC54)nc23)[nH]n1	6.0	1.0	True	6.0
CHEMBL2888970	O=C(Cn1cnc2ccc(F)cc2c1=O)N1CCCCc2ccccc21	InChI=1S/C20H18FN3O2/c21-15-8-9-17-16(11-15)20(26)23(13-22-17)12-19(25)24-10-4-3-6-14-5-1-2-7-18(14)24/h1-2,5,7-9,11,13H,3-4,6,10,12H2	KWULHAQYRUJMKT-UHFFFAOYSA-N	chembl_36	351.3810000000001	2.905100000000002	55.2	0.25	O=C(Cn1cnc2ccccc2c1=O)N1CCCCc2ccccc21	4.0	0.0	True	7.0
CHEMBL3036320	Cc1cccc(-c2nc(-c3ccccc3Cl)[nH]c2C2=CCOCC2)c1	InChI=1S/C21H19ClN2O/c1-14-5-4-6-16(13-14)20-19(15-9-11-25-12-10-15)23-21(24-20)17-7-2-3-8-18(17)22/h2-9,13H,10-12H2,1H3,(H,23,24)	DSQWFIXHBCESOQ-UHFFFAOYSA-N	chembl_36	350.8490000000002	5.509220000000004	37.91	0.19047619047619047	C1=C(c2[nH]c(-c3ccccc3)nc2-c2ccccc2)CCOC1	2.0	1.0	True	6.0
CHEMBL426103	CCOc1ccc2oc(=O)c3c(ccc4[nH]c(=O)cc(C)c43)c2c1OC	InChI=1S/C20H17NO5/c1-4-25-14-8-7-13-17(19(14)24-3)11-5-6-12-16(18(11)20(23)26-13)10(2)9-15(22)21-12/h5-9H,4H2,1-3H3,(H,21,22)	SFCIXTYEKOUYAT-UHFFFAOYSA-N	chembl_36	351.3580000000001	3.503420000000002	81.53	0.2	O=c1ccc2c(ccc3c4ccccc4oc(=O)c23)[nH]1	5.0	1.0	True	6.0
CHEMBL1857299	O=C(C1CC=CC1)N1CC[C@@H]2O[C@H](COCC3CCOCC3)CC[C@@H]21	InChI=1S/C20H31NO4/c22-20(16-3-1-2-4-16)21-10-7-19-18(21)6-5-17(25-19)14-24-13-15-8-11-23-12-9-15/h1-2,15-19H,3-14H2/t17-,18-,19-/m0/s1	OYEJMMBIPXCGLV-FHWLQOOXSA-N	chembl_36	349.4710000000002	2.5443	48.0	0.85	O=C(C1CC=CC1)N1CC[C@@H]2O[C@H](COCC3CCOCC3)CC[C@@H]21	4.0	0.0	True	6.0
CHEMBL1882504	CCN1CCN(c2ccccc2NC(=O)N(C)C2CCSC2)CC1	InChI=1S/C18H28N4OS/c1-3-21-9-11-22(12-10-21)17-7-5-4-6-16(17)19-18(23)20(2)15-8-13-24-14-15/h4-7,15H,3,8-14H2,1-2H3,(H,19,23)	VUYDBAYZBFOQTJ-UHFFFAOYSA-N	chembl_36	348.51600000000025	2.7977000000000007	38.82	0.6111111111111112	O=C(Nc1ccccc1N1CCNCC1)NC1CCSC1	4.0	1.0	True	6.0
CHEMBL1878260	Cc1cccc(N(CCC(N)=O)C(=O)c2cc(-n3cccn3)ccn2)c1	InChI=1S/C19H19N5O2/c1-14-4-2-5-15(12-14)23(11-7-18(20)25)19(26)17-13-16(6-9-21-17)24-10-3-8-22-24/h2-6,8-10,12-13H,7,11H2,1H3,(H2,20,25)	VSENMGNQYRMMBP-UHFFFAOYSA-N	chembl_36	349.394	2.0979200000000002	94.11	0.15789473684210525	O=C(Nc1ccccc1)c1cc(-n2cccn2)ccn1	5.0	1.0	True	6.0
CHEMBL2557045	NC[C@H](NC(=O)c1ccc(C2CCCCC2)[nH]1)c1ncc(CO)s1	InChI=1S/C17H24N4O2S/c18-8-15(17-19-9-12(10-22)24-17)21-16(23)14-7-6-13(20-14)11-4-2-1-3-5-11/h6-7,9,11,15,20,22H,1-5,8,10,18H2,(H,21,23)/t15-/m0/s1	UVMCBLXCHBWNLO-HNNXBMFYSA-N	chembl_36	348.472	2.4410000000000003	104.03	0.5294117647058824	O=C(NCc1nccs1)c1ccc(C2CCCCC2)[nH]1	5.0	4.0	True	6.0
CHEMBL1095529	COc1ccc2c(c1)CCC(C)N2C(=O)C(=O)c1c[nH]c2ccccc12	InChI=1S/C21H20N2O3/c1-13-7-8-14-11-15(26-2)9-10-19(14)23(13)21(25)20(24)17-12-22-18-6-4-3-5-16(17)18/h3-6,9-13,22H,7-8H2,1-2H3	NIUUUYOZCCJELQ-UHFFFAOYSA-N	chembl_36	348.402	3.7271000000000027	62.4	0.23809523809523808	O=C(C(=O)N1CCCc2ccccc21)c1c[nH]c2ccccc12	3.0	1.0	True	6.0
CHEMBL1937689	Cc1noc(C)c1CN1CCCC2(C1)CN(c1nccs1)CCO2	InChI=1S/C17H24N4O2S/c1-13-15(14(2)23-19-13)10-20-6-3-4-17(11-20)12-21(7-8-22-17)16-18-5-9-24-16/h5,9H,3-4,6-8,10-12H2,1-2H3	RKKMJAHSCOAHKG-UHFFFAOYSA-N	chembl_36	348.47200000000004	2.619340000000001	54.63000000000001	0.6470588235294118	c1csc(N2CCOC3(CCCN(Cc4cnoc4)C3)C2)n1	7.0	0.0	True	6.0
CHEMBL598397	O=C(CP(=O)(O)Oc1cccc(C(=O)O)c1)NCc1ccccc1	InChI=1S/C16H16NO6P/c18-15(17-10-12-5-2-1-3-6-12)11-24(21,22)23-14-8-4-7-13(9-14)16(19)20/h1-9H,10-11H2,(H,17,18)(H,19,20)(H,21,22)	AFXFCYYXBMAHCL-UHFFFAOYSA-N	chembl_36	349.27900000000005	2.2654000000000005	112.93000000000002	0.125	O=C(C[PH](=O)Oc1ccccc1)NCc1ccccc1	4.0	3.0	True	6.0
CHEMBL885229	Cc1ccc(-c2c(C(=O)N3CCOCC3)oc(=O)c3ccccc23)cc1	InChI=1S/C21H19NO4/c1-14-6-8-15(9-7-14)18-16-4-2-3-5-17(16)21(24)26-19(18)20(23)22-10-12-25-13-11-22/h2-9H,10-13H2,1H3	OHKLZXUUAUFDSL-UHFFFAOYSA-N	chembl_36	349.38599999999997	3.240820000000002	59.75000000000001	0.23809523809523808	O=C(c1oc(=O)c2ccccc2c1-c1ccccc1)N1CCOCC1	4.0	0.0	True	6.0
CHEMBL2872205	OC(CCN1CCC(Cc2ccccc2)CC1)c1ccc2[nH]ncc2c1	InChI=1S/C22H27N3O/c26-22(19-6-7-21-20(15-19)16-23-24-21)10-13-25-11-8-18(9-12-25)14-17-4-2-1-3-5-17/h1-7,15-16,18,22,26H,8-14H2,(H,23,24)	DLLHDEONAMMACT-UHFFFAOYSA-N	chembl_36	349.478	3.941100000000003	52.15	0.4090909090909091	c1ccc(CC2CCN(CCCc3ccc4[nH]ncc4c3)CC2)cc1	3.0	2.0	True	6.0
CHEMBL508851	Cc1cn([C@@H]2O[C@H](CO)[C@@H](O)[C@H]2O)c(=O)n(Cc2ccccc2)c1=O	InChI=1S/C17H20N2O6/c1-10-7-19(16-14(22)13(21)12(9-20)25-16)17(24)18(15(10)23)8-11-5-3-2-4-6-11/h2-7,12-14,16,20-22H,8-9H2,1H3/t12-,13-,14-,16-/m1/s1	XNEMCLZXTHLYHS-IXYNUQLISA-N	chembl_36	348.355	-1.02178	113.92000000000002	0.4117647058823529	O=c1ccn([C@H]2CCCO2)c(=O)n1Cc1ccccc1	8.0	3.0	True	6.0
CHEMBL919936	C=CCSc1nnc2c(n1)OC(c1ccco1)Nc1ccccc1-2	InChI=1S/C17H14N4O2S/c1-2-10-24-17-19-16-14(20-21-17)11-6-3-4-7-12(11)18-15(23-16)13-8-5-9-22-13/h2-9,15,18H,1,10H2	PREZZVDIIXVFMA-UHFFFAOYSA-N	chembl_36	338.39200000000005	3.9128000000000025	73.07000000000001	0.11764705882352941	c1coc(C2Nc3ccccc3-c3nncnc3O2)c1	7.0	1.0	True	7.0
CHEMBL1200051	O=c1c(Cl)cn(Cc2coc(-c3ccc(F)cc3)n2)cc1Cl	InChI=1S/C15H9Cl2FN2O2/c16-12-6-20(7-13(17)14(12)21)5-11-8-22-15(19-11)9-1-3-10(18)4-2-9/h1-4,6-8H,5H2	QUJVSVXGOHYDMJ-UHFFFAOYSA-N	chembl_36	339.153	3.9975000000000014	48.03	0.06666666666666667	O=c1ccn(Cc2coc(-c3ccccc3)n2)cc1	4.0	0.0	True	6.0
CHEMBL2154344	CCC1CC(=O)NN=C1c1ccc2nc(-c3cc(C)cs3)oc2c1	InChI=1S/C18H17N3O2S/c1-3-11-8-16(22)20-21-17(11)12-4-5-13-14(7-12)23-18(19-13)15-6-10(2)9-24-15/h4-7,9,11H,3,8H2,1-2H3,(H,20,22)	XBOVDQOTNPNLDE-UHFFFAOYSA-N	chembl_36	339.4200000000001	4.114920000000003	67.49000000000001	0.2777777777777778	O=C1CCC(c2ccc3nc(-c4cccs4)oc3c2)=NN1	5.0	1.0	True	6.0
CHEMBL1884095	O=C(CCC1CCCO1)NCCCC(=O)Nc1ccc(Cl)cc1	InChI=1S/C17H23ClN2O3/c18-13-5-7-14(8-6-13)20-17(22)4-1-11-19-16(21)10-9-15-3-2-12-23-15/h5-8,15H,1-4,9-12H2,(H,19,21)(H,20,22)	PRDPLOUJEAMGGJ-UHFFFAOYSA-N	chembl_36	338.83500000000004	3.134100000000001	67.42999999999999	0.5294117647058824	O=C(CCC1CCCO1)NCCCC(=O)Nc1ccccc1	3.0	2.0	True	6.0
CHEMBL2326807	CN1CC[C@H]2CN(S(=O)(=O)c3ccc4c(c3)OCO4)C[C@H]2C1=O	InChI=1S/C15H18N2O5S/c1-16-5-4-10-7-17(8-12(10)15(16)18)23(19,20)11-2-3-13-14(6-11)22-9-21-13/h2-3,6,10,12H,4-5,7-9H2,1H3/t10-,12+/m0/s1	BFIVAXSNSWASSH-CMPLNLGQSA-N	chembl_36	338.38500000000016	0.5140999999999998	76.15	0.5333333333333333	O=C1NCC[C@H]2CN(S(=O)(=O)c3ccc4c(c3)OCO4)C[C@@H]12	5.0	0.0	True	6.0
CHEMBL941121	O=C(Nc1ccc2c(c1)OCO2)C(c1ccccc1)N1CCCCC1	InChI=1S/C20H22N2O3/c23-20(21-16-9-10-17-18(13-16)25-14-24-17)19(15-7-3-1-4-8-15)22-11-5-2-6-12-22/h1,3-4,7-10,13,19H,2,5-6,11-12,14H2,(H,21,23)	HYDMHCCEMFFYQZ-UHFFFAOYSA-N	chembl_36	338.4070000000002	3.581000000000002	50.800000000000004	0.35	O=C(Nc1ccc2c(c1)OCO2)C(c1ccccc1)N1CCCCC1	4.0	1.0	True	6.0
CHEMBL2375934	O=c1c(F)cn(CCc2ccccc2)c(=O)n1CCc1ccccc1	InChI=1S/C20H19FN2O2/c21-18-15-22(13-11-16-7-3-1-4-8-16)20(25)23(19(18)24)14-12-17-9-5-2-6-10-17/h1-10,15H,11-14H2	VQIJBTBYYHIKMI-UHFFFAOYSA-N	chembl_36	338.3820000000001	2.634500000000001	44.0	0.2	O=c1ccn(CCc2ccccc2)c(=O)n1CCc1ccccc1	4.0	0.0	True	6.0
CHEMBL324447	CC(=O)N1CCN(c2nnc(-c3ccc([N+](=O)[O-])s3)s2)CC1	InChI=1S/C12H13N5O3S2/c1-8(18)15-4-6-16(7-5-15)12-14-13-11(22-12)9-2-3-10(21-9)17(19)20/h2-3H,4-7H2,1H3	RSNIAXGUKKGSCQ-UHFFFAOYSA-N	chembl_36	339.4020000000001	1.8433000000000002	92.47	0.4166666666666667	c1csc(-c2nnc(N3CCNCC3)s2)c1	8.0	0.0	True	6.0
CHEMBL2607774	CCOC[C@H]1CCN(Cc2nc3cc(Br)ccc3o2)C1	InChI=1S/C15H19BrN2O2/c1-2-19-10-11-5-6-18(8-11)9-15-17-13-7-12(16)3-4-14(13)20-15/h3-4,7,11H,2,5-6,8-10H2,1H3/t11-/m0/s1	GRPMQHOOARRYSD-NSHDSACASA-N	chembl_36	339.2330000000001	3.4487000000000023	38.5	0.5333333333333333	c1ccc2oc(CN3CCCC3)nc2c1	4.0	0.0	True	6.0
CHEMBL2667345	Cc1cccc2[nH]c([C@@H]3CCCN3CC(=O)Nc3ccn(C)n3)nc12	InChI=1S/C18H22N6O/c1-12-5-3-6-13-17(12)21-18(19-13)14-7-4-9-24(14)11-16(25)20-15-8-10-23(2)22-15/h3,5-6,8,10,14H,4,7,9,11H2,1-2H3,(H,19,21)(H,20,22,25)/t14-/m0/s1	PTDPLRJZEMLYSR-AWEZNQCLSA-N	chembl_36	338.415	2.38042	78.84	0.3888888888888889	O=C(CN1CCC[C@H]1c1nc2ccccc2[nH]1)Nc1cc[nH]n1	5.0	2.0	True	6.0
CHEMBL2070734	C[N+]12CCC(CC1)C(NC(=O)c1cccc3cnccc13)C2	InChI=1S/C18H21N3O/c1-21-9-6-13(7-10-21)17(12-21)20-18(22)16-4-2-3-14-11-19-8-5-15(14)16/h2-5,8,11,13,17H,6-7,9-10,12H2,1H3/p+1	LGEFMGOPEWMNQK-UHFFFAOYSA-O	chembl_36	296.39400000000006	2.2034000000000002	41.99	0.4444444444444444	O=C(NC1C[NH+]2CCC1CC2)c1cccc2cnccc12	2.0	1.0	True	6.0
CHEMBL1907923	CCN(Cc1nc2c(cnn2C)c(=O)[nH]1)c1cccc(C)c1	InChI=1S/C16H19N5O/c1-4-21(12-7-5-6-11(2)8-12)10-14-18-15-13(16(22)19-14)9-17-20(15)3/h5-9H,4,10H2,1-3H3,(H,18,19,22)	YISQFSMSBACSNS-UHFFFAOYSA-N	chembl_36	297.362	1.9915200000000002	66.81	0.3125	O=c1[nH]c(CNc2ccccc2)nc2[nH]ncc12	5.0	1.0	True	6.0
CHEMBL2963797	Cc1nc2nonc2c(N)c1Cn1ccc(-c2ccco2)n1	InChI=1S/C14H12N6O2/c1-8-9(12(15)13-14(16-8)19-22-18-13)7-20-5-4-10(17-20)11-3-2-6-21-11/h2-6H,7,15H2,1H3	PSTAZKNXMHBLRA-UHFFFAOYSA-N	chembl_36	296.29	2.0132199999999996	108.78999999999999	0.14285714285714285	c1coc(-c2ccn(Cc3cnc4nonc4c3)n2)c1	8.0	1.0	True	6.0
CHEMBL1633381	Cn1c(N)c2nc([C@@H]3O[C@H](CO)[C@@H](O)[C@H]3O)nc-2[nH]c1=O	InChI=1S/C11H15N5O5/c1-16-8(12)4-9(15-11(16)20)14-10(13-4)7-6(19)5(18)3(2-17)21-7/h3,5-7,17-19H,2,12H2,1H3,(H,13,14,15,20)/t3-,5-,6-,7-/m1/s1	JLULKTOSTVVFAJ-SHUUEZRQSA-N	chembl_36	297.271	-2.6555999999999993	159.51000000000002	0.5454545454545454	O=c1[nH]cc2nc([C@H]3CCCO3)nc-2[nH]1	9.0	5.0	True	6.0
CHEMBL2408526	O=C1c2ccc(F)cc2C(=O)N1Cc1nnsc1Cl	InChI=1S/C11H5ClFN3O2S/c12-9-8(14-15-19-9)4-16-10(17)6-2-1-5(13)3-7(6)11(16)18/h1-3H,4H2	MXACYSKOVKLMSD-UHFFFAOYSA-N	chembl_36	297.698	2.1268000000000002	63.160000000000004	0.09090909090909091	O=C1c2ccccc2C(=O)N1Cc1csnn1	5.0	0.0	True	6.0
CHEMBL518917	CC(C)c1cc2c(N/N=C\c3ccccc3)ncnc2s1	InChI=1S/C16H16N4S/c1-11(2)14-8-13-15(17-10-18-16(13)21-14)20-19-9-12-6-4-3-5-7-12/h3-11H,1-2H3,(H,17,18,20)/b19-9-	JYGGFDDWDBRRPA-OCKHKDLRSA-N	chembl_36	296.39900000000006	4.260700000000003	50.17	0.1875	C(=N\Nc1ncnc2sccc12)\c1ccccc1	5.0	1.0	True	6.0
CHEMBL3041387	Fc1ccc2c(-c3ccc(N4CCOCC4)nc3)c[nH]c2c1	InChI=1S/C17H16FN3O/c18-13-2-3-14-15(11-19-16(14)9-13)12-1-4-17(20-10-12)21-5-7-22-8-6-21/h1-4,9-11,19H,5-8H2	WKOLPWOWLBJZGD-UHFFFAOYSA-N	chembl_36	297.33299999999997	3.2056000000000013	41.15	0.23529411764705882	c1ccc2c(-c3ccc(N4CCOCC4)nc3)c[nH]c2c1	3.0	1.0	True	6.0
CHEMBL1881572	COCc1noc(-c2cc(Cl)c3c(c2)OCCCO3)n1	InChI=1S/C13H13ClN2O4/c1-17-7-11-15-13(20-16-11)8-5-9(14)12-10(6-8)18-3-2-4-19-12/h5-6H,2-4,7H2,1H3	AVSSHSFLFMDFLC-UHFFFAOYSA-N	chembl_36	296.71000000000004	2.6977	66.61000000000001	0.38461538461538464	c1noc(-c2ccc3c(c2)OCCCO3)n1	6.0	0.0	True	7.0
CHEMBL616656	Clc1ccc2c(c1)-c1ncnn1Cc1c(C3CC3)ncn1-2	InChI=1S/C15H12ClN5/c16-10-3-4-12-11(5-10)15-17-7-19-21(15)6-13-14(9-1-2-9)18-8-20(12)13/h3-5,7-9H,1-2,6H2	FPJZUCHOLOKXEN-UHFFFAOYSA-N	chembl_36	297.74899999999997	3.0233000000000008	48.53	0.26666666666666666	c1ccc2c(c1)-c1ncnn1Cc1c(C3CC3)ncn1-2	5.0	0.0	True	7.0
CHEMBL2691650	O=C1CCC(=O)N1CCCc1ccccc1Br	InChI=1S/C13H14BrNO2/c14-11-6-2-1-4-10(11)5-3-9-15-12(16)7-8-13(15)17/h1-2,4,6H,3,5,7-9H2	SVFBBABMSINTJU-UHFFFAOYSA-N	chembl_36	296.164	2.5307000000000013	37.38	0.38461538461538464	O=C1CCC(=O)N1CCCc1ccccc1	2.0	0.0	True	6.0
CHEMBL1899779	CCCOC(C)C(=O)NCc1cc2n(n1)CCCN(C1CCCCC1)C2	InChI=1S/C20H34N4O2/c1-3-12-26-16(2)20(25)21-14-17-13-19-15-23(10-7-11-24(19)22-17)18-8-5-4-6-9-18/h13,16,18H,3-12,14-15H2,1-2H3,(H,21,25)	XRUQKGOXNGMNEC-UHFFFAOYSA-N	chembl_36	362.5180000000002	2.8528000000000002	59.39	0.8	c1cc2n(n1)CCCN(C1CCCCC1)C2	5.0	1.0	True	7.0
CHEMBL2244440	O=C1C=C[C@@]2(C[C@H](OC(=O)/C=C/c3ccccc3)[C@@H](c3ccccc3)O2)O1	InChI=1S/C22H18O5/c23-19(12-11-16-7-3-1-4-8-16)25-18-15-22(14-13-20(24)26-22)27-21(18)17-9-5-2-6-10-17/h1-14,18,21H,15H2/b12-11+/t18-,21+,22+/m0/s1	SGSAJTBMFFIZRD-ZPPMGONKSA-N	chembl_36	362.38100000000014	3.5825000000000022	61.83000000000001	0.18181818181818182	O=C1C=C[C@@]2(C[C@H](OC(=O)/C=C/c3ccccc3)[C@@H](c3ccccc3)O2)O1	5.0	0.0	True	6.0
CHEMBL207927	CC1CN=C2C(N3CCNCC3)=NC=CN21.O=C(O)C/C=C\CC(=O)O	InChI=1S/C11H17N5.C6H8O4/c1-9-8-14-11-10(13-4-7-16(9)11)15-5-2-12-3-6-15;7-5(8)3-1-2-4-6(9)10/h4,7,9,12H,2-3,5-6,8H2,1H3;1-2H,3-4H2,(H,7,8)(H,9,10)/b;2-1-	DDLRSDUTHPWRGU-BTJKTKAUSA-N	chembl_36	363.4180000000001	0.3695000000000019	117.83	0.5294117647058824	C1=CN2CCN=C2C(N2CCNCC2)=N1	7.0	3.0	True	6.0
CHEMBL1407032	Cc1ccccc1-c1cc2nc(NCc3ccncc3)n(C)c(=O)c2s1	InChI=1S/C20H18N4OS/c1-13-5-3-4-6-15(13)17-11-16-18(26-17)19(25)24(2)20(23-16)22-12-14-7-9-21-10-8-14/h3-11H,12H2,1-2H3,(H,22,23)	FWVIJGPNFVLZIZ-UHFFFAOYSA-N	chembl_36	362.4580000000001	3.977520000000002	59.81	0.15	O=c1[nH]c(NCc2ccncc2)nc2cc(-c3ccccc3)sc12	6.0	1.0	True	6.0
CHEMBL1008105	Cn1nc(C(=O)OCC(=O)N2CCc3ccccc32)c2ccccc2c1=O	InChI=1S/C20H17N3O4/c1-22-19(25)15-8-4-3-7-14(15)18(21-22)20(26)27-12-17(24)23-11-10-13-6-2-5-9-16(13)23/h2-9H,10-12H2,1H3	CLCAGMHNIANBSA-UHFFFAOYSA-N	chembl_36	363.3730000000001	1.6796	81.5	0.2	O=C(OCC(=O)N1CCc2ccccc21)c1n[nH]c(=O)c2ccccc12	6.0	0.0	True	6.0
CHEMBL879039	CCN1CCN(C(=O)NC(c2ccc(C)c(F)c2)C(Cl)Cl)CC1	InChI=1S/C16H22Cl2FN3O/c1-3-21-6-8-22(9-7-21)16(23)20-14(15(17)18)12-5-4-11(2)13(19)10-12/h4-5,10,14-15H,3,6-9H2,1-2H3,(H,20,23)	CVWIZYDBBSYGBZ-UHFFFAOYSA-N	chembl_36	362.27600000000007	3.3260200000000015	35.58	0.5625	O=C(NCc1ccccc1)N1CCNCC1	2.0	1.0	True	6.0
CHEMBL2125426	Cc1cncc(C2=CC[C@H]3[C@@H]4CC[C@H]5CCCCC[C@]5(C)[C@H]4CC[C@]23C)c1	InChI=1S/C26H37N/c1-18-15-19(17-27-16-18)22-10-11-23-21-9-8-20-7-5-4-6-13-25(20,2)24(21)12-14-26(22,23)3/h10,15-17,20-21,23-24H,4-9,11-14H2,1-3H3/t20-,21+,23+,24+,25+,26-/m1/s1	IIOPHUFLDXUMOY-BRSOJCHPSA-N	chembl_36	363.5890000000001	7.206220000000007	12.89	0.7307692307692307	C1=C(c2cccnc2)C2CC[C@@H]3C4CCCCC[C@@H]4CC[C@H]3[C@@H]2C1	1.0	0.0	True	7.0
CHEMBL2381514	Cc1cccc(-n2c(=O)[nH]c3cc(C#N)c(N[C@@H]4CCCC[C@@H]4N)nc32)c1	InChI=1S/C20H22N6O/c1-12-5-4-6-14(9-12)26-19-17(24-20(26)27)10-13(11-21)18(25-19)23-16-8-3-2-7-15(16)22/h4-6,9-10,15-16H,2-3,7-8,22H2,1H3,(H,23,25)(H,24,27)/t15-,16+/m0/s1	JMGNDCFZDMKTJH-JKSUJKDBSA-N	chembl_36	362.4370000000002	2.5756999999999994	112.52	0.35	O=c1[nH]c2ccc(NC3CCCCC3)nc2n1-c1ccccc1	6.0	3.0	True	6.0
CHEMBL2700665	O=C(c1ccc2ncccc2c1)N1CC[C@@]2(CCCN(CC3CC3)C2=O)C1	InChI=1S/C22H25N3O2/c26-20(18-6-7-19-17(13-18)3-1-10-23-19)25-12-9-22(15-25)8-2-11-24(21(22)27)14-16-4-5-16/h1,3,6-7,10,13,16H,2,4-5,8-9,11-12,14-15H2/t22-/m0/s1	QTNCHEXJLSNQBW-QFIPXVFZSA-N	chembl_36	363.4610000000001	3.0995000000000017	53.510000000000005	0.5	O=C(c1ccc2ncccc2c1)N1CC[C@@]2(CCCN(CC3CC3)C2=O)C1	3.0	0.0	True	6.0
CHEMBL482735	OC[C@H]1O[C@@H](O[C@@H]2OC=C[C@H]3[C@H](O)[C@@H]4O[C@]4(CO)[C@@H]23)[C@H](O)[C@@H](O)[C@@H]1O	InChI=1S/C15H22O10/c16-3-6-9(19)10(20)11(21)14(23-6)24-13-7-5(1-2-22-13)8(18)12-15(7,4-17)25-12/h1-2,5-14,16-21H,3-4H2/t5-,6-,7-,8+,9-,10+,11-,12+,13+,14+,15-/m1/s1	LHDWRKICQLTVDL-PZYDOOQISA-N	chembl_36	362.331	-3.590299999999998	161.6	0.8666666666666667	C1=C[C@H]2C[C@@H]3OC3[C@H]2[C@H](O[C@H]2CCCCO2)O1	10.0	6.0	True	6.0
CHEMBL957167	COc1ccccc1C(=O)NCCC(=O)NNC(=O)Cn1ccc(C(F)(F)F)n1	InChI=1S/C17H18F3N5O4/c1-29-12-5-3-2-4-11(12)16(28)21-8-6-14(26)22-23-15(27)10-25-9-7-13(24-25)17(18,19)20/h2-5,7,9H,6,8,10H2,1H3,(H,21,28)(H,22,26)(H,23,27)	XAXJFKDJEJPOHA-UHFFFAOYSA-N	chembl_36	413.35600000000005	0.8779999999999996	114.35000000000001	0.29411764705882354	O=C(CCNC(=O)c1ccccc1)NNC(=O)Cn1cccn1	6.0	3.0	True	6.0
CHEMBL925144	CS(=O)(=O)N(C(=O)NC(=O)OCC1COc2ccccc2O1)C1CCCCC1	InChI=1S/C18H24N2O7S/c1-28(23,24)20(13-7-3-2-4-8-13)17(21)19-18(22)26-12-14-11-25-15-9-5-6-10-16(15)27-14/h5-6,9-10,13-14H,2-4,7-8,11-12H2,1H3,(H,19,21,22)	QWDPCZRHZRDCCJ-UHFFFAOYSA-N	chembl_36	412.4640000000002	2.2668999999999997	111.24000000000002	0.5555555555555556	O=C(NC(=O)OCC1COc2ccccc2O1)NC1CCCCC1	7.0	1.0	True	6.0
CHEMBL2270186	COC(=O)N1CC[C@]23c4c5ccc(OC(C)=O)c4O[C@H]2[C@@H](OC(C)=O)C=C[C@H]3[C@H]1C5	InChI=1S/C22H23NO7/c1-11(24)28-16-6-4-13-10-15-14-5-7-17(29-12(2)25)20-22(14,18(13)19(16)30-20)8-9-23(15)21(26)27-3/h4-7,14-15,17,20H,8-10H2,1-3H3/t14-,15+,17-,20-,22-/m0/s1	UQNPNGYKYYOZAI-HXMMLABLSA-N	chembl_36	413.42600000000016	2.1252000000000004	91.37	0.5	C1=C[C@H]2[C@H]3Cc4cccc5c4[C@@]2(CCN3)[C@H](C1)O5	7.0	0.0	True	6.0
CHEMBL1287727	CC(C)(O)CCc1ccc(O)c2c(=O)c3c(O)c4c(cc3oc12)O[C@H]1OC=C[C@@]41O	InChI=1S/C22H20O8/c1-21(2,26)6-5-10-3-4-11(23)14-17(24)15-12(29-19(10)14)9-13-16(18(15)25)22(27)7-8-28-20(22)30-13/h3-4,7-9,20,23,25-27H,5-6H2,1-2H3/t20-,22-/m1/s1	VXTQFTUOAJRUDO-IFMALSPDSA-N	chembl_36	412.3940000000002	2.5109000000000017	129.59	0.3181818181818182	O=c1c2ccccc2oc2cc3c(cc12)C1C=CO[C@@H]1O3	8.0	4.0	True	6.0
CHEMBL302029	COc1cc(/C=C2\Cc3ccccc3/C(=C\c3ccc([N+](=O)[O-])cc3)C2=O)ccc1O	InChI=1S/C25H19NO5/c1-31-24-14-17(8-11-23(24)27)12-19-15-18-4-2-3-5-21(18)22(25(19)28)13-16-6-9-20(10-7-16)26(29)30/h2-14,27H,15H2,1H3/b19-12+,22-13+	NTFQYRJKIZGGCH-MMYQVZLOSA-N	chembl_36	413.4290000000002	5.058400000000005	89.67	0.08	O=C1/C(=C/c2ccccc2)Cc2ccccc2/C1=C\c1ccccc1	5.0	1.0	True	6.0
CHEMBL357006	O=C1O[C@@H](C/N=C/NN[N+](=O)[O-])CN1c1ccc(-n2cc3cccnc3c2)c(F)c1	InChI=1S/C18H16FN7O4/c19-15-6-13(3-4-17(15)24-8-12-2-1-5-21-16(12)10-24)25-9-14(30-18(25)27)7-20-11-22-23-26(28)29/h1-6,8,10-11,14,23H,7,9H2,(H,20,22)/t14-/m0/s1	MDCGNOMHELZFGM-AWEZNQCLSA-N	chembl_36	413.3690000000001	1.8039999999999994	126.92	0.16666666666666666	O=C1OCCN1c1ccc(-n2cc3cccnc3c2)cc1	7.0	2.0	True	6.0
CHEMBL2992088	O=c1c2c(ncn1Cc1nc([C@@H]3CO[C@@H](c4ccc(Cl)cc4)C3)no1)CNCC2	InChI=1S/C20H20ClN5O3/c21-14-3-1-12(2-4-14)17-7-13(10-28-17)19-24-18(29-25-19)9-26-11-23-16-8-22-6-5-15(16)20(26)27/h1-4,11,13,17,22H,5-10H2/t13-,17+/m0/s1	FCMUQGQOHDDBSQ-SUMWQHHRSA-N	chembl_36	413.8650000000002	2.2189000000000005	95.07000000000001	0.4	O=c1c2c(ncn1Cc1nc([C@@H]3CO[C@@H](c4ccccc4)C3)no1)CNCC2	8.0	1.0	True	6.0
CHEMBL1835459	O=C(/C=C/c1ccc([N+](=O)[O-])cc1)Nc1cc(-c2ccc(Br)cc2)[nH]n1	InChI=1S/C18H13BrN4O3/c19-14-6-4-13(5-7-14)16-11-17(22-21-16)20-18(24)10-3-12-1-8-15(9-2-12)23(25)26/h1-11H,(H2,20,21,22,24)/b10-3+	KXCKJHZDXGBYBV-XCVCLJGOSA-N	chembl_36	413.23100000000005	4.399300000000002	100.92	0.0	O=C(/C=C/c1ccccc1)Nc1cc(-c2ccccc2)[nH]n1	4.0	2.0	True	6.0
CHEMBL1385235	c1ccc2c(c1)NC[C@@H]1C2=NO[C@H]1CN1CCN(Cc2ccc3ccccc3c2)CC1	InChI=1S/C26H28N4O/c1-2-6-21-15-19(9-10-20(21)5-1)17-29-11-13-30(14-12-29)18-25-23-16-27-24-8-4-3-7-22(24)26(23)28-31-25/h1-10,15,23,25,27H,11-14,16-18H2/t23-,25-/m0/s1	WUSIUKLVFNJEHL-ZCYQVOJMSA-N	chembl_36	412.53700000000015	3.8022000000000027	40.10000000000001	0.34615384615384615	c1ccc2c(c1)NC[C@@H]1C2=NO[C@H]1CN1CCN(Cc2ccc3ccccc3c2)CC1	5.0	1.0	True	6.0
CHEMBL235365	CCC(C1=C(O)OC(Cc2ccccc2)(Cc2ccccc2)CC1=O)c1ccccc1	InChI=1S/C28H28O3/c1-2-24(23-16-10-5-11-17-23)26-25(29)20-28(31-27(26)30,18-21-12-6-3-7-13-21)19-22-14-8-4-9-15-22/h3-17,24,30H,2,18-20H2,1H3	CZICDAFISVLSNA-UHFFFAOYSA-N	chembl_36	412.52900000000017	6.1634000000000055	46.53	0.25	O=C1CC(Cc2ccccc2)(Cc2ccccc2)OC=C1Cc1ccccc1	3.0	1.0	True	6.0
CHEMBL1942228	c1ccc(-c2nc(NC3CC3)c3ccccc3n2)cc1	InChI=1S/C17H15N3/c1-2-6-12(7-3-1)16-19-15-9-5-4-8-14(15)17(20-16)18-13-10-11-13/h1-9,13H,10-11H2,(H,18,19,20)	GSHOPCASVMKHBT-UHFFFAOYSA-N	chembl_36	261.328	3.871100000000002	37.81	0.17647058823529413	c1ccc(-c2nc(NC3CC3)c3ccccc3n2)cc1	3.0	1.0	True	6.0
CHEMBL869189	CCC1NC(S)=NC(C)=C1C(=O)c1ccccc1	InChI=1S/C14H16N2OS/c1-3-11-12(9(2)15-14(18)16-11)13(17)10-7-5-4-6-8-10/h4-8,11H,3H2,1-2H3,(H2,15,16,18)	NUIAYYIPBYCJGE-UHFFFAOYSA-N	chembl_36	260.362	2.810900000000001	41.46	0.2857142857142857	O=C(C1=CN=CNC1)c1ccccc1	3.0	2.0	True	6.0
CHEMBL930745	O=C(CN1CCOCC1)Nc1ccc2c(c1)CCC2	InChI=1S/C15H20N2O2/c18-15(11-17-6-8-19-9-7-17)16-14-5-4-12-2-1-3-13(12)10-14/h4-5,10H,1-3,6-9,11H2,(H,16,18)	WQGOSMQPWWHBRG-UHFFFAOYSA-N	chembl_36	260.337	1.446	41.57	0.5333333333333333	O=C(CN1CCOCC1)Nc1ccc2c(c1)CCC2	3.0	1.0	True	6.0
CHEMBL2633487	CCn1ncnc1CN(C)Cc1n[nH]c2c1CCC2	InChI=1S/C13H20N6/c1-3-19-13(14-9-15-19)8-18(2)7-12-10-5-4-6-11(10)16-17-12/h9H,3-8H2,1-2H3,(H,16,17)	BVTGTRUBUWAOMY-UHFFFAOYSA-N	chembl_36	260.34499999999997	1.1417999999999997	62.63	0.6153846153846154	c1n[nH]c(CNCc2n[nH]c3c2CCC3)n1	5.0	1.0	True	5.0
CHEMBL864130	O=S1(=O)C[C@@H](O)[C@@H](Nc2ccc(Cl)cc2)C1	InChI=1S/C10H12ClNO3S/c11-7-1-3-8(4-2-7)12-9-5-16(14,15)6-10(9)13/h1-4,9-10,12-13H,5-6H2/t9-,10+/m0/s1	BGCCMXFVNQHEJF-VHSXEESVSA-N	chembl_36	261.73	0.9097999999999998	66.4	0.4	O=S1(=O)CC[C@@H](Nc2ccccc2)C1	4.0	2.0	True	6.0
CHEMBL305598	Cc1cccc(C#Cc2cncc(-c3ccco3)c2)n1	InChI=1S/C17H12N2O/c1-13-4-2-5-16(19-13)8-7-14-10-15(12-18-11-14)17-6-3-9-20-17/h2-6,9-12H,1H3	XVENSPSNGKQDSM-UHFFFAOYSA-N	chembl_36	260.296	3.4448200000000018	38.92	0.058823529411764705	C(#Cc1ccccn1)c1cncc(-c2ccco2)c1	3.0	0.0	True	6.0
CHEMBL1163782	CC1(C)CCc2c([nH]c3ccc(Cl)cc3c2=O)C1	InChI=1S/C15H16ClNO/c1-15(2)6-5-10-13(8-15)17-12-4-3-9(16)7-11(12)14(10)18/h3-4,7H,5-6,8H2,1-2H3,(H,17,18)	YFBFGEWIRHCFQX-UHFFFAOYSA-N	chembl_36	261.752	3.6964000000000024	32.86	0.4	O=c1c2c([nH]c3ccccc13)CCCC2	1.0	1.0	True	6.0
CHEMBL1476242	O=[N+]([O-])/C=C1\NCCN1Cc1cnc(Cl)s1	InChI=1S/C8H9ClN4O2S/c9-8-11-3-6(16-8)4-12-2-1-10-7(12)5-13(14)15/h3,5,10H,1-2,4H2/b7-5+	XKVCBURYVNLQRB-FNORWQNLSA-N	chembl_36	260.706	1.2772999999999994	71.30000000000001	0.375	C=C1NCCN1Cc1cncs1	6.0	1.0	True	5.0
CHEMBL1012380	CC1Cc2ccccc2N1C(S)=NC1CCCC1	InChI=1S/C15H20N2S/c1-11-10-12-6-2-5-9-14(12)17(11)15(18)16-13-7-3-4-8-13/h2,5-6,9,11,13H,3-4,7-8,10H2,1H3,(H,16,18)	XCERKRJAUNOPEE-UHFFFAOYSA-N	chembl_36	260.40599999999995	3.666000000000002	15.6	0.5333333333333333	C(=NC1CCCC1)N1CCc2ccccc21	1.0	1.0	True	6.0
CHEMBL2638008	CCOc1cc(C(=O)N2CC3CCCC3C2)ccn1	InChI=1S/C15H20N2O2/c1-2-19-14-8-11(6-7-16-14)15(18)17-9-12-4-3-5-13(12)10-17/h6-8,12-13H,2-5,9-10H2,1H3	BSHOBJHPLPQFFQ-UHFFFAOYSA-N	chembl_36	260.33699999999993	2.3524000000000003	42.43	0.6	O=C(c1ccncc1)N1CC2CCCC2C1	3.0	0.0	True	6.0
CHEMBL1855295	COCCNC(=O)c1cc(-c2ccc3c(c2)CCO3)n[nH]1	InChI=1S/C15H17N3O3/c1-20-7-5-16-15(19)13-9-12(17-18-13)10-2-3-14-11(8-10)4-6-21-14/h2-3,8-9H,4-7H2,1H3,(H,16,19)(H,17,18)	MUIGERQRCSBLHG-UHFFFAOYSA-N	chembl_36	287.31899999999996	1.3878	76.24000000000001	0.3333333333333333	c1cc(-c2ccc3c(c2)CCO3)n[nH]1	4.0	2.0	True	6.0
CHEMBL739839	COC(=O)c1sccc1NC(=O)c1ccc(C#N)cc1	InChI=1S/C14H10N2O3S/c1-19-14(18)12-11(6-7-20-12)16-13(17)10-4-2-9(8-15)3-5-10/h2-7H,1H3,(H,16,17)	UHCINAHYVLKPIH-UHFFFAOYSA-N	chembl_36	286.312	2.6586800000000004	79.19	0.07142857142857142	O=C(Nc1ccsc1)c1ccccc1	5.0	1.0	True	6.0
CHEMBL2693946	CC1(C(=O)N2CCC[C@@]3(CCS(=O)(=O)C3)C2)COC1	InChI=1S/C13H21NO4S/c1-12(8-18-9-12)11(15)14-5-2-3-13(7-14)4-6-19(16,17)10-13/h2-10H2,1H3/t13-/m1/s1	QHSLZXHCAARLTN-CYBMUJFWSA-N	chembl_36	287.38100000000003	0.4501999999999997	63.68000000000001	0.9230769230769231	O=C(C1COC1)N1CCC[C@@]2(CCS(=O)(=O)C2)C1	4.0	0.0	True	6.0
CHEMBL812535	Cc1ccc(NCCC(=O)c2ccc(Cl)cc2)cc1C	InChI=1S/C17H18ClNO/c1-12-3-8-16(11-13(12)2)19-10-9-17(20)14-4-6-15(18)7-5-14/h3-8,11,19H,9-10H2,1-2H3	QKIAVVUKQAHMSU-UHFFFAOYSA-N	chembl_36	287.7900000000001	4.641740000000003	29.1	0.23529411764705882	O=C(CCNc1ccccc1)c1ccccc1	2.0	1.0	True	6.0
CHEMBL2204812	O=C(Cc1ccccc1)SC12CCC=C1C(=O)NC2=O	InChI=1S/C15H13NO3S/c17-12(9-10-5-2-1-3-6-10)20-15-8-4-7-11(15)13(18)16-14(15)19/h1-3,5-7H,4,8-9H2,(H,16,18,19)	AVNBQUBLZRGSHC-UHFFFAOYSA-N	chembl_36	287.3399999999999	1.6042999999999998	63.24	0.26666666666666666	O=C(Cc1ccccc1)SC12CCC=C1C(=O)NC2=O	4.0	1.0	True	6.0
CHEMBL1321111	CC(C)=CCC[C@@H](C)c1c2ncc[nH]c-2c(C)c(=O)c1O	InChI=1S/C17H22N2O2/c1-10(2)6-5-7-11(3)13-15-14(18-8-9-19-15)12(4)16(20)17(13)21/h6,8-9,11,18,21H,5,7H2,1-4H3/t11-/m1/s1	NAMCGTHUSVFDHC-LLVKDONJSA-N	chembl_36	286.37500000000006	3.738620000000003	65.98	0.4117647058823529	O=c1ccc2ncc[nH]c-2c1	3.0	2.0	True	6.0
CHEMBL52565	CNCC(=O)Nc1c2c(nc3oc(C)c(C)c13)CCCC2	InChI=1S/C16H21N3O2/c1-9-10(2)21-16-14(9)15(19-13(20)8-17-3)11-6-4-5-7-12(11)18-16/h17H,4-8H2,1-3H3,(H,18,19,20)	NYYADUURVIQJGL-UHFFFAOYSA-N	chembl_36	287.36300000000006	2.4813400000000003	67.16	0.5	c1cc2cc3c(nc2o1)CCCC3	4.0	2.0	True	6.0
CHEMBL762780	CN(CC(=O)Nc1cccc(F)c1)C(=O)c1ccncc1	InChI=1S/C15H14FN3O2/c1-19(15(21)11-5-7-17-8-6-11)10-14(20)18-13-4-2-3-12(16)9-13/h2-9H,10H2,1H3,(H,18,20)	DTQRPSNPRWUCPE-UHFFFAOYSA-N	chembl_36	287.294	1.9313999999999996	62.300000000000004	0.13333333333333333	O=C(CNC(=O)c1ccncc1)Nc1ccccc1	3.0	1.0	True	6.0
CHEMBL1868612	CN(Cc1nnc2ccccn12)C(=O)CC1CCCCC1	InChI=1S/C16H22N4O/c1-19(16(21)11-13-7-3-2-4-8-13)12-15-18-17-14-9-5-6-10-20(14)15/h5-6,9-10,13H,2-4,7-8,11-12H2,1H3	UNDGMWQOEAZQJH-UHFFFAOYSA-N	chembl_36	286.3790000000001	2.658100000000001	50.50000000000001	0.5625	O=C(CC1CCCCC1)NCc1nnc2ccccn12	4.0	0.0	True	6.0
CHEMBL1873559	Fc1ccc(C2(NCc3noc(C4CC4)n3)CCC2)cc1	InChI=1S/C16H18FN3O/c17-13-6-4-12(5-7-13)16(8-1-9-16)18-10-14-19-15(21-20-14)11-2-3-11/h4-7,11,18H,1-3,8-10H2	YBFZERJZHAFDPK-UHFFFAOYSA-N	chembl_36	287.33799999999997	3.2551000000000023	50.95	0.5	c1ccc(C2(NCc3noc(C4CC4)n3)CCC2)cc1	4.0	1.0	True	6.0
CHEMBL762582	O=C1NC(=O)C(=Cc2cccc(OCCOc3ccccc3)c2)C(=O)N1	InChI=1S/C19H16N2O5/c22-17-16(18(23)21-19(24)20-17)12-13-5-4-8-15(11-13)26-10-9-25-14-6-2-1-3-7-14/h1-8,11-12H,9-10H2,(H2,20,21,22,23,24)	YPFCMUIWRNDYLL-UHFFFAOYSA-N	chembl_36	352.346	1.8938	93.73000000000002	0.10526315789473684	O=C1NC(=O)C(=Cc2cccc(OCCOc3ccccc3)c2)C(=O)N1	5.0	2.0	True	6.0
CHEMBL2510953	NCCCCNc1cc(/C=C/c2ccncc2)nc2ccc(Cl)cc12	InChI=1S/C20H21ClN4/c21-16-4-6-19-18(13-16)20(24-10-2-1-9-22)14-17(25-19)5-3-15-7-11-23-12-8-15/h3-8,11-14H,1-2,9-10,22H2,(H,24,25)/b5-3+	UMTGYPWQIFOYLK-HWKANZROSA-N	chembl_36	352.8690000000001	4.604400000000004	63.83	0.2	C(=C/c1ccc2ccccc2n1)\c1ccncc1	4.0	2.0	True	6.0
CHEMBL1239050	Oc1cccc(/C=N/Nc2cc(N3CCCC3)nc(N3CCCC3)n2)c1	InChI=1S/C19H24N6O/c26-16-7-5-6-15(12-16)14-20-23-17-13-18(24-8-1-2-9-24)22-19(21-17)25-10-3-4-11-25/h5-7,12-14,26H,1-4,8-11H2,(H,21,22,23)/b20-14+	ZAPOLWKWHTVJKA-XSFVSMFZSA-N	chembl_36	352.4420000000001	2.8286000000000007	76.88000000000001	0.42105263157894735	C(=N/Nc1cc(N2CCCC2)nc(N2CCCC2)n1)\c1ccccc1	7.0	2.0	True	6.0
CHEMBL853349	O=C(NC(n1ccc(=O)[nH]c1=O)C(Cl)(Cl)Cl)c1ccco1	InChI=1S/C11H8Cl3N3O4/c12-11(13,14)9(16-8(19)6-2-1-5-21-6)17-4-3-7(18)15-10(17)20/h1-5,9H,(H,16,19)(H,15,18,20)	FKRBNJLJEBAMMX-UHFFFAOYSA-N	chembl_36	352.56100000000004	1.4284	97.10000000000001	0.18181818181818182	O=C(NCn1ccc(=O)[nH]c1=O)c1ccco1	5.0	2.0	True	6.0
CHEMBL2790639	CCCc1n(CCC(C)C)c(C)c(C)[n+]1CCc1c[nH]c2ccccc12	InChI=1S/C23H34N3/c1-6-9-23-25(14-12-17(2)3)18(4)19(5)26(23)15-13-20-16-24-22-11-8-7-10-21(20)22/h7-8,10-11,16-17,24H,6,9,12-15H2,1-5H3/q+1	QKPAWTFJUYORCX-UHFFFAOYSA-N	chembl_36	352.546	5.115040000000005	24.599999999999998	0.5217391304347826	c1ccc2c(CC[n+]3cc[nH]c3)c[nH]c2c1	1.0	1.0	True	6.0
CHEMBL1934830	Cc1ccc(CN2Cc3nnn(C)c3C(COCc3ccccc3)C2)o1	InChI=1S/C20H24N4O2/c1-15-8-9-18(26-15)11-24-10-17(20-19(12-24)21-22-23(20)2)14-25-13-16-6-4-3-5-7-16/h3-9,17H,10-14H2,1-2H3	WHOJMZNIXJVONQ-UHFFFAOYSA-N	chembl_36	352.4380000000001	3.032720000000002	56.32000000000001	0.4	c1ccc(COCC2CN(Cc3ccco3)Cc3nn[nH]c32)cc1	6.0	0.0	True	6.0
CHEMBL1006457	O=C(CSc1nnc2ccc(-c3ccncc3)nn12)c1cccs1	InChI=1S/C16H11N5OS2/c22-13(14-2-1-9-23-14)10-24-16-19-18-15-4-3-12(20-21(15)16)11-5-7-17-8-6-11/h1-9H,10H2	FMVRLWAZFSPYLR-UHFFFAOYSA-N	chembl_36	353.4320000000001	3.222800000000001	73.03999999999999	0.0625	O=C(CSc1nnc2ccc(-c3ccncc3)nn12)c1cccs1	8.0	0.0	True	6.0
CHEMBL80856	COC(=O)C1CC2c3cccc4c3c(cn4C3CCCC3)CC2N(C)C1	InChI=1S/C22H28N2O2/c1-23-12-15(22(25)26-2)10-18-17-8-5-9-19-21(17)14(11-20(18)23)13-24(19)16-6-3-4-7-16/h5,8-9,13,15-16,18,20H,3-4,6-7,10-12H2,1-2H3	ISVOYYWZUYYPHT-UHFFFAOYSA-N	chembl_36	352.4780000000002	3.889400000000003	34.47	0.5909090909090909	c1cc2c3c(cn(C4CCCC4)c3c1)CC1NCCCC21	4.0	0.0	True	6.0
CHEMBL993885	O=C(O)CN=C(NS(=O)(=O)c1ccc(Cl)cc1)c1ccccc1	InChI=1S/C15H13ClN2O4S/c16-12-6-8-13(9-7-12)23(21,22)18-15(17-10-14(19)20)11-4-2-1-3-5-11/h1-9H,10H2,(H,17,18)(H,19,20)	OOJUGXUVNLRMBU-UHFFFAOYSA-N	chembl_36	352.79900000000004	2.1497	95.82999999999998	0.06666666666666667	N=C(NS(=O)(=O)c1ccccc1)c1ccccc1	4.0	2.0	True	6.0
CHEMBL363594	O=C(NO)c1ccc(-c2ccc(CCNCc3ccccc3)cn2)s1	InChI=1S/C19H19N3O2S/c23-19(22-24)18-9-8-17(25-18)16-7-6-15(13-21-16)10-11-20-12-14-4-2-1-3-5-14/h1-9,13,20,24H,10-12H2,(H,22,23)	GYFXMJSZVKYKDQ-UHFFFAOYSA-N	chembl_36	353.447	3.261400000000002	74.25	0.15789473684210525	c1ccc(CNCCc2ccc(-c3cccs3)nc2)cc1	5.0	3.0	True	6.0
CHEMBL584083	CN1CCN(c2nc(Nc3ccc(O)cc3)nc3ccccc23)CC1.Cl	InChI=1S/C19H21N5O.ClH/c1-23-10-12-24(13-11-23)18-16-4-2-3-5-17(16)21-19(22-18)20-14-6-8-15(25)9-7-14;/h2-9,25H,10-13H2,1H3,(H,20,21,22);1H	AEWLHRWWZWVBGL-UHFFFAOYSA-N	chembl_36	371.8720000000001	3.2526000000000015	64.52	0.2631578947368421	c1ccc(Nc2nc(N3CCNCC3)c3ccccc3n2)cc1	6.0	2.0	True	6.0
CHEMBL423018	O=C(O)CC1S/C(=N\N=C\c2ccc(F)cc2)N(c2ccccc2)C1=O	InChI=1S/C18H14FN3O3S/c19-13-8-6-12(7-9-13)11-20-21-18-22(14-4-2-1-3-5-14)17(25)15(26-18)10-16(23)24/h1-9,11,15H,10H2,(H,23,24)/b20-11+,21-18-	TWRNRSKIISHTFB-HVFCYKRDSA-N	chembl_36	371.3930000000001	3.1389000000000014	82.32999999999998	0.1111111111111111	O=C1CS/C(=N\N=C\c2ccccc2)N1c1ccccc1	5.0	1.0	True	6.0
CHEMBL632263	Cc1nc(C)c(-c2ccc3cc(CCN4CCC[C@H]4C)ccc3n2)cc1C#N	InChI=1S/C24H26N4/c1-16-5-4-11-28(16)12-10-19-6-8-23-20(13-19)7-9-24(27-23)22-14-21(15-25)17(2)26-18(22)3/h6-9,13-14,16H,4-5,10-12H2,1-3H3/t16-/m1/s1	ABCLYDOXFRWKNB-MRXNPFEDSA-N	chembl_36	370.5	4.812120000000005	52.81	0.375	c1cncc(-c2ccc3cc(CCN4CCCC4)ccc3n2)c1	4.0	0.0	True	6.0
CHEMBL920461	CCOc1ccc(NS(=O)(=O)c2ccc3[nH]c4c(c3c2)CCCC4)cc1	InChI=1S/C20H22N2O3S/c1-2-25-15-9-7-14(8-10-15)22-26(23,24)16-11-12-20-18(13-16)17-5-3-4-6-19(17)21-20/h7-13,21-22H,2-6H2,1H3	QSLIQHMBTGECEW-UHFFFAOYSA-N	chembl_36	370.4740000000002	4.246200000000003	71.19	0.3	O=S(=O)(Nc1ccccc1)c1ccc2[nH]c3c(c2c1)CCCC3	3.0	2.0	True	6.0
CHEMBL511829	O=C(COc1ccc2c(=O)c(-c3ccccc3)coc2c1)Nc1ccccc1	InChI=1S/C23H17NO4/c25-22(24-17-9-5-2-6-10-17)15-27-18-11-12-19-21(13-18)28-14-20(23(19)26)16-7-3-1-4-8-16/h1-14H,15H2,(H,24,25)	JREQKENRMZZRFA-UHFFFAOYSA-N	chembl_36	371.39200000000005	4.477500000000003	68.54	0.043478260869565216	O=C(COc1ccc2c(=O)c(-c3ccccc3)coc2c1)Nc1ccccc1	4.0	1.0	True	6.0
CHEMBL2796008	COc1ccc(CNC(=O)Nc2sc3c(c2C#N)CCCC3)c(OC)c1	InChI=1S/C19H21N3O3S/c1-24-13-8-7-12(16(9-13)25-2)11-21-19(23)22-18-15(10-20)14-5-3-4-6-17(14)26-18/h7-9H,3-6,11H2,1-2H3,(H2,21,22,23)	KBIVDWIPYXDCTJ-UHFFFAOYSA-N	chembl_36	371.4620000000002	3.837480000000002	83.38000000000001	0.3684210526315789	O=C(NCc1ccccc1)Nc1cc2c(s1)CCCC2	5.0	2.0	True	6.0
CHEMBL1750096	COc1ccc(/C=C2/C(=O)Nc3cc(F)ccc32)c(-c2ccc(C#N)cc2)c1	InChI=1S/C23H15FN2O2/c1-28-18-8-6-16(20(12-18)15-4-2-14(13-25)3-5-15)10-21-19-9-7-17(24)11-22(19)26-23(21)27/h2-12H,1H3,(H,26,27)/b21-10+	AJEDPQQOLAMBGS-UFFVCSGVSA-N	chembl_36	370.3830000000001	4.865680000000004	62.12	0.043478260869565216	O=C1Nc2ccccc2/C1=C\c1ccccc1-c1ccccc1	3.0	1.0	True	6.0
CHEMBL1623576	COc1cccc2[nH]c3c([C@H]4[C@H](C(C)(C)O)CC[C@@]4(O)CO)nccc3c12	InChI=1S/C21H26N2O4/c1-20(2,25)13-7-9-21(26,11-24)17(13)19-18-12(8-10-22-19)16-14(23-18)5-4-6-15(16)27-3/h4-6,8,10,13,17,23-26H,7,9,11H2,1-3H3/t13-,17-,21-/m1/s1	NDJNRBQJLNVWPV-QKAVXHIFSA-N	chembl_36	370.44900000000007	2.712600000000001	98.60000000000001	0.47619047619047616	c1ccc2c(c1)[nH]c1c(C3CCCC3)nccc12	5.0	4.0	True	6.0
CHEMBL1448837	O=C1C(=O)N(c2cccc3[nH]ccc23)CCN1Cc1ccc(F)cc1Cl	InChI=1S/C19H15ClFN3O2/c20-15-10-13(21)5-4-12(15)11-23-8-9-24(19(26)18(23)25)17-3-1-2-16-14(17)6-7-22-16/h1-7,10,22H,8-9,11H2	DOBIHUXFEGVSKO-UHFFFAOYSA-N	chembl_36	371.799	3.3358000000000017	56.410000000000004	0.15789473684210525	O=C1C(=O)N(c2cccc3[nH]ccc23)CCN1Cc1ccccc1	2.0	1.0	True	6.0
CHEMBL2863946	Clc1ccc2[nH]c3c(N4CCC(N5CCOCC5)CC4)nccc3c2c1	InChI=1S/C20H23ClN4O/c21-14-1-2-18-17(13-14)16-3-6-22-20(19(16)23-18)25-7-4-15(5-8-25)24-9-11-26-12-10-24/h1-3,6,13,15,23H,4-5,7-12H2	ATWVECUYPCXTSR-UHFFFAOYSA-N	chembl_36	370.8840000000001	3.6705000000000023	44.39	0.45	c1ccc2c(c1)[nH]c1c(N3CCC(N4CCOCC4)CC3)nccc12	4.0	1.0	True	6.0
CHEMBL1299740	O=C(N/N=C/c1ccncc1)c1ccc(NC(=O)c2ccc(Cl)cc2)cc1	InChI=1S/C20H15ClN4O2/c21-17-5-1-15(2-6-17)19(26)24-18-7-3-16(4-8-18)20(27)25-23-13-14-9-11-22-12-10-14/h1-13H,(H,24,26)(H,25,27)/b23-13+	CADKYGMJVXBBEV-YDZHTSKRSA-N	chembl_36	378.8190000000001	3.7512000000000025	83.44999999999999	0.0	O=C(N/N=C/c1ccncc1)c1ccc(NC(=O)c2ccccc2)cc1	4.0	2.0	True	6.0
CHEMBL2478971	Cc1cc(C)c2[nH]c(=O)c(CN(CCO)C(=O)Nc3ccccc3C)cc2c1	InChI=1S/C22H25N3O3/c1-14-10-16(3)20-17(11-14)12-18(21(27)24-20)13-25(8-9-26)22(28)23-19-7-5-4-6-15(19)2/h4-7,10-12,26H,8-9,13H2,1-3H3,(H,23,28)(H,24,27)	XXZCUMSTLDGVBM-UHFFFAOYSA-N	chembl_36	379.4600000000001	3.4797600000000015	85.43	0.2727272727272727	O=C(NCc1cc2ccccc2[nH]c1=O)Nc1ccccc1	3.0	3.0	True	6.0
CHEMBL2189209	CN1C2COCC1CC(NC(=O)c1cn(-c3cncn3C)c3ccccc13)C2	InChI=1S/C21H25N5O2/c1-24-13-22-9-20(24)26-10-18(17-5-3-4-6-19(17)26)21(27)23-14-7-15-11-28-12-16(8-14)25(15)2/h3-6,9-10,13-16H,7-8,11-12H2,1-2H3,(H,23,27)	GZFJYZRDHWBNBB-UHFFFAOYSA-N	chembl_36	379.4640000000001	1.9554	64.32	0.42857142857142855	O=C(NC1CC2COCC(C1)N2)c1cn(-c2cnc[nH]2)c2ccccc12	6.0	1.0	True	6.0
CHEMBL3204441	CC(C)N1CCC(N2Cc3c(cnn3C(C)C)-c3n[nH]c4ccnc2c34)CC1	InChI=1S/C21H29N7/c1-13(2)26-9-6-15(7-10-26)27-12-18-16(11-23-28(18)14(3)4)20-19-17(24-25-20)5-8-22-21(19)27/h5,8,11,13-15H,6-7,9-10,12H2,1-4H3,(H,24,25)	LWFSHFHLOZGXMT-UHFFFAOYSA-N	chembl_36	379.51200000000017	3.595100000000002	65.87	0.5714285714285714	c1cc2[nH]nc3c2c(n1)N(C1CCNCC1)Cc1[nH]ncc1-3	6.0	1.0	True	7.0
CHEMBL1240402	C=CCCC(=O)N1C[C@H]2CON(C)[C@H]2C[C@H]1c1cccc(Br)c1	InChI=1S/C18H23BrN2O2/c1-3-4-8-18(22)21-11-14-12-23-20(2)16(14)10-17(21)13-6-5-7-15(19)9-13/h3,5-7,9,14,16-17H,1,4,8,10-12H2,2H3/t14-,16-,17-/m0/s1	MPFGKHQFNMKJFW-XIRDDKMYSA-N	chembl_36	379.298	3.550500000000002	32.78	0.5	c1ccc([C@@H]2C[C@@H]3NOC[C@@H]3CN2)cc1	3.0	0.0	True	6.0
CHEMBL2505869	CC(C)(C)OC(=O)N1CCN(C(=O)Cn2sc3ncccc3c2=O)CC1	InChI=1S/C17H22N4O4S/c1-17(2,3)25-16(24)20-9-7-19(8-10-20)13(22)11-21-15(23)12-5-4-6-18-14(12)26-21/h4-6H,7-11H2,1-3H3	XBSSWKFKAMTRCM-UHFFFAOYSA-N	chembl_36	378.4540000000002	1.5372999999999999	84.74000000000001	0.5294117647058824	O=C(Cn1sc2ncccc2c1=O)N1CCNCC1	7.0	0.0	True	6.0
CHEMBL2571176	CCOC(=O)c1c(NC(=O)COc2ccccn2)sc(C(=O)OC)c1C	InChI=1S/C17H18N2O6S/c1-4-24-16(21)13-10(2)14(17(22)23-3)26-15(13)19-11(20)9-25-12-7-5-6-8-18-12/h5-8H,4,9H2,1-3H3,(H,19,20)	WXJBBHSEACYGHD-UHFFFAOYSA-N	chembl_36	378.4060000000002	2.4323200000000007	103.82000000000001	0.29411764705882354	O=C(COc1ccccn1)Nc1cccs1	8.0	1.0	True	6.0
CHEMBL1025534	CCC(=O)OCc1c(C(F)(F)F)nn(C)c1Sc1ccc(Cl)cc1	InChI=1S/C15H14ClF3N2O2S/c1-3-12(22)23-8-11-13(15(17,18)19)20-21(2)14(11)24-10-6-4-9(16)5-7-10/h4-7H,3,8H2,1-2H3	QVHMFNKKZYCPRE-UHFFFAOYSA-N	chembl_36	378.803	4.696700000000003	44.12	0.3333333333333333	c1ccc(Sc2ccn[nH]2)cc1	5.0	0.0	True	6.0
CHEMBL1309187	Cc1cc(C)c2c(=O)n(CN3CCC(C#N)(c4ccccc4)CC3)sc2n1	InChI=1S/C21H22N4OS/c1-15-12-16(2)23-19-18(15)20(26)25(27-19)14-24-10-8-21(13-22,9-11-24)17-6-4-3-5-7-17/h3-7,12H,8-11,14H2,1-2H3	HYGAGYUZGYLWBT-UHFFFAOYSA-N	chembl_36	378.5010000000001	3.5897200000000025	61.92	0.38095238095238093	O=c1c2cccnc2sn1CN1CCC(c2ccccc2)CC1	6.0	0.0	True	6.0
CHEMBL1303501	O=C(CCC(=O)Nc1ccc(Cl)cc1)CC(=O)c1ccc2ccccc2c1	InChI=1S/C22H18ClNO3/c23-18-7-9-19(10-8-18)24-22(27)12-11-20(25)14-21(26)17-6-5-15-3-1-2-4-16(15)13-17/h1-10,13H,11-12,14H2,(H,24,27)	VDZPHURUSRSFFY-UHFFFAOYSA-N	chembl_36	379.8430000000001	5.054000000000004	63.24	0.13636363636363635	O=C(CCC(=O)Nc1ccccc1)CC(=O)c1ccc2ccccc2c1	3.0	1.0	True	6.0
CHEMBL2492652	O=C1NC(=O)C(Cc2ccc(/N=N/c3ccc(Cl)cc3)cc2)S1	InChI=1S/C16H12ClN3O2S/c17-11-3-7-13(8-4-11)20-19-12-5-1-10(2-6-12)9-14-15(21)18-16(22)23-14/h1-8,14H,9H2,(H,18,21,22)/b20-19+	PFWSOEMDHXPDQV-FMQUCBEESA-N	chembl_36	345.81100000000004	4.649500000000002	70.89	0.125	O=C1NC(=O)C(Cc2ccc(/N=N/c3ccccc3)cc2)S1	5.0	1.0	True	6.0
CHEMBL2389192	COCCN1C(=O)[C@@H]2CC[C@H]1CN(c1nccc(C3CCCC3)n1)C2	InChI=1S/C19H28N4O2/c1-25-11-10-23-16-7-6-15(18(23)24)12-22(13-16)19-20-9-8-17(21-19)14-4-2-3-5-14/h8-9,14-16H,2-7,10-13H2,1H3/t15-,16+/m1/s1	CTLBAVUCILZLSN-CVEARBPZSA-N	chembl_36	344.4590000000002	2.2077999999999998	58.56	0.7368421052631579	O=C1N[C@H]2CC[C@@H]1CN(c1nccc(C3CCCC3)n1)C2	5.0	0.0	True	7.0
CHEMBL2696331	C[C@@H](CC1CCCC1)C(=O)NC1CCN(CCS(C)(=O)=O)CC1	InChI=1S/C17H32N2O3S/c1-14(13-15-5-3-4-6-15)17(20)18-16-7-9-19(10-8-16)11-12-23(2,21)22/h14-16H,3-13H2,1-2H3,(H,18,20)/t14-/m0/s1	HXGOAMLSKPSGMR-AWEZNQCLSA-N	chembl_36	344.52100000000013	1.8279999999999998	66.48	0.9411764705882353	O=C(CCC1CCCC1)NC1CCNCC1	4.0	1.0	True	6.0
CHEMBL2643300	CC(C)=CCCN1CCC(c2cc(N3CCOCC3)nc(C)n2)CC1	InChI=1S/C20H32N4O/c1-16(2)5-4-8-23-9-6-18(7-10-23)19-15-20(22-17(3)21-19)24-11-13-25-14-12-24/h5,15,18H,4,6-14H2,1-3H3	MHWAXWRTOOBKRP-UHFFFAOYSA-N	chembl_36	344.50300000000016	3.157320000000002	41.49	0.7	c1nc(C2CCNCC2)cc(N2CCOCC2)n1	5.0	0.0	True	6.0
CHEMBL1033546	COc1ccccc1-c1ccc(SCC(=O)N2CCOCC2)nn1	InChI=1S/C17H19N3O3S/c1-22-15-5-3-2-4-13(15)14-6-7-16(19-18-14)24-12-17(21)20-8-10-23-11-9-20/h2-7H,8-12H2,1H3	GXFAVYJFVNELSP-UHFFFAOYSA-N	chembl_36	345.42400000000015	2.1030999999999995	64.55	0.35294117647058826	O=C(CSc1ccc(-c2ccccc2)nn1)N1CCOCC1	6.0	0.0	True	6.0
CHEMBL2561872	CC1=C(Cc2ccc(C(F)(F)F)cc2)C(=O)c2cc(C)cnc2C1=O	InChI=1S/C19H14F3NO2/c1-10-7-15-16(23-9-10)17(24)11(2)14(18(15)25)8-12-3-5-13(6-4-12)19(20,21)22/h3-7,9H,8H2,1-2H3	BWLVJWVJFCORJC-UHFFFAOYSA-N	chembl_36	345.32000000000005	4.347020000000003	47.03	0.21052631578947367	O=C1C(Cc2ccccc2)=CC(=O)c2ncccc21	3.0	0.0	True	6.0
CHEMBL3087366	COC1(c2cccc(C(N)=O)c2)C2CCCC1CN(CC1(O)CC1)C2	InChI=1S/C20H28N2O3/c1-25-20(15-5-2-4-14(10-15)18(21)23)16-6-3-7-17(20)12-22(11-16)13-19(24)8-9-19/h2,4-5,10,16-17,24H,3,6-9,11-13H2,1H3,(H2,21,23)	CTUVPBLIPBESJJ-UHFFFAOYSA-N	chembl_36	344.4550000000001	1.8839999999999997	75.79	0.65	c1ccc(C2C3CCCC2CN(CC2CC2)C3)cc1	4.0	2.0	True	6.0
CHEMBL1364727	Cc1ccc(C(C)C)c(NC(=O)Oc2ccc(-c3ccccc3)cc2)c1	InChI=1S/C23H23NO2/c1-16(2)21-14-9-17(3)15-22(21)24-23(25)26-20-12-10-19(11-13-20)18-7-5-4-6-8-18/h4-16H,1-3H3,(H,24,25)	PMSONNCQMRASIR-UHFFFAOYSA-N	chembl_36	345.442	6.396320000000006	38.33	0.17391304347826086	O=C(Nc1ccccc1)Oc1ccc(-c2ccccc2)cc1	2.0	1.0	True	6.0
CHEMBL1899818	Nc1nnc(CCCNC(=O)c2ccc(C3CCCNC3)cc2)s1	InChI=1S/C17H23N5OS/c18-17-22-21-15(24-17)4-2-10-20-16(23)13-7-5-12(6-8-13)14-3-1-9-19-11-14/h5-8,14,19H,1-4,9-11H2,(H2,18,22)(H,20,23)	MQIKVHIAVPJDIR-UHFFFAOYSA-N	chembl_36	345.47200000000004	1.9498999999999997	92.93	0.47058823529411764	O=C(NCCCc1nncs1)c1ccc(C2CCCNC2)cc1	6.0	3.0	True	6.0
CHEMBL3105633	COc1cc2c(OCC3(C)COCC(=O)N3)nccc2cc1C(N)=O	InChI=1S/C17H19N3O5/c1-17(8-24-7-14(21)20-17)9-25-16-11-6-13(23-2)12(15(18)22)5-10(11)3-4-19-16/h3-6H,7-9H2,1-2H3,(H2,18,22)(H,20,21)	NAFLRJHAJRSWGI-UHFFFAOYSA-N	chembl_36	345.3550000000001	0.6261999999999994	112.77000000000001	0.35294117647058826	O=C1COCC(COc2nccc3ccccc23)N1	6.0	2.0	True	6.0
CHEMBL1742405	Nc1nc(N)c2cc(SC34CC5CC(CC(C5)C3)C4)ccc2n1	InChI=1S/C18H22N4S/c19-16-14-6-13(1-2-15(14)21-17(20)22-16)23-18-7-10-3-11(8-18)5-12(4-10)9-18/h1-2,6,10-12H,3-5,7-9H2,(H4,19,20,21,22)	FTABOSGBIOLBKV-UHFFFAOYSA-N	chembl_36	326.46900000000005	3.855100000000003	77.82	0.5555555555555556	c1ncc2cc(SC34CC5CC(CC(C5)C3)C4)ccc2n1	5.0	2.0	True	6.0
CHEMBL887675	CCCOc1cccc(C(=O)NCCNC(=O)c2ccccn2)c1	InChI=1S/C18H21N3O3/c1-2-12-24-15-7-5-6-14(13-15)17(22)20-10-11-21-18(23)16-8-3-4-9-19-16/h3-9,13H,2,10-12H2,1H3,(H,20,22)(H,21,23)	XHGPWJSAKHROGU-UHFFFAOYSA-N	chembl_36	327.38399999999996	2.0302	80.32000000000001	0.2777777777777778	O=C(NCCNC(=O)c1ccccn1)c1ccccc1	4.0	2.0	True	6.0
CHEMBL200881	O=C([O-])C1=CS[C@@H]2/C(=C\c3cnc4n3CCNC4)C(=O)N12.[Na+]	InChI=1S/C13H12N4O3S.Na/c18-11-8(12-17(11)9(6-21-12)13(19)20)3-7-4-15-10-5-14-1-2-16(7)10;/h3-4,6,12,14H,1-2,5H2,(H,19,20);/q;+1/p-1/b8-3-;/t12-;/m1./s1	RZGBEMBTQHROPS-ZDFSRXSCSA-M	chembl_36	326.3130000000001	-4.119899999999998	90.28999999999998	0.3076923076923077	O=C1/C(=C/c2cnc3n2CCNC3)[C@H]2SC=CN12	7.0	1.0	True	6.0
CHEMBL3285197	Fc1ccc([C@@H]2C[C@H]2NCc2nnc(-c3ccccc3)o2)cc1F	InChI=1S/C18H15F2N3O/c19-14-7-6-12(8-15(14)20)13-9-16(13)21-10-17-22-23-18(24-17)11-4-2-1-3-5-11/h1-8,13,16,21H,9-10H2/t13-,16+/m0/s1	KXCTVMWPLQYTNI-XJKSGUPXSA-N	chembl_36	327.33400000000006	3.6605000000000025	50.95	0.2222222222222222	c1ccc(-c2nnc(CN[C@@H]3C[C@H]3c3ccccc3)o2)cc1	4.0	1.0	True	6.0
CHEMBL2981167	Cc1nn(C(CF)CF)cc1Nc1ncc(Cl)c(C2CC2)n1	InChI=1S/C14H16ClF2N5/c1-8-12(7-22(21-8)10(4-16)5-17)19-14-18-6-11(15)13(20-14)9-2-3-9/h6-7,9-10H,2-5H2,1H3,(H,18,19,20)	ICVHLGYKCQMARZ-UHFFFAOYSA-N	chembl_36	327.76600000000013	3.7360200000000026	55.63	0.5	c1cc(C2CC2)nc(Nc2cn[nH]c2)n1	5.0	1.0	True	6.0
CHEMBL2585267	CCN(C(=O)c1nc(C)ccc1Br)[C@H]1CCNC1=O	InChI=1S/C13H16BrN3O2/c1-3-17(10-6-7-15-12(10)18)13(19)11-9(14)5-4-8(2)16-11/h4-5,10H,3,6-7H2,1-2H3,(H,15,18)/t10-/m0/s1	BYWJLROQUCOZJD-JTQLQIEISA-N	chembl_36	326.19400000000013	1.50312	62.300000000000004	0.46153846153846156	O=C(N[C@H]1CCNC1=O)c1ccccn1	3.0	1.0	True	6.0
CHEMBL2368543	Cc1[nH]cnc1-c1nc2ccccn2c1NCCN1CCOCC1	InChI=1S/C17H22N6O/c1-13-15(20-12-19-13)16-17(23-6-3-2-4-14(23)21-16)18-5-7-22-8-10-24-11-9-22/h2-4,6,12,18H,5,7-11H2,1H3,(H,19,20)	IQYCFBDHBTWZFI-UHFFFAOYSA-N	chembl_36	326.4040000000002	1.7769199999999996	70.48	0.4117647058823529	c1ccn2c(NCCN3CCOCC3)c(-c3c[nH]cn3)nc2c1	6.0	2.0	True	6.0
CHEMBL2523859	c1cnc2c(Nc3ccc4c(-n5cccn5)nccc4c3)n[nH]c2c1	InChI=1S/C18H13N7/c1-3-15-16(19-7-1)17(24-23-15)22-13-4-5-14-12(11-13)6-9-20-18(14)25-10-2-8-21-25/h1-11H,(H2,22,23,24)	XCIOVXDWUWYQHU-UHFFFAOYSA-N	chembl_36	327.35100000000006	3.4354000000000005	84.31	0.0	c1cnc2c(Nc3ccc4c(-n5cccn5)nccc4c3)n[nH]c2c1	6.0	2.0	True	6.0
CHEMBL2709710	O=C(c1cc(NCC[C@@H]2C[C@@H]3C=C[C@H]2C3)ccn1)N1CCOCC1	InChI=1S/C19H25N3O2/c23-19(22-7-9-24-10-8-22)18-13-17(4-6-21-18)20-5-3-16-12-14-1-2-15(16)11-14/h1-2,4,6,13-16H,3,5,7-12H2,(H,20,21)/t14-,15+,16-/m1/s1	BZJKJVZDVFMMPD-OWCLPIDISA-N	chembl_36	327.4280000000002	2.568200000000001	54.46000000000001	0.5789473684210527	O=C(c1cc(NCC[C@@H]2C[C@@H]3C=C[C@H]2C3)ccn1)N1CCOCC1	4.0	1.0	True	6.0
CHEMBL2328226	O=C(NS(=O)(=O)/C=C/c1ccccc1)c1ccc(Cl)s1	InChI=1S/C13H10ClNO3S2/c14-12-7-6-11(19-12)13(16)15-20(17,18)9-8-10-4-2-1-3-5-10/h1-9H,(H,15,16)/b9-8+	XCEMKUDVLIGPTO-CMDGGOBGSA-N	chembl_36	327.8140000000001	3.1320000000000014	63.24	0.0	O=C(NS(=O)(=O)/C=C/c1ccccc1)c1cccs1	4.0	1.0	True	6.0
CHEMBL1618796	O=C(Nc1ccc(Cl)c(-c2nc3ccccc3o2)c1)C1CCCCC1	InChI=1S/C20H19ClN2O2/c21-16-11-10-14(22-19(24)13-6-2-1-3-7-13)12-15(16)20-23-17-8-4-5-9-18(17)25-20/h4-5,8-13H,1-3,6-7H2,(H,22,24)	RQJXIMZFINSTGS-UHFFFAOYSA-N	chembl_36	354.8370000000002	5.667000000000003	55.13	0.3	O=C(Nc1cccc(-c2nc3ccccc3o2)c1)C1CCCCC1	3.0	1.0	True	6.0
CHEMBL1914550	Cc1nc(COC[C@@H]2CCC[C@@]23CNCCO3)cs1.Cl.Cl	InChI=1S/C14H22N2O2S.2ClH/c1-11-16-13(9-19-11)8-17-7-12-3-2-4-14(12)10-15-5-6-18-14;;/h9,12,15H,2-8,10H2,1H3;2*1H/t12-,14+;;/m0../s1	SGMKCXVBKKGHEC-CIKMBUIBSA-N	chembl_36	355.33099999999996	2.9704200000000016	43.379999999999995	0.7857142857142857	c1nc(COC[C@@H]2CCC[C@@]23CNCCO3)cs1	5.0	1.0	True	6.0
CHEMBL2326669	CC(C)c1ccc(Nc2nn3c(=O)cc(C(F)(F)F)nc3s2)cc1	InChI=1S/C15H13F3N4OS/c1-8(2)9-3-5-10(6-4-9)19-13-21-22-12(23)7-11(15(16,17)18)20-14(22)24-13/h3-8H,1-2H3,(H,19,21)	UZXKNLTUFFIXEM-UHFFFAOYSA-N	chembl_36	354.35699999999997	4.036800000000002	59.290000000000006	0.26666666666666666	O=c1ccnc2sc(Nc3ccccc3)nn12	6.0	1.0	True	6.0
CHEMBL1142163	COc1ccc2c(c1)[nH]c1c2sc2c1c(=O)c(C(=O)O)cn2C1CC1	InChI=1S/C18H14N2O4S/c1-24-9-4-5-10-12(6-9)19-14-13-15(21)11(18(22)23)7-20(8-2-3-8)17(13)25-16(10)14/h4-8,19H,2-3H2,1H3,(H,22,23)	IDAISBQLJLQTMR-UHFFFAOYSA-N	chembl_36	354.38700000000006	3.739200000000002	84.32	0.2222222222222222	O=c1ccn(C2CC2)c2sc3c4ccccc4[nH]c3c12	5.0	2.0	True	6.0
CHEMBL2094790	CCN(C/C=C/c1ccccc1)Cc1ccc2c(c1)CCCCC2.Cl	InChI=1S/C23H29N.ClH/c1-2-24(17-9-12-20-10-5-3-6-11-20)19-21-15-16-22-13-7-4-8-14-23(22)18-21;/h3,5-6,9-12,15-16,18H,2,4,7-8,13-14,17,19H2,1H3;1H/b12-9+;	BKALXEAPTDKORC-NBYYMMLRSA-N	chembl_36	355.95300000000015	5.9126000000000065	3.24	0.391304347826087	C(=C/c1ccccc1)\CNCc1ccc2c(c1)CCCCC2	1.0	0.0	True	7.0
CHEMBL2325840	O=S(=O)(c1ccc2c(c1)OCO2)N1CCN(C[C@@H]2CCCO2)CC1	InChI=1S/C16H22N2O5S/c19-24(20,14-3-4-15-16(10-14)23-12-22-15)18-7-5-17(6-8-18)11-13-2-1-9-21-13/h3-4,10,13H,1-2,5-9,11-12H2/t13-/m0/s1	NAKWPXNZCATJNY-ZDUSSCGKSA-N	chembl_36	354.42800000000017	0.9005999999999998	68.31000000000002	0.625	O=S(=O)(c1ccc2c(c1)OCO2)N1CCN(C[C@@H]2CCCO2)CC1	6.0	0.0	True	6.0
CHEMBL2611229	Cc1cc(NC(=O)NC[C@@H]2Cc3ccccc3CO2)nn1C(C)C1CC1	InChI=1S/C20H26N4O2/c1-13-9-19(23-24(13)14(2)15-7-8-15)22-20(25)21-11-18-10-16-5-3-4-6-17(16)12-26-18/h3-6,9,14-15,18H,7-8,10-12H2,1-2H3,(H2,21,22,23,25)/t14?,18-/m0/s1	MOUMSGAZOTZFDR-IBYPIGCZSA-N	chembl_36	354.4540000000001	3.4255200000000023	68.18	0.5	O=C(NC[C@@H]1Cc2ccccc2CO1)Nc1ccn(CC2CC2)n1	4.0	2.0	True	6.0
CHEMBL2432927	Cc1cc(Oc2nccc3occc23)cc(C)c1-c1cccc2nccn12	InChI=1S/C22H17N3O2/c1-14-12-16(27-22-17-7-11-26-19(17)6-8-24-22)13-15(2)21(14)18-4-3-5-20-23-9-10-25(18)20/h3-13H,1-2H3	BTCQFTWDLCABNK-UHFFFAOYSA-N	chembl_36	355.39700000000005	5.551640000000004	52.56	0.09090909090909091	c1cc(-c2ccc(Oc3nccc4occc34)cc2)n2ccnc2c1	5.0	0.0	True	6.0
CHEMBL1698766	O=C(Cc1nnc(NC(=O)c2ccccc2)s1)N/N=C/c1ccco1	InChI=1S/C16H13N5O3S/c22-13(19-17-10-12-7-4-8-24-12)9-14-20-21-16(25-14)18-15(23)11-5-2-1-3-6-11/h1-8,10H,9H2,(H,19,22)(H,18,21,23)/b17-10+	TVBMOENGKVHBAI-LICLKQGHSA-N	chembl_36	355.3790000000001	2.0762	109.48	0.0625	O=C(Cc1nnc(NC(=O)c2ccccc2)s1)N/N=C/c1ccco1	7.0	2.0	True	6.0
CHEMBL195413	O=c1[nH]n(Cc2ccncc2)c(=O)c2c(=O)c3ccc(Cl)cc3[nH]c12	InChI=1S/C17H11ClN4O3/c18-10-1-2-11-12(7-10)20-14-13(15(11)23)17(25)22(21-16(14)24)8-9-3-5-19-6-4-9/h1-7H,8H2,(H,20,23)(H,21,24)	HXAUOPBEYSUYJM-UHFFFAOYSA-N	chembl_36	354.75300000000004	1.6279999999999994	100.60999999999999	0.058823529411764705	O=c1[nH]n(Cc2ccncc2)c(=O)c2c(=O)c3ccccc3[nH]c12	5.0	2.0	True	6.0
CHEMBL1108979	CN(c1ncnc2sc3c(c12)CCC3)C1CCS(=O)(=O)C1	InChI=1S/C14H17N3O2S2/c1-17(9-5-6-21(18,19)7-9)13-12-10-3-2-4-11(10)20-14(12)16-8-15-13/h8-9H,2-7H2,1H3	GMGYDFBSVHKIFV-UHFFFAOYSA-N	chembl_36	323.443	1.8033000000000001	63.160000000000004	0.5714285714285714	O=S1(=O)CCC(Nc2ncnc3sc4c(c23)CCC4)C1	6.0	0.0	True	6.0
CHEMBL3223432	NC(=O)c1cc(-c2ccc(F)cc2F)c2c(n1)O[C@H](CF)CC2	InChI=1S/C16H13F3N2O2/c17-7-9-2-4-11-12(10-3-1-8(18)5-13(10)19)6-14(15(20)22)21-16(11)23-9/h1,3,5-6,9H,2,4,7H2,(H2,20,22)/t9-/m0/s1	DNJIAVYSGAYAOM-VIFPVBQESA-N	chembl_36	322.28600000000006	2.788800000000001	65.21000000000001	0.25	c1ccc(-c2ccnc3c2CCCO3)cc1	3.0	1.0	True	6.0
CHEMBL2710142	Cc1cc(Nc2ccc(C)c(F)c2)n2nc(-c3ccco3)nc2n1	InChI=1S/C17H14FN5O/c1-10-5-6-12(9-13(10)18)20-15-8-11(2)19-17-21-16(22-23(15)17)14-4-3-7-24-14/h3-9,20H,1-2H3	MNGNDNJHOYEFMA-UHFFFAOYSA-N	chembl_36	323.331	3.883840000000002	68.25	0.11764705882352941	c1ccc(Nc2ccnc3nc(-c4ccco4)nn23)cc1	6.0	1.0	True	6.0
CHEMBL1864268	Cc1cccc(CN2CCCC[C@H]3CN(c4ncccn4)C[C@H]32)c1	InChI=1S/C20H26N4/c1-16-6-4-7-17(12-16)13-23-11-3-2-8-18-14-24(15-19(18)23)20-21-9-5-10-22-20/h4-7,9-10,12,18-19H,2-3,8,11,13-15H2,1H3/t18-,19+/m0/s1	XYGOFIJLVCWYAF-RBUKOAKNSA-N	chembl_36	322.456	3.275920000000002	32.260000000000005	0.5	c1ccc(CN2CCCC[C@H]3CN(c4ncccn4)C[C@H]32)cc1	4.0	0.0	True	7.0
CHEMBL991739	Cc1oc(C(=O)Nc2ccc(O)cc2)cc1COc1ccccc1	InChI=1S/C19H17NO4/c1-13-14(12-23-17-5-3-2-4-6-17)11-18(24-13)19(22)20-15-7-9-16(21)10-8-15/h2-11,21H,12H2,1H3,(H,20,22)	ZJFWEPODJBPURP-UHFFFAOYSA-N	chembl_36	323.348	4.124920000000002	71.7	0.10526315789473684	O=C(Nc1ccccc1)c1cc(COc2ccccc2)co1	4.0	2.0	True	6.0
CHEMBL1913341	O=C(NCCn1nc2ccccn2c1=O)c1cccc2[nH]ncc12	InChI=1S/C16H14N6O2/c23-15(11-4-3-5-13-12(11)10-18-19-13)17-7-9-22-16(24)21-8-2-1-6-14(21)20-22/h1-6,8,10H,7,9H2,(H,17,23)(H,18,19)	YOBDLORFVRGLNS-UHFFFAOYSA-N	chembl_36	322.3280000000001	0.8022999999999993	97.08	0.125	O=C(NCCn1nc2ccccn2c1=O)c1cccc2[nH]ncc12	6.0	2.0	True	6.0
CHEMBL3118419	Cc1c(F)cccc1[C@]1(C(=O)NO)CC[C@@H](N2CCOCC2)C1	InChI=1S/C17H23FN2O3/c1-12-14(3-2-4-15(12)18)17(16(21)19-22)6-5-13(11-17)20-7-9-23-10-8-20/h2-4,13,22H,5-11H2,1H3,(H,19,21)/t13-,17+/m1/s1	XJEBSWFKAUTCSF-DYVFJYSZSA-N	chembl_36	322.38000000000017	1.7620200000000001	61.8	0.5882352941176471	c1ccc(C2CC[C@@H](N3CCOCC3)C2)cc1	4.0	2.0	True	6.0
CHEMBL353841	COc1cc(Nc2snc(O)c2C2=NNNN2)cc(OC)c1	InChI=1S/C12H14N6O3S/c1-20-7-3-6(4-8(5-7)21-2)13-12-9(11(19)16-22-12)10-14-17-18-15-10/h3-5,13,17-18H,1-2H3,(H,14,15)(H,16,19)	NPFCLSDFKLVLKN-UHFFFAOYSA-N	chembl_36	322.35000000000014	0.8835	112.06	0.16666666666666666	c1ccc(Nc2sncc2C2=NNNN2)cc1	10.0	5.0	True	6.0
CHEMBL1903451	C[C@]1(O)CCN(Cc2cncs2)C[C@@H]1Oc1cccc(F)c1	InChI=1S/C16H19FN2O2S/c1-16(20)5-6-19(9-14-8-18-11-22-14)10-15(16)21-13-4-2-3-12(17)7-13/h2-4,7-8,11,15,20H,5-6,9-10H2,1H3/t15-,16-/m0/s1	QMDLFLSPXAMFKF-HOTGVXAUSA-N	chembl_36	322.40500000000003	2.6865000000000014	45.59	0.4375	c1ccc(O[C@@H]2CCCN(Cc3cncs3)C2)cc1	5.0	1.0	True	6.0
CHEMBL1727463	C=CCc1cc(C)c(O)c(C)c1CCCCNCc1ccccc1	InChI=1S/C22H29NO/c1-4-10-20-15-17(2)22(24)18(3)21(20)13-8-9-14-23-16-19-11-6-5-7-12-19/h4-7,11-12,15,23-24H,1,8-10,13-14,16H2,2-3H3	PRJUASUTZXUHPR-UHFFFAOYSA-N	chembl_36	323.47999999999996	4.850040000000004	32.26	0.36363636363636365	c1ccc(CCCCNCc2ccccc2)cc1	2.0	2.0	True	6.0
CHEMBL1103688	O=C(COC(=O)c1nsc(Cl)c1Cl)NC1CCCCC1	InChI=1S/C12H14Cl2N2O3S/c13-9-10(16-20-11(9)14)12(18)19-6-8(17)15-7-4-2-1-3-5-7/h7H,1-6H2,(H,15,17)	NASOOQJFQLWZHE-UHFFFAOYSA-N	chembl_36	337.22800000000024	3.055600000000002	68.29	0.5833333333333334	O=C(COC(=O)c1ccsn1)NC1CCCCC1	5.0	1.0	True	6.0
CHEMBL493683	O=C1OC2(CCN(c3nc4c(F)cccc4[nH]3)CC2)c2ccccc21	InChI=1S/C19H16FN3O2/c20-14-6-3-7-15-16(14)22-18(21-15)23-10-8-19(9-11-23)13-5-2-1-4-12(13)17(24)25-19/h1-7H,8-11H2,(H,21,22)	AIZJPOGTTHGYIG-UHFFFAOYSA-N	chembl_36	337.3540000000001	3.368100000000002	58.22	0.2631578947368421	O=C1OC2(CCN(c3nc4ccccc4[nH]3)CC2)c2ccccc21	4.0	1.0	True	6.0
CHEMBL1912969	Cc1nc(C2CCCN(C(=O)C(C)(C)n3cc(Cl)cn3)C2)no1	InChI=1S/C15H20ClN5O2/c1-10-18-13(19-23-10)11-5-4-6-20(8-11)14(22)15(2,3)21-9-12(16)7-17-21/h7,9,11H,4-6,8H2,1-3H3	NTXPGLARWUUJSN-UHFFFAOYSA-N	chembl_36	337.81100000000004	2.3692200000000003	77.05000000000001	0.6	O=C(Cn1cccn1)N1CCCC(c2ncon2)C1	6.0	0.0	True	6.0
CHEMBL2580414	Cc1cccc(C)c1Oc1ccccc1NC(=O)CCc1nnc[nH]1	InChI=1S/C19H20N4O2/c1-13-6-5-7-14(2)19(13)25-16-9-4-3-8-15(16)22-18(24)11-10-17-20-12-21-23-17/h3-9,12H,10-11H2,1-2H3,(H,22,24)(H,20,21,23)	GDTGRUAKMMQDTE-UHFFFAOYSA-N	chembl_36	336.39500000000004	3.785140000000002	79.9	0.21052631578947367	O=C(CCc1nnc[nH]1)Nc1ccccc1Oc1ccccc1	4.0	2.0	True	6.0
CHEMBL1880317	CCC(C)n1cnc(S(=O)(=O)N(Cc2cccnc2)C(C)C)c1	InChI=1S/C16H24N4O2S/c1-5-14(4)19-11-16(18-12-19)23(21,22)20(13(2)3)10-15-7-6-8-17-9-15/h6-9,11-14H,5,10H2,1-4H3	JXKIHVMXYBACHK-UHFFFAOYSA-N	chembl_36	336.46100000000007	2.8484000000000016	68.09	0.5	O=S(=O)(NCc1cccnc1)c1c[nH]cn1	5.0	0.0	True	6.0
CHEMBL883802	Cc1cc(NC(=O)c2sccc2C)n(-c2nc3ccccc3[nH]2)n1	InChI=1S/C17H15N5OS/c1-10-7-8-24-15(10)16(23)20-14-9-11(2)21-22(14)17-18-12-5-3-4-6-13(12)19-17/h3-9H,1-2H3,(H,18,19)(H,20,23)	NQBSROWIFNQTPN-UHFFFAOYSA-N	chembl_36	337.408	3.679240000000002	75.6	0.11764705882352941	O=C(Nc1ccnn1-c1nc2ccccc2[nH]1)c1cccs1	5.0	2.0	True	6.0
CHEMBL2092228	O=c1ccccn1C[C@@H]1CNCCO[C@H]1c1ccc(Cl)c(F)c1	InChI=1S/C17H18ClFN2O2/c18-14-5-4-12(9-15(14)19)17-13(10-20-6-8-23-17)11-21-7-2-1-3-16(21)22/h1-5,7,9,13,17,20H,6,8,10-11H2/t13-,17-/m0/s1	PZYPYVNKHXTQCH-GUYCJALGSA-N	chembl_36	336.794	2.6181	43.260000000000005	0.35294117647058826	O=c1ccccn1C[C@@H]1CNCCO[C@H]1c1ccccc1	4.0	1.0	True	7.0
CHEMBL950044	O=C(NCc1ccccc1)/C(=C/c1ccco1)NC(=O)c1ccco1	InChI=1S/C19H16N2O4/c22-18(20-13-14-6-2-1-3-7-14)16(12-15-8-4-10-24-15)21-19(23)17-9-5-11-25-17/h1-12H,13H2,(H,20,22)(H,21,23)/b16-12-	VKUPHYCVEOWYFP-VBKFSLOCSA-N	chembl_36	336.3470000000001	2.959900000000001	84.48	0.05263157894736842	O=C(NCc1ccccc1)/C(=C/c1ccco1)NC(=O)c1ccco1	4.0	2.0	True	6.0
CHEMBL766125	O=[N+]([O-])c1ccc(-c2csc(N3CCc4ccccc4C3)n2)cc1	InChI=1S/C18H15N3O2S/c22-21(23)16-7-5-14(6-8-16)17-12-24-18(19-17)20-10-9-13-3-1-2-4-15(13)11-20/h1-8,12H,9-11H2	OEDLAFZNROBKDF-UHFFFAOYSA-N	chembl_36	337.40400000000005	4.281000000000003	59.27	0.16666666666666666	c1ccc(-c2csc(N3CCc4ccccc4C3)n2)cc1	5.0	0.0	True	6.0
CHEMBL3059355	C[C@@]12CN(c3ncnc4[nH]ccc34)CC[C@@H]1CN(S(N)(=O)=O)C2	InChI=1S/C14H20N6O2S/c1-14-7-19(13-11-2-4-16-12(11)17-9-18-13)5-3-10(14)6-20(8-14)23(15,21)22/h2,4,9-10H,3,5-8H2,1H3,(H2,15,21,22)(H,16,17,18)/t10-,14+/m1/s1	WMPXBBCGKGLHBE-YGRLFVJLSA-N	chembl_36	336.4210000000001	0.3096000000000002	108.21000000000001	0.5714285714285714	c1nc(N2CC[C@@H]3CNCC3C2)c2cc[nH]c2n1	5.0	2.0	True	6.0
CHEMBL1745941	CC(=O)NCCN(C)c1cccc(OCCCCc2ccccc2)c1	InChI=1S/C21H28N2O2/c1-18(24)22-14-15-23(2)20-12-8-13-21(17-20)25-16-7-6-11-19-9-4-3-5-10-19/h3-5,8-10,12-13,17H,6-7,11,14-16H2,1-2H3,(H,22,24)	VJIVACBGAAEDPS-UHFFFAOYSA-N	chembl_36	340.467	3.660600000000003	41.57000000000001	0.38095238095238093	c1ccc(CCCCOc2ccccc2)cc1	3.0	1.0	True	6.0
CHEMBL2708644	Cc1cccc2c1O[C@H](C(=O)N(C)Cc1c(C)nc3sccn13)C2	InChI=1S/C18H19N3O2S/c1-11-5-4-6-13-9-15(23-16(11)13)17(22)20(3)10-14-12(2)19-18-21(14)7-8-24-18/h4-8,15H,9-10H2,1-3H3/t15-/m0/s1	KJSRRCFEFUPMHT-HNNXBMFYSA-N	chembl_36	341.43600000000004	2.9747400000000015	46.84	0.3333333333333333	O=C(NCc1cnc2sccn12)[C@@H]1Cc2ccccc2O1	5.0	0.0	True	6.0
CHEMBL2019436	O=C(NCCO)c1ccc(OCc2conc2-c2ccccn2)nc1	InChI=1S/C17H16N4O4/c22-8-7-19-17(23)12-4-5-15(20-9-12)24-10-13-11-25-21-16(13)14-3-1-2-6-18-14/h1-6,9,11,22H,7-8,10H2,(H,19,23)	AHUSPBKZGQZHQB-UHFFFAOYSA-N	chembl_36	340.339	1.4326999999999999	110.37	0.17647058823529413	c1ccc(OCc2conc2-c2ccccn2)nc1	7.0	2.0	True	6.0
CHEMBL1740299	O=C(/N=C1\NC2(CCCCO2)CCS1)c1cccc2ccccc12	InChI=1S/C19H20N2O2S/c22-17(16-9-5-7-14-6-1-2-8-15(14)16)20-18-21-19(11-13-24-18)10-3-4-12-23-19/h1-2,5-9H,3-4,10-13H2,(H,20,21,22)	XYRRKUFFNZZRMJ-UHFFFAOYSA-N	chembl_36	340.44800000000004	3.9593000000000034	50.69	0.3684210526315789	O=C(/N=C1\NC2(CCCCO2)CCS1)c1cccc2ccccc12	3.0	1.0	True	6.0
CHEMBL2581562	O=C(Cn1nc(C2CC2)ccc1=O)N1CCN(c2ncccn2)CC1	InChI=1S/C17H20N6O2/c24-15-5-4-14(13-2-3-13)20-23(15)12-16(25)21-8-10-22(11-9-21)17-18-6-1-7-19-17/h1,4-7,13H,2-3,8-12H2	YBWZQZWITQPUTJ-UHFFFAOYSA-N	chembl_36	340.38700000000006	0.2594999999999994	84.22000000000001	0.47058823529411764	O=C(Cn1nc(C2CC2)ccc1=O)N1CCN(c2ncccn2)CC1	7.0	0.0	True	6.0
CHEMBL2582433	CC1CCN(C(=O)NCC2CCC(F)(F)CC2)CC1n1ccnc1	InChI=1S/C17H26F2N4O/c1-13-4-8-22(11-15(13)23-9-7-20-12-23)16(24)21-10-14-2-5-17(18,19)6-3-14/h7,9,12-15H,2-6,8,10-11H2,1H3,(H,21,24)	JONNTNPZRJQGOD-UHFFFAOYSA-N	chembl_36	340.418	3.3011000000000017	50.160000000000004	0.7647058823529411	O=C(NCC1CCCCC1)N1CCCC(n2ccnc2)C1	3.0	1.0	True	6.0
CHEMBL1757935	COc1cc2oc3c(c(=O)c2c(O)c1C)-c1ccccc1OC3OC	InChI=1S/C19H16O6/c1-9-12(22-2)8-13-15(16(9)20)17(21)14-10-6-4-5-7-11(10)25-19(23-3)18(14)24-13/h4-8,19-20H,1-3H3	SRHRAINFNPVRDF-UHFFFAOYSA-N	chembl_36	340.3310000000001	3.5200200000000015	78.13000000000001	0.21052631578947367	O=c1c2c(oc3ccccc13)COc1ccccc1-2	6.0	1.0	True	6.0
CHEMBL1238656	CCn1c(NC(=O)C(C)C)c(-c2cccs2)c(=O)c2ccccc21	InChI=1S/C19H20N2O2S/c1-4-21-14-9-6-5-8-13(14)17(22)16(15-10-7-11-24-15)18(21)20-19(23)12(2)3/h5-12H,4H2,1-3H3,(H,20,23)	IPZMZZQUFWVCAV-UHFFFAOYSA-N	chembl_36	340.4480000000001	4.344400000000003	51.1	0.2631578947368421	O=c1c(-c2cccs2)c[nH]c2ccccc12	4.0	1.0	True	6.0
CHEMBL2585360	O=C(NCC1(O)CCC1)Nc1ccc(COCc2ccccc2)cc1	InChI=1S/C20H24N2O3/c23-19(21-15-20(24)11-4-12-20)22-18-9-7-17(8-10-18)14-25-13-16-5-2-1-3-6-16/h1-3,5-10,24H,4,11-15H2,(H2,21,22,23)	UYPLGVGEMKFLAB-UHFFFAOYSA-N	chembl_36	340.423	3.4399000000000024	70.59	0.35	O=C(NCC1CCC1)Nc1ccc(COCc2ccccc2)cc1	3.0	3.0	True	6.0
CHEMBL1903711	CCc1nccn1C1CCCN(C(=O)c2ccc3c(c2)OCCO3)C1	InChI=1S/C19H23N3O3/c1-2-18-20-7-9-22(18)15-4-3-8-21(13-15)19(23)14-5-6-16-17(12-14)25-11-10-24-16/h5-7,9,12,15H,2-4,8,10-11,13H2,1H3	RSCPJLKTJBPALM-UHFFFAOYSA-N	chembl_36	341.4110000000001	2.694000000000001	56.59	0.47368421052631576	O=C(c1ccc2c(c1)OCCO2)N1CCCC(n2ccnc2)C1	5.0	0.0	True	6.0
CHEMBL617747	NC(=O)/N=C(/NCCCc1ccccc1)NCCCc1c[nH]cn1	InChI=1S/C17H24N6O/c18-16(24)23-17(21-11-5-9-15-12-19-13-22-15)20-10-4-8-14-6-2-1-3-7-14/h1-3,6-7,12-13H,4-5,8-11H2,(H,19,22)(H4,18,20,21,23,24)	NIVSSSJAKDSECS-UHFFFAOYSA-N	chembl_36	328.4200000000001	1.5889999999999993	108.19000000000001	0.35294117647058826	N=C(NCCCc1ccccc1)NCCCc1c[nH]cn1	2.0	4.0	True	6.0
CHEMBL1908721	O=C(CCCOCc1ccccc1)N1CCCC(n2cncn2)C1	InChI=1S/C18H24N4O2/c23-18(9-5-11-24-13-16-6-2-1-3-7-16)21-10-4-8-17(12-21)22-15-19-14-20-22/h1-3,6-7,14-15,17H,4-5,8-13H2	PBTNZXYBJVLUPL-UHFFFAOYSA-N	chembl_36	328.41600000000005	2.4386	60.25	0.5	O=C(CCCOCc1ccccc1)N1CCCC(n2cncn2)C1	5.0	0.0	True	6.0
CHEMBL3166805	Cc1nc(C2CCC2)n(Cc2cn(-c3ccc(Cl)cc3)nn2)n1	InChI=1S/C16H17ClN6/c1-11-18-16(12-3-2-4-12)23(20-11)10-14-9-22(21-19-14)15-7-5-13(17)6-8-15/h5-9,12H,2-4,10H2,1H3	KTERBHGAOPMQME-UHFFFAOYSA-N	chembl_36	328.807	3.136420000000001	61.42	0.375	c1ccc(-n2cc(Cn3ncnc3C3CCC3)nn2)cc1	6.0	0.0	True	6.0
CHEMBL1903303	Fc1ccc(CN2CCC(c3n[nH]c4nccnc34)CC2)cc1F	InChI=1S/C17H17F2N5/c18-13-2-1-11(9-14(13)19)10-24-7-3-12(4-8-24)15-16-17(23-22-15)21-6-5-20-16/h1-2,5-6,9,12H,3-4,7-8,10H2,(H,21,22,23)	RWZTURNGNIXWSO-UHFFFAOYSA-N	chembl_36	329.35400000000016	3.0107000000000017	57.7	0.35294117647058826	c1ccc(CN2CCC(c3n[nH]c4nccnc34)CC2)cc1	4.0	1.0	True	6.0
CHEMBL284236	O=C(O)COc1cc2c(c(Cl)c1Cl)C(=O)C1(CCCC1)C2	InChI=1S/C15H14Cl2O4/c16-12-9(21-7-10(18)19)5-8-6-15(3-1-2-4-15)14(20)11(8)13(12)17/h5H,1-4,6-7H2,(H,18,19)	BRWBFVPXRMAQID-UHFFFAOYSA-N	chembl_36	329.1790000000002	3.756000000000002	63.6	0.4666666666666667	O=C1c2ccccc2CC12CCCC2	3.0	1.0	True	6.0
CHEMBL1099272	Cc1ccc(C)c(N2N=C(C(=O)Nc3nccs3)CCC2=O)c1	InChI=1S/C16H16N4O2S/c1-10-3-4-11(2)13(9-10)20-14(21)6-5-12(19-20)15(22)18-16-17-7-8-23-16/h3-4,7-9H,5-6H2,1-2H3,(H,17,18,22)	ZLEXTCJSZDVHNF-UHFFFAOYSA-N	chembl_36	328.39700000000016	2.8814400000000013	74.66	0.25	O=C(Nc1nccs1)C1=NN(c2ccccc2)C(=O)CC1	5.0	1.0	True	6.0
CHEMBL2626735	COc1ccc(CNC(=O)C(=O)Nc2[nH]ncc2C#N)cc1OC	InChI=1S/C15H15N5O4/c1-23-11-4-3-9(5-12(11)24-2)7-17-14(21)15(22)19-13-10(6-16)8-18-20-13/h3-5,8H,7H2,1-2H3,(H,17,21)(H2,18,19,20,22)	ZLXOKZRTUSGHTJ-UHFFFAOYSA-N	chembl_36	329.3160000000001	0.5534799999999993	129.13	0.2	O=C(NCc1ccccc1)C(=O)Nc1ccn[nH]1	6.0	3.0	True	6.0
CHEMBL1871901	Cc1ccc(OCCn2cnc3oc(C)c(C(=O)O)c3c2=O)cc1	InChI=1S/C17H16N2O5/c1-10-3-5-12(6-4-10)23-8-7-19-9-18-15-14(16(19)20)13(17(21)22)11(2)24-15/h3-6,9H,7-8H2,1-2H3,(H,21,22)	HQIIIWURSQXDRG-UHFFFAOYSA-N	chembl_36	328.32400000000007	2.38354	94.56	0.23529411764705882	O=c1c2ccoc2ncn1CCOc1ccccc1	6.0	1.0	True	6.0
CHEMBL2236447	CCCCCn1c(=O)n(CC(=O)NC2CC2)c(=O)c2ccccc21	InChI=1S/C18H23N3O3/c1-2-3-6-11-20-15-8-5-4-7-14(15)17(23)21(18(20)24)12-16(22)19-13-9-10-13/h4-5,7-8,13H,2-3,6,9-12H2,1H3,(H,19,22)	VOMLCGJTCUTBOM-UHFFFAOYSA-N	chembl_36	329.40000000000003	1.6319999999999997	73.1	0.5	O=C(Cn1c(=O)[nH]c2ccccc2c1=O)NC1CC1	5.0	1.0	True	6.0
CHEMBL232313	COc1ccc(Sc2ccc3nc(N)nc(N)c3n2)cc1OC	InChI=1S/C15H15N5O2S/c1-21-10-5-3-8(7-11(10)22-2)23-12-6-4-9-13(19-12)14(16)20-15(17)18-9/h3-7H,1-2H3,(H4,16,17,18,20)	CWOCTKXQFPYUJK-UHFFFAOYSA-N	chembl_36	329.3850000000001	2.3575999999999997	109.17	0.13333333333333333	c1ccc(Sc2ccc3ncncc3n2)cc1	8.0	2.0	True	6.0
CHEMBL2949129	CC1(N)CCN(c2nnc(-c3ccc4cc[nH]c4c3)s2)CC1	InChI=1S/C16H19N5S/c1-16(17)5-8-21(9-6-16)15-20-19-14(22-15)12-3-2-11-4-7-18-13(11)10-12/h2-4,7,10,18H,5-6,8-9,17H2,1H3	XRTKMIQYAKEYFC-UHFFFAOYSA-N	chembl_36	313.4300000000001	3.0040000000000013	70.83	0.375	c1cc2ccc(-c3nnc(N4CCCCC4)s3)cc2[nH]1	5.0	2.0	True	6.0
CHEMBL1700446	CC/C(Cc1ccccc1)=N/NC(=O)CNc1ccc(F)cc1	InChI=1S/C18H20FN3O/c1-2-16(12-14-6-4-3-5-7-14)21-22-18(23)13-20-17-10-8-15(19)9-11-17/h3-11,20H,2,12-13H2,1H3,(H,22,23)/b21-16-	IZTHNEQXQUZLCB-PGMHBOJBSA-N	chembl_36	313.376	3.3625000000000016	53.49	0.2222222222222222	O=C(CNc1ccccc1)NN=CCc1ccccc1	3.0	2.0	True	6.0
CHEMBL3221955	Cn1cc(-c2ccc(C(=O)NC3CCN(C#N)C3)cc2F)cn1	InChI=1S/C16H16FN5O/c1-21-8-12(7-19-21)14-3-2-11(6-15(14)17)16(23)20-13-4-5-22(9-13)10-18/h2-3,6-8,13H,4-5,9H2,1H3,(H,20,23)	FNOMVXJLTJMMGJ-UHFFFAOYSA-N	chembl_36	313.33599999999996	1.51138	73.95	0.3125	O=C(NC1CCNC1)c1ccc(-c2cn[nH]c2)cc1	5.0	1.0	True	6.0
CHEMBL2939619	CCn1c(=O)c(N2C[C@H]3C[C@@H](O)CC[C@H]3C2)nc2ccccc21	InChI=1S/C18H23N3O2/c1-2-21-16-6-4-3-5-15(16)19-17(18(21)23)20-10-12-7-8-14(22)9-13(12)11-20/h3-6,12-14,22H,2,7-11H2,1H3/t12-,13+,14-/m0/s1	KBVAOJUJBXPFBJ-MJBXVCDLSA-N	chembl_36	313.401	2.0135999999999994	58.36	0.5555555555555556	O=c1[nH]c2ccccc2nc1N1C[C@H]2CCCC[C@H]2C1	5.0	1.0	True	6.0
CHEMBL1444809	Cc1ccc2c(c1)N/C(=C/C(=O)c1ccc(Cl)cc1)C(=O)O2	InChI=1S/C17H12ClNO3/c1-10-2-7-16-13(8-10)19-14(17(21)22-16)9-15(20)11-3-5-12(18)6-4-11/h2-9,19H,1H3/b14-9+	XQMPRRRVCCFMKA-NTEUORMPSA-N	chembl_36	313.74000000000007	3.746120000000003	55.400000000000006	0.058823529411764705	O=C1Oc2ccccc2N/C1=C/C(=O)c1ccccc1	4.0	1.0	True	6.0
CHEMBL933771	Cc1cccc(-c2noc(CCC(=O)NC3CCCCC3)n2)c1	InChI=1S/C18H23N3O2/c1-13-6-5-7-14(12-13)18-20-17(23-21-18)11-10-16(22)19-15-8-3-2-4-9-15/h5-7,12,15H,2-4,8-11H2,1H3,(H,19,22)	VJXSMKQDJNNFPA-UHFFFAOYSA-N	chembl_36	313.40100000000007	3.426520000000002	68.02000000000001	0.5	O=C(CCc1nc(-c2ccccc2)no1)NC1CCCCC1	4.0	1.0	True	6.0
CHEMBL1933934	CN(C)C1CC2(CCN(C(=O)NC3CC3)CC2)c2ccccc21	InChI=1S/C19H27N3O/c1-21(2)17-13-19(16-6-4-3-5-15(16)17)9-11-22(12-10-19)18(23)20-14-7-8-14/h3-6,14,17H,7-13H2,1-2H3,(H,20,23)	VGGFLXBBSSWXEU-UHFFFAOYSA-N	chembl_36	313.445	2.898600000000001	35.58	0.631578947368421	O=C(NC1CC1)N1CCC2(CCc3ccccc32)CC1	2.0	1.0	True	6.0
CHEMBL468330	O=C(CP(=O)([O-])OCc1ccccc1)c1ccccc1.[Na+]	InChI=1S/C15H15O4P.Na/c16-15(14-9-5-2-6-10-14)12-20(17,18)19-11-13-7-3-1-4-8-13;/h1-10H,11-12H2,(H,17,18);/q;+1/p-1	OCPILLABUASNAT-UHFFFAOYSA-M	chembl_36	312.237	-0.35650000000000004	66.43	0.13333333333333333	O=C(C[PH](=O)OCc1ccccc1)c1ccccc1	4.0	0.0	True	6.0
CHEMBL2553665	O=C(CCOc1ccccc1)N[C@@H](Cc1ccccc1)C(=O)O	InChI=1S/C18H19NO4/c20-17(11-12-23-15-9-5-2-6-10-15)19-16(18(21)22)13-14-7-3-1-4-8-14/h1-10,16H,11-13H2,(H,19,20)(H,21,22)/t16-/m0/s1	QZGSQRTUVDTDDL-INIZCTEOSA-N	chembl_36	313.35300000000007	2.2676	75.63	0.2222222222222222	O=C(CCOc1ccccc1)NCCc1ccccc1	3.0	2.0	True	6.0
CHEMBL211683	C[C@H](N)C(=O)N1CCCCC1P(=O)(O)Oc1ccccc1	InChI=1S/C14H21N2O4P/c1-11(15)14(17)16-10-6-5-9-13(16)21(18,19)20-12-7-3-2-4-8-12/h2-4,7-8,11,13H,5-6,9-10,15H2,1H3,(H,18,19)/t11-,13?/m0/s1	JVGMFBHHYFYOIO-AMGKYWFPSA-N	chembl_36	312.306	1.9365999999999997	92.86000000000001	0.5	O=[PH](Oc1ccccc1)C1CCCCN1	4.0	2.0	True	6.0
CHEMBL2575699	COc1cc(OCC(=O)NC(C2CC2)C2CC2)ccc1C#N	InChI=1S/C17H20N2O3/c1-21-15-8-14(7-6-13(15)9-18)22-10-16(20)19-17(11-2-3-11)12-4-5-12/h6-8,11-12,17H,2-5,10H2,1H3,(H,19,20)	PSCJGAOCOVPJEW-UHFFFAOYSA-N	chembl_36	300.358	2.2504800000000005	71.35	0.5294117647058824	O=C(COc1ccccc1)NC(C1CC1)C1CC1	4.0	1.0	True	6.0
CHEMBL8817	Cc1c(Nn2c(C)ccc2C)nnc(N2CCOCC2)c1C	InChI=1S/C16H23N5O/c1-11-5-6-12(2)21(11)19-15-13(3)14(4)16(18-17-15)20-7-9-22-10-8-20/h5-6H,7-10H2,1-4H3,(H,17,19)	QSOQBIGUDHPFSM-UHFFFAOYSA-N	chembl_36	301.39400000000006	2.22358	55.21000000000001	0.5	c1ccn(Nc2ccc(N3CCOCC3)nn2)c1	6.0	1.0	True	6.0
CHEMBL2686162	CCc1ccc(-c2c[nH]c(NC(=O)[C@@H]3COCCO3)n2)cc1	InChI=1S/C16H19N3O3/c1-2-11-3-5-12(6-4-11)13-9-17-16(18-13)19-15(20)14-10-21-7-8-22-14/h3-6,9,14H,2,7-8,10H2,1H3,(H2,17,18,19,20)/t14-/m0/s1	ILMCMRUKIXMPCD-AWEZNQCLSA-N	chembl_36	301.34599999999995	1.9929999999999997	76.24000000000001	0.375	O=C(Nc1nc(-c2ccccc2)c[nH]1)[C@@H]1COCCO1	4.0	2.0	True	6.0
CHEMBL1000682	COC1(OC)N=C(N)C2(C#N)C(c3ccc(F)cc3)C12C#N	InChI=1S/C15H13FN4O2/c1-21-15(22-2)14(8-18)11(9-3-5-10(16)6-4-9)13(14,7-17)12(19)20-15/h3-6,11H,1-2H3,(H2,19,20)	IQIFVAFWCNUUBH-UHFFFAOYSA-N	chembl_36	300.29300000000006	1.2602599999999997	104.41999999999999	0.4	C1=NCC2C1C2c1ccccc1	6.0	1.0	True	6.0
CHEMBL226907	COc1cc(C(O)/C=C/c2ccncc2)cc(OC)c1OC	InChI=1S/C17H19NO4/c1-20-15-10-13(11-16(21-2)17(15)22-3)14(19)5-4-12-6-8-18-9-7-12/h4-11,14,19H,1-3H3/b5-4+	SJGLLFHTIRAEEY-SNAWJCMRSA-N	chembl_36	301.34200000000004	2.8542000000000014	60.81	0.23529411764705882	C(=C/c1ccncc1)\Cc1ccccc1	5.0	1.0	True	6.0
CHEMBL753287	O=C(COc1ccccc1)NCCc1cn2ccsc2n1	InChI=1S/C15H15N3O2S/c19-14(11-20-13-4-2-1-3-5-13)16-7-6-12-10-18-8-9-21-15(18)17-12/h1-5,8-10H,6-7,11H2,(H,16,19)	XHZGTTFZQVXYKZ-UHFFFAOYSA-N	chembl_36	301.371	2.1334999999999997	55.629999999999995	0.2	O=C(COc1ccccc1)NCCc1cn2ccsc2n1	5.0	1.0	True	6.0
CHEMBL2329787	CC(C)(C)c1ccc(CN2CCC3(CCOCC3)CC2)cc1	InChI=1S/C20H31NO/c1-19(2,3)18-6-4-17(5-7-18)16-21-12-8-20(9-13-21)10-14-22-15-11-20/h4-7H,8-16H2,1-3H3	IPUCAPMMSXSNSO-UHFFFAOYSA-N	chembl_36	301.474	4.376700000000004	12.47	0.7	c1ccc(CN2CCC3(CCOCC3)CC2)cc1	2.0	0.0	True	6.0
CHEMBL1856654	CN1C(=O)CC[C@@H]2[C@H]1CCN2S(=O)(=O)c1cccs1	InChI=1S/C12H16N2O3S2/c1-13-9-6-7-14(10(9)4-5-11(13)15)19(16,17)12-3-2-8-18-12/h2-3,8-10H,4-7H2,1H3/t9-,10-/m1/s1	LGKKCFZDTFLKSC-NXEZZACHSA-N	chembl_36	300.405	1.1319000000000001	57.690000000000005	0.5833333333333334	O=C1CC[C@@H]2[C@@H](CCN2S(=O)(=O)c2cccs2)N1	4.0	0.0	True	6.0
CHEMBL1874216	Cc1cc(C(=O)NC2=NCCS2)c(C)n1-c1ccccn1	InChI=1S/C15H16N4OS/c1-10-9-12(14(20)18-15-17-7-8-21-15)11(2)19(10)13-5-3-4-6-16-13/h3-6,9H,7-8H2,1-2H3,(H,17,18,20)	OHPFKLDGHYDCFH-UHFFFAOYSA-N	chembl_36	300.387	2.32174	59.28	0.26666666666666666	O=C(NC1=NCCS1)c1ccn(-c2ccccn2)c1	5.0	1.0	True	6.0
CHEMBL755857	Cc1cccn2c(O)c(C(=O)NC3CCCCC3)c(=O)nc12	InChI=1S/C16H19N3O3/c1-10-6-5-9-19-13(10)18-15(21)12(16(19)22)14(20)17-11-7-3-2-4-8-11/h5-6,9,11,22H,2-4,7-8H2,1H3,(H,17,20)	JRSCYISRHJXVBU-UHFFFAOYSA-N	chembl_36	301.346	1.77102	83.7	0.4375	O=C(NC1CCCCC1)c1cn2ccccc2nc1=O	5.0	2.0	True	6.0
CHEMBL2270182	Cc1ccc(-c2ccc(C(=O)N3CCCc4ccccc43)o2)cc1	InChI=1S/C21H19NO2/c1-15-8-10-17(11-9-15)19-12-13-20(24-19)21(23)22-14-4-6-16-5-2-3-7-18(16)22/h2-3,5,7-13H,4,6,14H2,1H3	WFGNHWPSSPMCNA-UHFFFAOYSA-N	chembl_36	317.38800000000003	4.848020000000004	33.45	0.19047619047619047	O=C(c1ccc(-c2ccccc2)o1)N1CCCc2ccccc21	2.0	0.0	True	6.0
CHEMBL2901335	CCCCc1nc2cnc3ccccc3c2n1Cc1ccccn1	InChI=1S/C20H20N4/c1-2-3-11-19-23-18-13-22-17-10-5-4-9-16(17)20(18)24(19)14-15-8-6-7-12-21-15/h4-10,12-13H,2-3,11,14H2,1H3	MGACMOQFHAMGSC-UHFFFAOYSA-N	chembl_36	316.408	4.370400000000004	43.6	0.25	c1ccc(Cn2cnc3cnc4ccccc4c32)nc1	4.0	0.0	True	6.0
CHEMBL369102	COc1ccc(Oc2ncc(C#CC(C)NC(C)=O)s2)cc1	InChI=1S/C16H16N2O3S/c1-11(18-12(2)19)4-9-15-10-17-16(22-15)21-14-7-5-13(20-3)6-8-14/h5-8,10-11H,1-3H3,(H,18,19)	DWXGJUAKEPHPJC-UHFFFAOYSA-N	chembl_36	316.382	2.820100000000001	60.45	0.25	c1ccc(Oc2nccs2)cc1	5.0	1.0	True	6.0
CHEMBL2697395	CN(C)Cc1ccccc1C(=O)N1CCC2(CC1)COC(=O)N2	InChI=1S/C17H23N3O3/c1-19(2)11-13-5-3-4-6-14(13)15(21)20-9-7-17(8-10-20)12-23-16(22)18-17/h3-6H,7-12H2,1-2H3,(H,18,22)	JNPXTWZFIPAEBV-UHFFFAOYSA-N	chembl_36	317.389	1.4627999999999999	61.88	0.5294117647058824	O=C1NC2(CCN(C(=O)c3ccccc3)CC2)CO1	4.0	1.0	True	6.0
CHEMBL856148	O=[N+]([O-])c1ccc(N2CCNCC2)cc1Sc1ccccn1	InChI=1S/C15H16N4O2S/c20-19(21)13-5-4-12(18-9-7-16-8-10-18)11-14(13)22-15-3-1-2-6-17-15/h1-6,11,16H,7-10H2	GSLQKMWETAUABR-UHFFFAOYSA-N	chembl_36	316.38599999999997	2.550600000000001	71.30000000000001	0.26666666666666666	c1ccc(Sc2cccc(N3CCNCC3)c2)nc1	6.0	1.0	True	6.0
CHEMBL2885870	Cc1noc(C)c1S(=O)(=O)NCCOC1CCCCC1C	InChI=1S/C14H24N2O4S/c1-10-6-4-5-7-13(10)19-9-8-15-21(17,18)14-11(2)16-20-12(14)3/h10,13,15H,4-9H2,1-3H3	OGMJPUSKXQEGEM-UHFFFAOYSA-N	chembl_36	316.4230000000001	2.1650399999999994	81.43	0.7857142857142857	O=S(=O)(NCCOC1CCCCC1)c1cnoc1	5.0	1.0	True	6.0
CHEMBL2580821	Cc1csc2ncnc(NCc3nnc([C@@H]4CCCO4)[nH]3)c12	InChI=1S/C14H16N6OS/c1-8-6-22-14-11(8)13(16-7-17-14)15-5-10-18-12(20-19-10)9-3-2-4-21-9/h6-7,9H,2-5H2,1H3,(H,15,16,17)(H,18,19,20)/t9-/m0/s1	YNLCPJIHVWFPDS-VIFPVBQESA-N	chembl_36	316.3900000000001	2.5814200000000005	88.61000000000001	0.42857142857142855	c1nc(NCc2nnc([C@@H]3CCCO3)[nH]2)c2ccsc2n1	7.0	2.0	True	6.0
CHEMBL2036512	CSc1ncc2ccc3c(C(N)=O)c(C)n(CCO)c3c2n1	InChI=1S/C15H16N4O2S/c1-8-11(14(16)21)10-4-3-9-7-17-15(22-2)18-12(9)13(10)19(8)5-6-20/h3-4,7,20H,5-6H2,1-2H3,(H2,16,21)	LVYDNZIZBIQXIS-UHFFFAOYSA-N	chembl_36	316.386	1.70602	94.03	0.26666666666666666	c1ncc2ccc3cc[nH]c3c2n1	6.0	2.0	True	6.0
CHEMBL2437622	CCCn1nccc1NC(=O)CN1CCCC1Cn1cccn1	InChI=1S/C16H24N6O/c1-2-9-22-15(6-8-18-22)19-16(23)13-20-10-3-5-14(20)12-21-11-4-7-17-21/h4,6-8,11,14H,2-3,5,9-10,12-13H2,1H3,(H,19,23)	KTFGUGPEARTGJS-UHFFFAOYSA-N	chembl_36	316.40899999999993	1.5926999999999991	67.98	0.5625	O=C(CN1CCCC1Cn1cccn1)Nc1ccn[nH]1	6.0	1.0	True	5.0
CHEMBL2590853	Cc1nnc2n1CCN([C@@H](C)C(=O)NC1(C#N)CCCCC1)C2	InChI=1S/C16H24N6O/c1-12(15(23)18-16(11-17)6-4-3-5-7-16)21-8-9-22-13(2)19-20-14(22)10-21/h12H,3-10H2,1-2H3,(H,18,23)/t12-/m0/s1	DNPLRPBFQFYUBJ-LBPRGKRZSA-N	chembl_36	316.4090000000002	1.1332999999999995	86.84	0.75	O=C(CN1CCn2cnnc2C1)NC1CCCCC1	6.0	1.0	True	6.0
CHEMBL596783	NC1(Cc2ccc3ccccc3c2)CCN(c2ncnc3[nH]ccc23)CC1	InChI=1S/C22H23N5/c23-22(14-16-5-6-17-3-1-2-4-18(17)13-16)8-11-27(12-9-22)21-19-7-10-24-20(19)25-15-26-21/h1-7,10,13,15H,8-9,11-12,14,23H2,(H,24,25,26)	KAKZOMPHRJQWRI-UHFFFAOYSA-N	chembl_36	357.46100000000007	3.651500000000002	70.83	0.2727272727272727	c1ccc2cc(CC3CCN(c4ncnc5[nH]ccc45)CC3)ccc2c1	4.0	2.0	True	6.0
CHEMBL2690192	COc1ccc(C2(NC[C@H]3CCCC(F)(F)C3)CCOCC2)cc1F	InChI=1S/C19H26F3NO2/c1-24-17-5-4-15(11-16(17)20)18(7-9-25-10-8-18)23-13-14-3-2-6-19(21,22)12-14/h4-5,11,14,23H,2-3,6-10,12-13H2,1H3/t14-/m0/s1	IRIMPTAYNVUMDD-AWEZNQCLSA-N	chembl_36	357.41600000000005	4.255100000000004	30.49	0.6842105263157895	c1ccc(C2(NCC3CCCCC3)CCOCC2)cc1	3.0	1.0	True	6.0
CHEMBL765861	COc1ccc(OC)c(-c2cc(C(=O)NCCCn3ccnc3)no2)c1	InChI=1S/C18H20N4O4/c1-24-13-4-5-16(25-2)14(10-13)17-11-15(21-26-17)18(23)20-6-3-8-22-9-7-19-12-22/h4-5,7,9-12H,3,6,8H2,1-2H3,(H,20,23)	LKTZQOVIJJGLLN-UHFFFAOYSA-N	chembl_36	356.382	2.375400000000001	91.41	0.2777777777777778	O=C(NCCCn1ccnc1)c1cc(-c2ccccc2)on1	7.0	1.0	True	6.0
CHEMBL1365394	COc1ccc(Cl)cc1C(=S)Nc1ccc(Br)cc1	InChI=1S/C14H11BrClNOS/c1-18-13-7-4-10(16)8-12(13)14(19)17-11-5-2-9(15)3-6-11/h2-8H,1H3,(H,17,19)	OWIWHMHHMWMTLR-UHFFFAOYSA-N	chembl_36	356.672	4.898700000000002	21.259999999999998	0.07142857142857142	S=C(Nc1ccccc1)c1ccccc1	2.0	1.0	True	6.0
CHEMBL3084380	CC(C)(O)C(=O)N1CCC(c2cc(-c3ccccc3O)nnc2N)CC1	InChI=1S/C19H24N4O3/c1-19(2,26)18(25)23-9-7-12(8-10-23)14-11-15(21-22-17(14)20)13-5-3-4-6-16(13)24/h3-6,11-12,24,26H,7-10H2,1-2H3,(H2,20,22)	KNOMYXUEWDDRJL-UHFFFAOYSA-N	chembl_36	356.42600000000016	1.9082999999999997	112.57	0.42105263157894735	c1ccc(-c2cc(C3CCNCC3)cnn2)cc1	6.0	3.0	True	6.0
CHEMBL1092237	O=C(COC(=O)/C=C/c1cccc(F)c1)NC(=O)NCc1ccccc1	InChI=1S/C19H17FN2O4/c20-16-8-4-7-14(11-16)9-10-18(24)26-13-17(23)22-19(25)21-12-15-5-2-1-3-6-15/h1-11H,12-13H2,(H2,21,22,23,25)/b10-9+	YVVHYJHVEFCRMJ-MDZDMXLPSA-N	chembl_36	356.35300000000007	2.408100000000001	84.5	0.10526315789473684	O=C(COC(=O)/C=C/c1ccccc1)NC(=O)NCc1ccccc1	4.0	2.0	True	6.0
CHEMBL1278980	O=C(COc1ccc2ccccc2c1)NNCC(=O)Nc1nccs1	InChI=1S/C17H16N4O3S/c22-15(20-17-18-7-8-25-17)10-19-21-16(23)11-24-14-6-5-12-3-1-2-4-13(12)9-14/h1-9,19H,10-11H2,(H,21,23)(H,18,20,22)	NJTFPVWIQXBRIH-UHFFFAOYSA-N	chembl_36	356.40700000000004	1.9345999999999992	92.35000000000001	0.11764705882352941	O=C(COc1ccc2ccccc2c1)NNCC(=O)Nc1nccs1	6.0	3.0	True	6.0
CHEMBL1897377	COc1cccc(-c2ncc(CN3C[C@@H]4CC[C@H](C3)N(C)C4=O)s2)c1	InChI=1S/C19H23N3O2S/c1-21-15-7-6-14(19(21)23)10-22(11-15)12-17-9-20-18(25-17)13-4-3-5-16(8-13)24-2/h3-5,8-9,14-15H,6-7,10-12H2,1-2H3/t14-,15+/m0/s1	OQABZOCUKOPEEG-LSDHHAIUSA-N	chembl_36	357.47900000000004	2.8713000000000015	45.67	0.47368421052631576	O=C1N[C@@H]2CC[C@H]1CN(Cc1cnc(-c3ccccc3)s1)C2	5.0	0.0	True	7.0
CHEMBL590955	c1ccc(-c2ccc(N3C[C@H]4CN(Cc5ccncc5)C[C@H]4C3)nn2)cc1	InChI=1S/C22H23N5/c1-2-4-18(5-3-1)21-6-7-22(25-24-21)27-15-19-13-26(14-20(19)16-27)12-17-8-10-23-11-9-17/h1-11,19-20H,12-16H2/t19-,20+	ZUZOACZFTZIAEX-BGYRXZFFSA-N	chembl_36	357.46100000000007	3.1068000000000016	45.150000000000006	0.3181818181818182	c1ccc(-c2ccc(N3C[C@H]4CN(Cc5ccncc5)C[C@H]4C3)nn2)cc1	5.0	0.0	True	6.0
CHEMBL2604546	Cc1c(Br)cccc1S(=O)(=O)N1CCn2ccnc2C1	InChI=1S/C13H14BrN3O2S/c1-10-11(14)3-2-4-12(10)20(18,19)17-8-7-16-6-5-15-13(16)9-17/h2-6H,7-9H2,1H3	DWGQGWHTODOFPB-UHFFFAOYSA-N	chembl_36	356.2450000000002	2.15852	55.2	0.3076923076923077	O=S(=O)(c1ccccc1)N1CCn2ccnc2C1	4.0	0.0	True	6.0
CHEMBL2842302	C=CC(=O)Nc1cc(NC(=O)Nc2ccc3nnsc3c2)cc(C(=O)OC)c1	InChI=1S/C18H15N5O4S/c1-3-16(24)19-12-6-10(17(25)27-2)7-13(8-12)21-18(26)20-11-4-5-14-15(9-11)28-23-22-14/h3-9H,1H2,2H3,(H,19,24)(H2,20,21,26)	NQSROILJGGYNAG-UHFFFAOYSA-N	chembl_36	397.41600000000017	3.2464000000000013	122.31000000000002	0.05555555555555555	O=C(Nc1ccccc1)Nc1ccc2nnsc2c1	7.0	3.0	True	6.0
CHEMBL1540661	O=P(O)(O)C(Cc1cn(Cc2ccc3ccccc3c2)nn1)P(=O)(O)O	InChI=1S/C15H17N3O6P2/c19-25(20,21)15(26(22,23)24)8-14-10-18(17-16-14)9-11-5-6-12-3-1-2-4-13(12)7-11/h1-7,10,15H,8-9H2,(H2,19,20,21)(H2,22,23,24)	VHHFVFUMDOCGFQ-UHFFFAOYSA-N	chembl_36	397.26400000000007	1.703599999999999	145.77	0.2	c1ccc2cc(Cn3ccnn3)ccc2c1	5.0	4.0	True	6.0
CHEMBL2053321	CCCc1c(O)ccc2c(-c3cnc(-c4cnc(C(=O)O)c(O)c4)s3)n[nH]c12	InChI=1S/C19H16N4O4S/c1-2-3-10-12(24)5-4-11-15(10)22-23-16(11)14-8-21-18(28-14)9-6-13(25)17(19(26)27)20-7-9/h4-8,24-25H,2-3H2,1H3,(H,22,23)(H,26,27)	YZWBQSFGTLQFTB-UHFFFAOYSA-N	chembl_36	396.42800000000005	3.8103000000000016	132.22	0.15789473684210525	c1cncc(-c2ncc(-c3n[nH]c4ccccc34)s2)c1	7.0	4.0	True	6.0
CHEMBL2804169	COc1cc(Br)c(/C=C/C(=N/O)c2ccc(Cl)cc2)cc1OC	InChI=1S/C17H15BrClNO3/c1-22-16-9-12(14(18)10-17(16)23-2)5-8-15(20-21)11-3-6-13(19)7-4-11/h3-10,21H,1-2H3/b8-5+,20-15-	HTCKBWZKLUJRQU-ZEUYVESBSA-N	chembl_36	396.6680000000001	5.011400000000004	51.05	0.11764705882352941	N=C(/C=C/c1ccccc1)c1ccccc1	4.0	1.0	True	6.0
CHEMBL269127	CCc1c(C)[nH]c2c1C(=O)CC(CN1CCC(C(=O)c3ccc(F)cc3)CC1)C2	InChI=1S/C24H29FN2O2/c1-3-20-15(2)26-21-12-16(13-22(28)23(20)21)14-27-10-8-18(9-11-27)24(29)17-4-6-19(25)7-5-17/h4-7,16,18,26H,3,8-14H2,1-2H3	RORBQRBRHNFMGK-UHFFFAOYSA-N	chembl_36	396.50600000000014	4.364620000000004	53.17	0.5	O=C1CC(CN2CCC(C(=O)c3ccccc3)CC2)Cc2[nH]ccc21	3.0	1.0	True	6.0
CHEMBL2596296	Cc1ccc(CNc2nc3c(C)cccc3cc2-c2noc(-c3ccccc3)n2)o1	InChI=1S/C24H20N4O2/c1-15-7-6-10-18-13-20(23-27-24(30-28-23)17-8-4-3-5-9-17)22(26-21(15)18)25-14-19-12-11-16(2)29-19/h3-13H,14H2,1-2H3,(H,25,26)	SRISAENAHRBJFG-UHFFFAOYSA-N	chembl_36	396.45000000000016	5.7737400000000045	76.98	0.125	c1ccc(-c2nc(-c3cc4ccccc4nc3NCc3ccco3)no2)cc1	6.0	1.0	True	6.0
CHEMBL1791601	O=S(=O)(NC1CCN(Cc2ccncc2)CC1)c1ccc(-n2cccn2)cc1	InChI=1S/C20H23N5O2S/c26-28(27,20-4-2-19(3-5-20)25-13-1-10-22-25)23-18-8-14-24(15-9-18)16-17-6-11-21-12-7-17/h1-7,10-13,18,23H,8-9,14-16H2	IGJNWDSSVRBHHP-UHFFFAOYSA-N	chembl_36	397.5040000000001	2.2101999999999995	80.12	0.3	O=S(=O)(NC1CCN(Cc2ccncc2)CC1)c1ccc(-n2cccn2)cc1	6.0	1.0	True	6.0
CHEMBL349678	CN(C(=O)C(N)=O)c1nc(C(=O)NCc2ccc(F)cc2)c(O)c2ncccc12	InChI=1S/C19H16FN5O4/c1-25(19(29)16(21)27)17-12-3-2-8-22-13(12)15(26)14(24-17)18(28)23-9-10-4-6-11(20)7-5-10/h2-8,26H,9H2,1H3,(H2,21,27)(H,23,28)	FFQXHGFOMWLFGH-UHFFFAOYSA-N	chembl_36	397.3660000000001	0.8526	138.51	0.10526315789473684	O=C(NCc1ccccc1)c1cc2ncccc2cn1	6.0	3.0	True	6.0
CHEMBL2166512	O=C(O)c1ccc(-n2nc(Cc3c(Cl)cccc3Cl)c3ccccc32)cc1	InChI=1S/C21H14Cl2N2O2/c22-17-5-3-6-18(23)16(17)12-19-15-4-1-2-7-20(15)25(24-19)14-10-8-13(9-11-14)21(26)27/h1-11H,12H2,(H,26,27)	BECKJCJWYWWZGT-UHFFFAOYSA-N	chembl_36	397.2610000000001	5.621300000000004	55.12	0.047619047619047616	c1ccc(Cc2nn(-c3ccccc3)c3ccccc23)cc1	3.0	1.0	True	6.0
CHEMBL939662	O=C(COc1cccc(C(F)(F)F)c1)NCC(c1ccco1)N1CCCCC1	InChI=1S/C20H23F3N2O3/c21-20(22,23)15-6-4-7-16(12-15)28-14-19(26)24-13-17(18-8-5-11-27-18)25-9-2-1-3-10-25/h4-8,11-12,17H,1-3,9-10,13-14H2,(H,24,26)	LGEWLFKICVZGBH-UHFFFAOYSA-N	chembl_36	396.4090000000002	4.020600000000003	54.71	0.45	O=C(COc1ccccc1)NCC(c1ccco1)N1CCCCC1	4.0	1.0	True	6.0
CHEMBL794762	CC(C)n1cnnc1SCC(=O)Nc1ccc(N2CCCCC2)cc1	InChI=1S/C18H25N5OS/c1-14(2)23-13-19-21-18(23)25-12-17(24)20-15-6-8-16(9-7-15)22-10-4-3-5-11-22/h6-9,13-14H,3-5,10-12H2,1-2H3,(H,20,24)	YFTCOTBKAXBDJO-UHFFFAOYSA-N	chembl_36	359.4990000000002	3.5801000000000025	63.050000000000004	0.5	O=C(CSc1nnc[nH]1)Nc1ccc(N2CCCCC2)cc1	6.0	1.0	True	6.0
CHEMBL184013	CN1C(=O)N(C)C(=O)C2(CC=C3[C@H](CCC4=CC(=O)CC[C@@]43C)O2)C1=O	InChI=1S/C19H22N2O5/c1-18-8-6-12(22)10-11(18)4-5-14-13(18)7-9-19(26-14)15(23)20(2)17(25)21(3)16(19)24/h7,10,14H,4-6,8-9H2,1-3H3/t14-,18-/m0/s1	SRSNUCGRSXDFPU-KSSFIOAISA-N	chembl_36	358.3940000000002	1.5803	83.99000000000001	0.5789473684210527	O=C1C=C2CC[C@@H]3OC4(CC=C3C2CC1)C(=O)NC(=O)NC4=O	5.0	0.0	True	6.0
CHEMBL2459782	NCc1cc(Oc2cccc(C(=O)Nc3ccccc3)c2)n2ccnc2n1	InChI=1S/C20H17N5O2/c21-13-16-12-18(25-10-9-22-20(25)24-16)27-17-8-4-5-14(11-17)19(26)23-15-6-2-1-3-7-15/h1-12H,13,21H2,(H,23,26)	MAXAZEQPVLQWQR-UHFFFAOYSA-N	chembl_36	359.38900000000007	3.2326000000000006	94.53999999999999	0.05	O=C(Nc1ccccc1)c1cccc(Oc2ccnc3nccn23)c1	6.0	2.0	True	6.0
CHEMBL26381	O=C(OC1CN2CCC1CC2)C1=C/C(=C\c2ccccn2)c2ccccc21	InChI=1S/C23H22N2O2/c26-23(27-22-15-25-11-8-16(22)9-12-25)21-14-17(13-18-5-3-4-10-24-18)19-6-1-2-7-20(19)21/h1-7,10,13-14,16,22H,8-9,11-12,15H2/b17-13+	VDRDKKLNMTZAMF-GHRIWEEISA-N	chembl_36	358.4410000000001	3.6566000000000027	42.43	0.30434782608695654	O=C(OC1CN2CCC1CC2)C1=C/C(=C\c2ccccn2)c2ccccc21	4.0	0.0	True	6.0
CHEMBL1420172	CN1C(=O)CN(CC2CCNCC2)C(=O)c2cc(Cl)ccc21.Cl	InChI=1S/C16H20ClN3O2.ClH/c1-19-14-3-2-12(17)8-13(14)16(22)20(10-15(19)21)9-11-4-6-18-7-5-11;/h2-3,8,11,18H,4-7,9-10H2,1H3;1H	UWWOZVYIKOPHPK-UHFFFAOYSA-N	chembl_36	358.26900000000006	2.18	52.650000000000006	0.5	O=C1CN(CC2CCNCC2)C(=O)c2ccccc2N1	3.0	1.0	True	7.0
CHEMBL833217	O=C(NNC(=S)NC(=O)C12CC3CC(CC(C3)C1)C2)c1ccncc1	InChI=1S/C18H22N4O2S/c23-15(14-1-3-19-4-2-14)21-22-17(25)20-16(24)18-8-11-5-12(9-18)7-13(6-11)10-18/h1-4,11-13H,5-10H2,(H,21,23)(H2,20,22,24,25)	QHKRPGZKOWQAID-UHFFFAOYSA-N	chembl_36	358.4670000000001	1.9334999999999984	83.12	0.5555555555555556	O=C(NNC(=S)NC(=O)C12CC3CC(CC(C3)C1)C2)c1ccncc1	4.0	3.0	True	6.0
CHEMBL3150830	Cc1c(-c2ccccc2)cccc1-c1nc2cc(CNCCO)ncc2o1	InChI=1S/C22H21N3O2/c1-15-18(16-6-3-2-4-7-16)8-5-9-19(15)22-25-20-12-17(13-23-10-11-26)24-14-21(20)27-22/h2-9,12,14,23,26H,10-11,13H2,1H3	QIQCGXKKPNNLIA-UHFFFAOYSA-N	chembl_36	359.4290000000001	3.9471200000000026	71.18	0.18181818181818182	c1ccc(-c2cccc(-c3nc4ccncc4o3)c2)cc1	5.0	2.0	True	6.0
CHEMBL1563012	COc1ccc(C2OC(Cn3c([N+](=O)[O-])cnc3C)=NN2C(C)=O)cc1	InChI=1S/C16H17N5O5/c1-10-17-8-15(21(23)24)19(10)9-14-18-20(11(2)22)16(26-14)12-4-6-13(25-3)7-5-12/h4-8,16H,9H2,1-3H3	OAOBEBARUZJCID-UHFFFAOYSA-N	chembl_36	359.3420000000001	1.99932	112.09	0.3125	c1ccc(C2NN=C(Cn3ccnc3)O2)cc1	8.0	0.0	True	6.0
CHEMBL2945181	C/C(O)=C1\C(=O)[C@@H]2Cc3c([nH]c4ccccc34)[C@@H](c3ccccn3)N2C1=O	InChI=1S/C21H17N3O3/c1-11(25)17-20(26)16-10-13-12-6-2-3-7-14(12)23-18(13)19(24(16)21(17)27)15-8-4-5-9-22-15/h2-9,16,19,23,25H,10H2,1H3/b17-11-/t16-,19+/m0/s1	ZZBKDIFBPPTHDB-RUVBJTHPSA-N	chembl_36	359.3850000000001	2.8203000000000005	86.28999999999999	0.19047619047619047	C=C1C(=O)[C@@H]2Cc3c([nH]c4ccccc34)[C@@H](c3ccccn3)N2C1=O	4.0	2.0	True	6.0
CHEMBL2650557	O=C(c1ccc2ccccc2n1)N1CCC[C@H]1c1nc2ccccc2s1	InChI=1S/C21H17N3OS/c25-21(17-12-11-14-6-1-2-7-15(14)22-17)24-13-5-9-18(24)20-23-16-8-3-4-10-19(16)26-20/h1-4,6-8,10-12,18H,5,9,13H2/t18-/m0/s1	HCRQPYROTKRWCW-SFHVURJKSA-N	chembl_36	359.454	4.821800000000003	46.09	0.19047619047619047	O=C(c1ccc2ccccc2n1)N1CCC[C@H]1c1nc2ccccc2s1	4.0	0.0	True	6.0
CHEMBL2425154	COc1cc(CNC(=O)c2ccc3nc(N)sc3c2)cc(OC)c1OC	InChI=1S/C18H19N3O4S/c1-23-13-6-10(7-14(24-2)16(13)25-3)9-20-17(22)11-4-5-12-15(8-11)26-18(19)21-12/h4-8H,9H2,1-3H3,(H2,19,21)(H,20,22)	VSAXNYJAYUJMFU-UHFFFAOYSA-N	chembl_36	373.4340000000002	2.8343000000000007	95.7	0.2222222222222222	O=C(NCc1ccccc1)c1ccc2ncsc2c1	7.0	2.0	True	6.0
CHEMBL1488736	Cc1sc(-c2ccc(Cl)cc2)nc1C1C(=O)CC2(CCCCC2)C1=O	InChI=1S/C20H20ClNO2S/c1-12-17(22-19(25-12)13-5-7-14(21)8-6-13)16-15(23)11-20(18(16)24)9-3-2-4-10-20/h5-8,16H,2-4,9-11H2,1H3	SCFSFPDUDOHUHY-UHFFFAOYSA-N	chembl_36	373.9050000000003	5.347920000000004	47.03	0.45	O=C1CC2(CCCCC2)C(=O)C1c1csc(-c2ccccc2)n1	4.0	0.0	True	6.0
CHEMBL2494634	CC(=O)Nc1ccc(-c2c(-c3ccc(F)cc3)nc([S+](C)[O-])n2C)cn1	InChI=1S/C18H17FN4O2S/c1-11(24)21-15-9-6-13(10-20-15)17-16(12-4-7-14(19)8-5-12)22-18(23(17)2)26(3)25/h4-10H,1-3H3,(H,20,21,24)	GCFIASDOZHNRKP-UHFFFAOYSA-N	chembl_36	372.42500000000007	2.984000000000001	82.86999999999999	0.16666666666666666	c1ccc(-c2nc[nH]c2-c2cccnc2)cc1	5.0	1.0	True	6.0
CHEMBL2887057	COc1ccc(Br)c(C(=O)Nc2ccc(-n3cccn3)nc2)c1	InChI=1S/C16H13BrN4O2/c1-23-12-4-5-14(17)13(9-12)16(22)20-11-3-6-15(18-10-11)21-8-2-7-19-21/h2-10H,1H3,(H,20,22)	MRJYBLMDTQWMJK-UHFFFAOYSA-N	chembl_36	373.21000000000004	3.290700000000001	69.03999999999999	0.0625	O=C(Nc1ccc(-n2cccn2)nc1)c1ccccc1	5.0	1.0	True	6.0
CHEMBL781229	O=C(NNC(=O)c1ccc(Cl)s1)c1csc(N2CCOCC2)n1	InChI=1S/C13H13ClN4O3S2/c14-10-2-1-9(23-10)12(20)17-16-11(19)8-7-22-13(15-8)18-3-5-21-6-4-18/h1-2,7H,3-6H2,(H,16,19)(H,17,20)	RZCHURARDHSOTH-UHFFFAOYSA-N	chembl_36	372.8590000000002	1.7694	83.56	0.3076923076923077	O=C(NNC(=O)c1cccs1)c1csc(N2CCOCC2)n1	7.0	2.0	True	6.0
CHEMBL251674	C[C@@H]1CC(C2CC(CC(=O)NCc3ccccc3)CC(=O)O2)[C@@H](O)[C@@H](C)C1	InChI=1S/C22H31NO4/c1-14-8-15(2)22(26)18(9-14)19-10-17(12-21(25)27-19)11-20(24)23-13-16-6-4-3-5-7-16/h3-7,14-15,17-19,22,26H,8-13H2,1-2H3,(H,23,24)/t14-,15-,17?,18?,19?,22-/m0/s1	IVTAHNQJAAUGMY-PBWZBZJBSA-N	chembl_36	373.49300000000017	3.057800000000001	75.63000000000001	0.6363636363636364	O=C(CC1CC(=O)OC(C2CCCCC2)C1)NCc1ccccc1	4.0	2.0	True	6.0
CHEMBL2695038	Cc1ccc(CN[C@H]2CC(C)(C)Cc3nc(N4CCOCC4)ncc32)s1	InChI=1S/C20H28N4OS/c1-14-4-5-15(26-14)12-21-17-10-20(2,3)11-18-16(17)13-22-19(23-18)24-6-8-25-9-7-24/h4-5,13,17,21H,6-12H2,1-3H3/t17-/m0/s1	CZMKRBJLQVIJMH-KRWDZBQOSA-N	chembl_36	372.5380000000001	3.4864200000000025	50.28	0.6	c1csc(CN[C@H]2CCCc3nc(N4CCOCC4)ncc32)c1	6.0	1.0	True	6.0
CHEMBL1000570	Cc1cc(C(=O)N2CCCC(C(=O)c3cccc4ccccc34)C2)nc(C)n1	InChI=1S/C23H23N3O2/c1-15-13-21(25-16(2)24-15)23(28)26-12-6-9-18(14-26)22(27)20-11-5-8-17-7-3-4-10-19(17)20/h3-5,7-8,10-11,13,18H,6,9,12,14H2,1-2H3	CBQZSDNYCVJPGB-UHFFFAOYSA-N	chembl_36	373.45600000000013	3.981740000000003	63.160000000000004	0.30434782608695654	O=C(c1cccc2ccccc12)C1CCCN(C(=O)c2ccncn2)C1	4.0	0.0	True	6.0
CHEMBL2409983	O=C(c1n[nH]c2ccccc12)N1CCC(c2ccccc2C(F)(F)F)CC1	InChI=1S/C20H18F3N3O/c21-20(22,23)16-7-3-1-5-14(16)13-9-11-26(12-10-13)19(27)18-15-6-2-4-8-17(15)24-25-18/h1-8,13H,9-12H2,(H,24,25)	BEKBMIOLLXGGER-UHFFFAOYSA-N	chembl_36	373.37800000000004	4.601500000000003	48.99	0.3	O=C(c1n[nH]c2ccccc12)N1CCC(c2ccccc2)CC1	2.0	1.0	True	6.0
CHEMBL2580762	O=C(Nc1nc2ccccc2s1)C(Cc1ccccc1)Cc1ccccc1	InChI=1S/C23H20N2OS/c26-22(25-23-24-20-13-7-8-14-21(20)27-23)19(15-17-9-3-1-4-10-17)16-18-11-5-2-6-12-18/h1-14,19H,15-16H2,(H,24,25,26)	CQNULJUEQZNKRU-UHFFFAOYSA-N	chembl_36	372.4930000000001	5.336400000000004	41.99	0.13043478260869565	O=C(Nc1nc2ccccc2s1)C(Cc1ccccc1)Cc1ccccc1	3.0	1.0	True	6.0
CHEMBL929345	CCOc1ccccc1C(=O)N[C@H](C(=O)Nc1nc2c(s1)CCCC2)C(C)C	InChI=1S/C21H27N3O3S/c1-4-27-16-11-7-5-9-14(16)19(25)23-18(13(2)3)20(26)24-21-22-15-10-6-8-12-17(15)28-21/h5,7,9,11,13,18H,4,6,8,10,12H2,1-3H3,(H,23,25)(H,22,24,26)/t18-/m0/s1	DIIXNGDAGALFHX-SFHVURJKSA-N	chembl_36	401.53200000000027	3.8137000000000025	80.32	0.47619047619047616	O=C(CNC(=O)c1ccccc1)Nc1nc2c(s1)CCCC2	5.0	2.0	True	6.0
CHEMBL770857	O=C(c1ccco1)N(Cc1ccc([N+](=O)[O-])cc1)c1ccc(Br)cc1	InChI=1S/C18H13BrN2O4/c19-14-5-9-15(10-6-14)20(18(22)17-2-1-11-25-17)12-13-3-7-16(8-4-13)21(23)24/h1-11H,12H2	MHOWJBOUSZOPAS-UHFFFAOYSA-N	chembl_36	401.21600000000007	4.797300000000003	76.59	0.05555555555555555	O=C(c1ccco1)N(Cc1ccccc1)c1ccccc1	4.0	0.0	True	6.0
CHEMBL3181806	CC1(C)CC(=O)c2c([nH]c(-c3ccnc(NC4CCC4)c3)c2Nc2ccccc2)C1	InChI=1S/C25H28N4O/c1-25(2)14-19-22(20(30)15-25)24(28-18-7-4-3-5-8-18)23(29-19)16-11-12-26-21(13-16)27-17-9-6-10-17/h3-5,7-8,11-13,17,28-29H,6,9-10,14-15H2,1-2H3,(H,26,27)	JLNFRLMYOMPAGU-UHFFFAOYSA-N	chembl_36	400.5260000000001	5.939800000000004	69.81	0.36	O=C1CCCc2[nH]c(-c3ccnc(NC4CCC4)c3)c(Nc3ccccc3)c21	4.0	3.0	True	6.0
CHEMBL974768	Cc1nnc(SCC(=O)c2c(N)n(Cc3ccccc3)c(=O)n(C)c2=O)n1C	InChI=1S/C18H20N6O3S/c1-11-20-21-17(22(11)2)28-10-13(25)14-15(19)24(18(27)23(3)16(14)26)9-12-7-5-4-6-8-12/h4-8H,9-10,19H2,1-3H3	OMSYEYWFKJFVGX-UHFFFAOYSA-N	chembl_36	400.46400000000017	0.58942	117.80000000000001	0.2777777777777778	O=C(CSc1nnc[nH]1)c1cn(Cc2ccccc2)c(=O)[nH]c1=O	10.0	1.0	True	6.0
CHEMBL2273537	COc1ccc(C[C@@H](O)/C=C/C=C/C(=O)NCc2ccc(Cl)cc2)cc1OC	InChI=1S/C22H24ClNO4/c1-27-20-12-9-17(14-21(20)28-2)13-19(25)5-3-4-6-22(26)24-15-16-7-10-18(23)11-8-16/h3-12,14,19,25H,13,15H2,1-2H3,(H,24,26)/b5-3+,6-4+/t19-/m0/s1	PWCZLEWNNKXMDV-MIGZHWFPSA-N	chembl_36	401.8900000000001	3.6894000000000027	67.79	0.22727272727272727	O=C(/C=C/C=C/CCc1ccccc1)NCc1ccccc1	4.0	2.0	True	6.0
CHEMBL889535	CCOC(=O)C1=C(CSCc2ccco2)NC(=O)NC1c1cc(C)ccc1C	InChI=1S/C21H24N2O4S/c1-4-26-20(24)18-17(12-28-11-15-6-5-9-27-15)22-21(25)23-19(18)16-10-13(2)7-8-14(16)3/h5-10,19H,4,11-12H2,1-3H3,(H2,22,23,25)	PDNRSTVPIUXRNT-UHFFFAOYSA-N	chembl_36	400.5000000000001	4.000940000000003	80.57	0.3333333333333333	O=C1NC(CSCc2ccco2)=CC(c2ccccc2)N1	5.0	2.0	True	6.0
CHEMBL1105995	CC(=O)Nc1cccc(C(=O)N2CCN(S(=O)(=O)Cc3ccccc3)CC2)c1	InChI=1S/C20H23N3O4S/c1-16(24)21-19-9-5-8-18(14-19)20(25)22-10-12-23(13-11-22)28(26,27)15-17-6-3-2-4-7-17/h2-9,14H,10-13,15H2,1H3,(H,21,24)	APCPOXSWBFKEEB-UHFFFAOYSA-N	chembl_36	401.48800000000017	1.9327999999999999	86.78999999999999	0.3	O=C(c1ccccc1)N1CCN(S(=O)(=O)Cc2ccccc2)CC1	4.0	1.0	True	6.0
CHEMBL2344871	Cc1cc(C)nc(NC(Cc2ccccc2)C(=O)NCc2nc3ccccc3[nH]2)n1	InChI=1S/C23H24N6O/c1-15-12-16(2)26-23(25-15)29-20(13-17-8-4-3-5-9-17)22(30)24-14-21-27-18-10-6-7-11-19(18)28-21/h3-12,20H,13-14H2,1-2H3,(H,24,30)(H,27,28)(H,25,26,29)	IBHBYNQTXNPZHP-UHFFFAOYSA-N	chembl_36	400.48600000000016	3.3093400000000015	95.58999999999999	0.21739130434782608	O=C(NCc1nc2ccccc2[nH]1)C(Cc1ccccc1)Nc1ncccn1	5.0	3.0	True	6.0
CHEMBL2844308	O[C@@H]1c2c(C3CCCC3)n[nH]c2N[C@H](c2ccccc2)[C@H]1n1nnc2ccccc21	InChI=1S/C23H24N6O/c30-22-18-19(14-10-4-5-11-14)26-27-23(18)24-20(15-8-2-1-3-9-15)21(22)29-17-13-7-6-12-16(17)25-28-29/h1-3,6-9,12-14,20-22,30H,4-5,10-11H2,(H2,24,26,27)/t20-,21-,22-/m1/s1	YVXWYQMNNOPADD-YPAWHYETSA-N	chembl_36	400.4860000000001	4.2535000000000025	91.65	0.34782608695652173	c1ccc([C@H]2Nc3[nH]nc(C4CCCC4)c3C[C@@H]2n2nnc3ccccc32)cc1	6.0	3.0	True	6.0
CHEMBL2995092	CC1Cc2ccc(C(C)N3CCN(c4ccc(S(C)(=O)=O)cc4)CC3)cc2O1	InChI=1S/C22H28N2O3S/c1-16-14-19-5-4-18(15-22(19)27-16)17(2)23-10-12-24(13-11-23)20-6-8-21(9-7-20)28(3,25)26/h4-9,15-17H,10-14H2,1-3H3	SJXTXQDNGYHAIT-UHFFFAOYSA-N	chembl_36	400.54400000000015	3.296700000000002	49.85000000000001	0.45454545454545453	c1ccc(N2CCN(Cc3ccc4c(c3)OCC4)CC2)cc1	5.0	0.0	True	6.0
CHEMBL2086357	N#C/N=C(/NCCSc1ccccc1)NC[C@@H]1CC[C@@H](c2c[nH]cn2)C1	InChI=1S/C19H24N6S/c20-13-24-19(22-8-9-26-17-4-2-1-3-5-17)23-11-15-6-7-16(10-15)18-12-21-14-25-18/h1-5,12,14-16H,6-11H2,(H,21,25)(H2,22,23,24)/t15-,16-/m1/s1	MMZLYDNVAYWZLR-HZPDHXFCSA-N	chembl_36	368.51000000000016	3.101980000000001	88.89	0.42105263157894735	N=C(NCCSc1ccccc1)NC[C@@H]1CC[C@@H](c2c[nH]cn2)C1	4.0	3.0	True	6.0
CHEMBL2619412	COc1cc2c(cc1CN1CCC[C@H](CS(C)(=O)=O)C1)OCCCO2	InChI=1S/C18H27NO5S/c1-22-16-10-18-17(23-7-4-8-24-18)9-15(16)12-19-6-3-5-14(11-19)13-25(2,20)21/h9-10,14H,3-8,11-13H2,1-2H3/t14-/m0/s1	SFADSOSJZLGXAZ-AWEZNQCLSA-N	chembl_36	369.4830000000002	2.1130999999999993	65.07000000000001	0.6666666666666666	c1cc2c(cc1CN1CCCCC1)OCCCO2	6.0	0.0	True	7.0
CHEMBL2567974	CN1CCc2c(COc3ccc(C(F)(F)F)cc3Cl)cccc2C1=O	InChI=1S/C18H15ClF3NO2/c1-23-8-7-13-11(3-2-4-14(13)17(23)24)10-25-16-6-5-12(9-15(16)19)18(20,21)22/h2-6,9H,7-8,10H2,1H3	GVGQKEYGBLZCFF-UHFFFAOYSA-N	chembl_36	369.7700000000001	4.565900000000004	29.54	0.2777777777777778	O=C1NCCc2c(COc3ccccc3)cccc21	2.0	0.0	True	6.0
CHEMBL1120268	O=C(c1nc2ccc([N+](=O)[O-])cc2nc1O)[C@@H](O)c1ccc2c(c1)OCO2	InChI=1S/C17H11N3O7/c21-15(8-1-4-12-13(5-8)27-7-26-12)16(22)14-17(23)19-11-6-9(20(24)25)2-3-10(11)18-14/h1-6,15,21H,7H2,(H,19,23)/t15-/m0/s1	YKWZVHIDWRCNJZ-HNNXBMFYSA-N	chembl_36	369.28900000000016	1.8885999999999996	144.91	0.11764705882352941	O=C(Cc1ccc2c(c1)OCO2)c1cnc2ccccc2n1	9.0	2.0	True	6.0
CHEMBL3166752	CC(C)(C(=O)O)n1ccc(CCCCOc2ccc(-c3ccn[nH]3)nc2)n1	InChI=1S/C19H23N5O3/c1-19(2,18(25)26)24-11-9-14(23-24)5-3-4-12-27-15-6-7-16(20-13-15)17-8-10-21-22-17/h6-11,13H,3-5,12H2,1-2H3,(H,21,22)(H,25,26)	XWWLIVPCWOQWIV-UHFFFAOYSA-N	chembl_36	369.42499999999995	2.8896000000000006	105.91999999999999	0.3684210526315789	c1cc(-c2ccc(OCCCCc3cc[nH]n3)cn2)[nH]n1	6.0	2.0	True	6.0
CHEMBL1478410	Cc1ncc(C(=O)Oc2ccccc2)n1C(C)c1ccccc1.O=[N+]([O-])O	InChI=1S/C19H18N2O2.HNO3/c1-14(16-9-5-3-6-10-16)21-15(2)20-13-18(21)19(22)23-17-11-7-4-8-12-17;2-1(3)4/h3-14H,1-2H3;(H,2,3,4)	VTRBRVMLXFRFAO-UHFFFAOYSA-N	chembl_36	369.37700000000007	3.672320000000002	107.49000000000001	0.15789473684210525	O=C(Oc1ccccc1)c1cncn1Cc1ccccc1	6.0	1.0	True	6.0
CHEMBL701942	Cc1nn(-c2ccccc2)c(Cl)c1/C=N/NC(=O)COc1ccccc1	InChI=1S/C19H17ClN4O2/c1-14-17(19(20)24(23-14)15-8-4-2-5-9-15)12-21-22-18(25)13-26-16-10-6-3-7-11-16/h2-12H,13H2,1H3,(H,22,25)/b21-12+	HBTRBGIHHKCELP-CIAFOILYSA-N	chembl_36	368.8240000000001	3.363220000000002	68.51	0.10526315789473684	O=C(COc1ccccc1)N/N=C/c1cnn(-c2ccccc2)c1	5.0	1.0	True	6.0
CHEMBL2618554	CCc1nc(COc2ccc(C(=O)NCc3nncn3C3CC3)cc2)no1	InChI=1S/C18H20N6O3/c1-2-17-21-15(23-27-17)10-26-14-7-3-12(4-8-14)18(25)19-9-16-22-20-11-24(16)13-5-6-13/h3-4,7-8,11,13H,2,5-6,9-10H2,1H3,(H,19,25)	SNVRXJBFHLZKNQ-UHFFFAOYSA-N	chembl_36	368.3970000000001	2.0674	107.96000000000001	0.3888888888888889	O=C(NCc1nncn1C1CC1)c1ccc(OCc2ncon2)cc1	8.0	1.0	True	6.0
CHEMBL2928996	CN(C)C1CCN(C(=O)c2cc3occc3n2Cc2ccc(F)cc2)CC1	InChI=1S/C21H24FN3O2/c1-23(2)17-7-10-24(11-8-17)21(26)19-13-20-18(9-12-27-20)25(19)14-15-3-5-16(22)6-4-15/h3-6,9,12-13,17H,7-8,10-11,14H2,1-2H3	SROMSTLMFXBSPU-UHFFFAOYSA-N	chembl_36	369.4400000000001	3.587900000000003	41.62	0.38095238095238093	O=C(c1cc2occc2n1Cc1ccccc1)N1CCCCC1	4.0	0.0	True	6.0
CHEMBL1345724	CC(C)Cc1ccc(C(C)c2nc3ccccc3n2Cc2ccncc2)cc1	InChI=1S/C25H27N3/c1-18(2)16-20-8-10-22(11-9-20)19(3)25-27-23-6-4-5-7-24(23)28(25)17-21-12-14-26-15-13-21/h4-15,18-19H,16-17H2,1-3H3	SJMXTLCSHCXWMT-UHFFFAOYSA-N	chembl_36	369.51200000000006	5.8299000000000065	30.71	0.28	c1ccc(Cc2nc3ccccc3n2Cc2ccncc2)cc1	3.0	0.0	True	6.0
CHEMBL1357760	O=c1cc(N2CCOCC2)nc(Cc2nc3ccc(F)cc3o2)[nH]1	InChI=1S/C16H15FN4O3/c17-10-1-2-11-12(7-10)24-16(18-11)8-13-19-14(9-15(22)20-13)21-3-5-23-6-4-21/h1-2,7,9H,3-6,8H2,(H,19,20,22)	RZFFFXNHXBKXSF-UHFFFAOYSA-N	chembl_36	330.319	1.4775999999999996	84.25	0.3125	O=c1cc(N2CCOCC2)nc(Cc2nc3ccccc3o2)[nH]1	6.0	1.0	True	6.0
CHEMBL41251	O=C1CCN(c2cc3c(cc2F)c(=O)c(C(=O)O)cn3C2CC2)C1	InChI=1S/C17H15FN2O4/c18-13-5-11-14(6-15(13)19-4-3-10(21)7-19)20(9-1-2-9)8-12(16(11)22)17(23)24/h5-6,8-9H,1-4,7H2,(H,23,24)	ROXGIBIAIOVYLU-UHFFFAOYSA-N	chembl_36	330.3150000000001	1.9529	79.61000000000001	0.35294117647058826	O=C1CCN(c2ccc3c(=O)ccn(C4CC4)c3c2)C1	5.0	1.0	True	6.0
CHEMBL394226	C/C=C1/C(=O)C[C@H]2[C@@H]3CC=C4[C@@H](O)[C@@H](O)CC[C@]4(C)[C@H]3CC[C@]12C	InChI=1S/C21H30O3/c1-4-13-18(23)11-16-12-5-6-15-19(24)17(22)8-10-21(15,3)14(12)7-9-20(13,16)2/h4,6,12,14,16-17,19,22,24H,5,7-11H2,1-3H3/b13-4-/t12-,14+,16+,17+,19-,20-,21-/m1/s1	QAKWWXLYSGFAQN-CGQGDFJRSA-N	chembl_36	330.46800000000013	3.406200000000002	57.53	0.7619047619047619	C=C1C(=O)C[C@@H]2C1CC[C@@H]1C3CCCCC3=CC[C@@H]21	3.0	2.0	True	6.0
CHEMBL2402155	CC(CC(=O)Nc1ccc2[nH]c(=O)[nH]c2c1)c1c(F)cccc1F	InChI=1S/C17H15F2N3O2/c1-9(16-11(18)3-2-4-12(16)19)7-15(23)20-10-5-6-13-14(8-10)22-17(24)21-13/h2-6,8-9H,7H2,1H3,(H,20,23)(H2,21,22,24)	UNGUGGAEAQJGEZ-UHFFFAOYSA-N	chembl_36	331.322	3.266700000000001	77.75	0.17647058823529413	O=C(CCc1ccccc1)Nc1ccc2[nH]c(=O)[nH]c2c1	2.0	3.0	True	6.0
CHEMBL148313	Clc1ccc(NCCC2CCN(Cc3ccccc3)CC2)nn1	InChI=1S/C18H23ClN4/c19-17-6-7-18(22-21-17)20-11-8-15-9-12-23(13-10-15)14-16-4-2-1-3-5-16/h1-7,15H,8-14H2,(H,20,22)	BBIKQPGWVKVSEE-UHFFFAOYSA-N	chembl_36	330.86300000000006	3.8442000000000025	41.05	0.4444444444444444	c1ccc(CN2CCC(CCNc3cccnn3)CC2)cc1	4.0	1.0	True	6.0
CHEMBL871296	O=C1NC(=O)N(Cc2ccco2)C(=O)/C1=C/NCc1cccs1	InChI=1S/C15H13N3O4S/c19-13-12(8-16-7-11-4-2-6-23-11)14(20)18(15(21)17-13)9-10-3-1-5-22-10/h1-6,8,16H,7,9H2,(H,17,19,21)/b12-8+	PCEZBJKDSDBHSH-XYOKQWHBSA-N	chembl_36	331.353	1.5932	91.65	0.13333333333333333	O=C1NC(=O)N(Cc2ccco2)C(=O)/C1=C/NCc1cccs1	6.0	2.0	True	6.0
CHEMBL1911496	c1cnn(CC2CN(Cc3nc(-c4ccsc4)no3)CCO2)c1	InChI=1S/C15H17N5O2S/c1-3-16-20(4-1)9-13-8-19(5-6-21-13)10-14-17-15(18-22-14)12-2-7-23-11-12/h1-4,7,11,13H,5-6,8-10H2	YCBUNDZDQSMZSL-UHFFFAOYSA-N	chembl_36	331.4010000000001	1.8956000000000002	69.21000000000001	0.4	c1cnn(CC2CN(Cc3nc(-c4ccsc4)no3)CCO2)c1	8.0	0.0	True	6.0
CHEMBL1860650	CC1c2ncc(Cn3cncn3)n2CCN1C(=O)C1CCOCC1	InChI=1S/C16H22N6O2/c1-12-15-18-8-14(9-20-11-17-10-19-20)22(15)5-4-21(12)16(23)13-2-6-24-7-3-13/h8,10-13H,2-7,9H2,1H3	CKDQXUUPJLNQKG-UHFFFAOYSA-N	chembl_36	330.39200000000017	0.8527	78.07000000000001	0.625	O=C(C1CCOCC1)N1CCn2c(Cn3cncn3)cnc2C1	7.0	0.0	True	6.0
CHEMBL441087	Cc1ccc2c(c1)/C(=N/Nc1ccc(S(N)(=O)=O)cc1)C(=O)N2	InChI=1S/C15H14N4O3S/c1-9-2-7-13-12(8-9)14(15(20)17-13)19-18-10-3-5-11(6-4-10)23(16,21)22/h2-8,18H,1H3,(H2,16,21,22)(H,17,19,20)	CBXVHMLTAMBOAT-UHFFFAOYSA-N	chembl_36	330.3690000000001	1.4107199999999998	113.64999999999998	0.06666666666666667	O=C1Nc2ccccc2/C1=N/Nc1ccccc1	5.0	3.0	True	6.0
CHEMBL126668	Cc1ccc(S(=O)(=O)NC(=O)Nc2ccc3[nH]ncc3c2)cc1	InChI=1S/C15H14N4O3S/c1-10-2-5-13(6-3-10)23(21,22)19-15(20)17-12-4-7-14-11(8-12)9-16-18-14/h2-9H,1H3,(H,16,18)(H2,17,19,20)	VXOZWANCZXZCBI-UHFFFAOYSA-N	chembl_36	330.3690000000001	2.3817200000000005	103.95	0.06666666666666667	O=C(Nc1ccc2[nH]ncc2c1)NS(=O)(=O)c1ccccc1	4.0	3.0	True	6.0
CHEMBL104234	O=c1c(-c2ccccc2)c(O)c2cccnc2n1-c1ccccc1	InChI=1S/C20H14N2O2/c23-18-16-12-7-13-21-19(16)22(15-10-5-2-6-11-15)20(24)17(18)14-8-3-1-4-9-14/h1-13,23H	KQQREPSRPPNLQU-UHFFFAOYSA-N	chembl_36	314.344	3.758300000000002	55.12	0.0	O=c1c(-c2ccccc2)cc2cccnc2n1-c1ccccc1	4.0	1.0	True	6.0
CHEMBL1216895	COc1ccc(CCNC(=O)COC(=O)c2ccccn2)cc1	InChI=1S/C17H18N2O4/c1-22-14-7-5-13(6-8-14)9-11-19-16(20)12-23-17(21)15-4-2-3-10-18-15/h2-8,10H,9,11-12H2,1H3,(H,19,20)	MYPOJDSKQRAJIK-UHFFFAOYSA-N	chembl_36	314.341	1.6058999999999999	77.52	0.23529411764705882	O=C(COC(=O)c1ccccn1)NCCc1ccccc1	5.0	1.0	True	6.0
CHEMBL1935854	Cc1nc(CNC(C)c2cccc(N3CCCC3=O)c2)cs1	InChI=1S/C17H21N3OS/c1-12(18-10-15-11-22-13(2)19-15)14-5-3-6-16(9-14)20-8-4-7-17(20)21/h3,5-6,9,11-12,18H,4,7-8,10H2,1-2H3	WXEGALWEYNYLFF-UHFFFAOYSA-N	chembl_36	315.442	3.429120000000002	45.230000000000004	0.4117647058823529	O=C1CCCN1c1cccc(CNCc2cscn2)c1	4.0	1.0	True	6.0
CHEMBL967849	Oc1ccc(C2=Nn3c(nnc3-c3ccco3)SC2)cc1O	InChI=1S/C14H10N4O3S/c19-10-4-3-8(6-11(10)20)9-7-22-14-16-15-13(18(14)17-9)12-2-1-5-21-12/h1-6,19-20H,7H2	DDUUUIHMOYDWLN-UHFFFAOYSA-N	chembl_36	314.3260000000001	2.307400000000001	96.67	0.07142857142857142	c1ccc(C2=Nn3c(nnc3-c3ccco3)SC2)cc1	8.0	2.0	True	6.0
CHEMBL680526	CC(C)c1ccc(/C(=C\CC(N)C(=O)O)c2ccsc2)cc1	InChI=1S/C18H21NO2S/c1-12(2)13-3-5-14(6-4-13)16(15-9-10-22-11-15)7-8-17(19)18(20)21/h3-7,9-12,17H,8,19H2,1-2H3,(H,20,21)/b16-7+	LMXWPUHEXUOSBI-FRKPEAEDSA-N	chembl_36	315.438	4.105200000000002	63.32000000000001	0.2777777777777778	C=C(c1ccccc1)c1ccsc1	3.0	2.0	True	6.0
CHEMBL1877435	OCC1CCCN1c1cc(NCCNc2cccnn2)ncn1	InChI=1S/C15H21N7O/c23-10-12-3-2-8-22(12)15-9-14(18-11-19-15)17-7-6-16-13-4-1-5-20-21-13/h1,4-5,9,11-12,23H,2-3,6-8,10H2,(H,16,21)(H,17,18,19)	VBISPHNKMRLURQ-UHFFFAOYSA-N	chembl_36	315.38100000000003	0.7516999999999997	99.09	0.4666666666666667	c1cnnc(NCCNc2cc(N3CCCC3)ncn2)c1	8.0	3.0	True	6.0
CHEMBL1933866	c1cnc(NC2COC3(CCN(Cc4cc[nH]n4)CC3)C2)nc1	InChI=1S/C16H22N6O/c1-5-17-15(18-6-1)20-14-10-16(23-12-14)3-8-22(9-4-16)11-13-2-7-19-21-13/h1-2,5-7,14H,3-4,8-12H2,(H,19,21)(H,17,18,20)	DEMDENGNBBXLHB-UHFFFAOYSA-N	chembl_36	314.3930000000001	1.4352999999999996	78.96000000000001	0.5625	c1cnc(NC2COC3(CCN(Cc4cc[nH]n4)CC3)C2)nc1	6.0	2.0	True	6.0
CHEMBL2679206	CN(Cc1noc(-c2ccccc2)n1)C(=O)[C@@H]1CNCC(=O)N1	InChI=1S/C15H17N5O3/c1-20(15(22)11-7-16-8-13(21)17-11)9-12-18-14(23-19-12)10-5-3-2-4-6-10/h2-6,11,16H,7-9H2,1H3,(H,17,21)/t11-/m0/s1	GNLRIDQVABHDND-NSHDSACASA-N	chembl_36	315.333	-0.21699999999999958	100.36000000000001	0.3333333333333333	O=C1CNC[C@@H](C(=O)NCc2noc(-c3ccccc3)n2)N1	6.0	2.0	True	6.0
CHEMBL867279	Cc1cc(C)nc(-n2nc(C)cc2NC(=O)CN2CCCC2)n1	InChI=1S/C16H22N6O/c1-11-8-12(2)18-16(17-11)22-14(9-13(3)20-22)19-15(23)10-21-6-4-5-7-21/h8-9H,4-7,10H2,1-3H3,(H,19,23)	JMOSJDHJBCFLBG-UHFFFAOYSA-N	chembl_36	314.3930000000002	1.6218599999999999	75.94	0.5	O=C(CN1CCCC1)Nc1ccnn1-c1ncccn1	6.0	1.0	True	6.0
CHEMBL2934166	CC(C)c1ccc(Cl)cc1C(=O)Nc1ccc2c(c1)CNC2	InChI=1S/C18H19ClN2O/c1-11(2)16-6-4-14(19)8-17(16)18(22)21-15-5-3-12-9-20-10-13(12)7-15/h3-8,11,20H,9-10H2,1-2H3,(H,21,22)	YFKQCOINBWRANM-UHFFFAOYSA-N	chembl_36	314.8160000000001	4.318900000000004	41.13	0.2777777777777778	O=C(Nc1ccc2c(c1)CNC2)c1ccccc1	2.0	2.0	True	6.0
CHEMBL2584258	Cc1nnc([C@H](C)Nc2ccc(F)c(NC(=O)c3ccsc3)c2)o1	InChI=1S/C16H15FN4O2S/c1-9(16-21-20-10(2)23-16)18-12-3-4-13(17)14(7-12)19-15(22)11-5-6-24-8-11/h3-9,18H,1-2H3,(H,19,22)/t9-/m0/s1	XJCAUBIWRDCMFG-VIFPVBQESA-N	chembl_36	346.387	4.004020000000002	80.05	0.1875	O=C(Nc1cccc(NCc2nnco2)c1)c1ccsc1	6.0	2.0	True	6.0
CHEMBL800097	S=C(NCCc1ccccc1)Nc1ccc(Nc2ccccc2)cc1	InChI=1S/C21H21N3S/c25-21(22-16-15-17-7-3-1-4-8-17)24-20-13-11-19(12-14-20)23-18-9-5-2-6-10-18/h1-14,23H,15-16H2,(H2,22,24,25)	FTUGVGZFGRNLFM-UHFFFAOYSA-N	chembl_36	347.4870000000001	4.959300000000003	36.089999999999996	0.09523809523809523	S=C(NCCc1ccccc1)Nc1ccc(Nc2ccccc2)cc1	2.0	3.0	True	6.0
CHEMBL950069	O=C(CSc1nnnn1C1CCCC1)Nc1ccc2c(c1)OCO2	InChI=1S/C15H17N5O3S/c21-14(16-10-5-6-12-13(7-10)23-9-22-12)8-24-15-17-18-19-20(15)11-3-1-2-4-11/h5-7,11H,1-4,8-9H2,(H,16,21)	PELMKORNUVFZLN-UHFFFAOYSA-N	chembl_36	347.4000000000001	2.2477	91.16000000000001	0.4666666666666667	O=C(CSc1nnnn1C1CCCC1)Nc1ccc2c(c1)OCO2	8.0	1.0	True	6.0
CHEMBL301124	Cc1ccc2c(c1)-c1nc(N)nc(C3CCC(Br)O3)c1C2	InChI=1S/C16H16BrN3O/c1-8-2-3-9-7-11-14(10(9)6-8)19-16(18)20-15(11)12-4-5-13(17)21-12/h2-3,6,12-13H,4-5,7H2,1H3,(H2,18,19,20)	CNDPNXGEKIICHK-UHFFFAOYSA-N	chembl_36	346.22800000000007	3.5109200000000014	61.03	0.375	c1ccc2c(c1)Cc1c-2ncnc1C1CCCO1	4.0	1.0	True	6.0
CHEMBL3221640	Nc1nc2cc(-c3ccc4ncnc(N5CCOCC5)c4c3)ccc2o1	InChI=1S/C19H17N5O2/c20-19-23-16-10-13(2-4-17(16)26-19)12-1-3-15-14(9-12)18(22-11-21-15)24-5-7-25-8-6-24/h1-4,9-11H,5-8H2,(H2,20,23)	FPHORGBZJIKBHF-UHFFFAOYSA-N	chembl_36	347.37800000000004	2.8568000000000007	90.3	0.21052631578947367	c1nc(N2CCOCC2)c2cc(-c3ccc4ocnc4c3)ccc2n1	7.0	1.0	True	6.0
CHEMBL2086850	FC(F)(F)Oc1ccc(-c2ccc3nc(C(F)(F)F)nn3c2)cc1	InChI=1S/C14H7F6N3O/c15-13(16,17)12-21-11-6-3-9(7-23(11)22-12)8-1-4-10(5-2-8)24-14(18,19)20/h1-7H	HTDIUSNAZRHFAD-UHFFFAOYSA-N	chembl_36	347.218	4.313700000000002	39.42	0.14285714285714285	c1ccc(-c2ccc3ncnn3c2)cc1	4.0	0.0	True	6.0
CHEMBL55351	CCOP(=O)(Cc1ccc(-c2nc3ccccc3o2)nc1)OCC	InChI=1S/C17H19N2O4P/c1-3-21-24(20,22-4-2)12-13-9-10-15(18-11-13)17-19-14-7-5-6-8-16(14)23-17/h5-11H,3-4,12H2,1-2H3	AJMYVDONZDOVOC-UHFFFAOYSA-N	chembl_36	346.32300000000015	4.655900000000004	74.45	0.29411764705882354	c1ccc(-c2nc3ccccc3o2)nc1	6.0	0.0	True	6.0
CHEMBL2089154	CC(C)n1c(=O)[nH]c2cc(-c3noc(/C=C/c4ccccc4)n3)ccc21	InChI=1S/C20H18N4O2/c1-13(2)24-17-10-9-15(12-16(17)21-20(24)25)19-22-18(26-23-19)11-8-14-6-4-3-5-7-14/h3-13H,1-2H3,(H,21,25)/b11-8+	MFDYVYPYQYITMG-DHZHZOJOSA-N	chembl_36	346.39000000000004	4.130900000000002	76.71000000000001	0.15	O=c1[nH]c2ccc(-c3noc(/C=C/c4ccccc4)n3)cc2[nH]1	5.0	1.0	True	6.0
CHEMBL829043	Cc1ccc(N2CC(=O)C(c3nc(O)c4ccccc4n3)=C2N)cc1C	InChI=1S/C20H18N4O2/c1-11-7-8-13(9-12(11)2)24-10-16(25)17(18(24)21)19-22-15-6-4-3-5-14(15)20(26)23-19/h3-9H,10,21H2,1-2H3,(H,22,23,26)	IPSCQGITTLBKGN-UHFFFAOYSA-N	chembl_36	346.39000000000016	2.6688400000000003	92.34	0.15	O=C1CN(c2ccccc2)C=C1c1ncc2ccccc2n1	6.0	2.0	True	6.0
CHEMBL2122281	CC(C)N1CCC(Nc2nc(-c3cccnc3)nc3ccccc23)CC1	InChI=1S/C21H25N5/c1-15(2)26-12-9-17(10-13-26)23-21-18-7-3-4-8-19(18)24-20(25-21)16-6-5-11-22-14-16/h3-8,11,14-15,17H,9-10,12-13H2,1-2H3,(H,23,24,25)	ZAMRXVJIXGJERV-UHFFFAOYSA-N	chembl_36	347.4660000000001	3.9765000000000024	53.94	0.38095238095238093	c1cncc(-c2nc(NC3CCNCC3)c3ccccc3n2)c1	5.0	1.0	True	6.0
CHEMBL402174	CC(C)(C)Nc1c(C#N)cnc2cnc(NCc3cccnc3)cc12	InChI=1S/C19H20N6/c1-19(2,3)25-18-14(8-20)11-22-16-12-24-17(7-15(16)18)23-10-13-5-4-6-21-9-13/h4-7,9,11-12H,10H2,1-3H3,(H,22,25)(H,23,24)	PQYJKLZRUGHKFR-UHFFFAOYSA-N	chembl_36	332.41100000000006	3.718980000000002	86.52	0.2631578947368421	c1cncc(CNc2cc3cccnc3cn2)c1	6.0	2.0	True	6.0
CHEMBL1170874	Cc1c(-c2ccccc2)[nH]c2ccc(N3CCN(C)CC3)cc2c1=O	InChI=1S/C21H23N3O/c1-15-20(16-6-4-3-5-7-16)22-19-9-8-17(14-18(19)21(15)25)24-12-10-23(2)11-13-24/h3-9,14H,10-13H2,1-2H3,(H,22,25)	YKTLZQSEVADCIU-UHFFFAOYSA-N	chembl_36	333.4350000000001	3.255320000000001	39.34	0.2857142857142857	O=c1cc(-c2ccccc2)[nH]c2ccc(N3CCNCC3)cc12	3.0	1.0	True	6.0
CHEMBL1432182	Cc1ncsc1C(c1ccccc1)n1cc(-c2ccncc2)nn1	InChI=1S/C18H15N5S/c1-13-18(24-12-20-13)17(15-5-3-2-4-6-15)23-11-16(21-22-23)14-7-9-19-10-8-14/h2-12,17H,1H3	CJLHXCGLKPCPPL-UHFFFAOYSA-N	chembl_36	333.42	3.742720000000003	56.49	0.1111111111111111	c1ccc(C(c2cncs2)n2cc(-c3ccncc3)nn2)cc1	6.0	0.0	True	6.0
CHEMBL2602374	COc1cccc(N(C)S(=O)(=O)c2ccc3c(c2)CCCC3)n1	InChI=1S/C17H20N2O3S/c1-19(16-8-5-9-17(18-16)22-2)23(20,21)15-11-10-13-6-3-4-7-14(13)12-15/h5,8-12H,3-4,6-7H2,1-2H3	OCMXFGIDKARVJR-UHFFFAOYSA-N	chembl_36	332.4250000000001	2.794100000000001	59.5	0.35294117647058826	O=S(=O)(Nc1ccccn1)c1ccc2c(c1)CCCC2	4.0	0.0	True	6.0
CHEMBL2536641	O=C(NCc1ccncc1)C(=O)N/N=C/c1cccc2ccccc12	InChI=1S/C19H16N4O2/c24-18(21-12-14-8-10-20-11-9-14)19(25)23-22-13-16-6-3-5-15-4-1-2-7-17(15)16/h1-11,13H,12H2,(H,21,24)(H,23,25)/b22-13+	VQMDDPGIAKGKHH-LPYMAVHISA-N	chembl_36	332.36300000000006	2.001299999999999	83.45	0.05263157894736842	O=C(NCc1ccncc1)C(=O)N/N=C/c1cccc2ccccc12	4.0	2.0	True	6.0
CHEMBL1116598	O=C(CN1C(=O)COc2ccccc21)NCCCN1CCOCC1	InChI=1S/C17H23N3O4/c21-16(18-6-3-7-19-8-10-23-11-9-19)12-20-14-4-1-2-5-15(14)24-13-17(20)22/h1-2,4-5H,3,6-13H2,(H,18,21)	AIMPLYCZMJVFPW-UHFFFAOYSA-N	chembl_36	333.38800000000015	0.2505000000000004	71.11	0.5294117647058824	O=C(CN1C(=O)COc2ccccc21)NCCCN1CCOCC1	5.0	1.0	True	6.0
CHEMBL3231675	O=C(c1nc2n(n1)C(c1ccccc1)CC2)C1(Cn2cccn2)CC1	InChI=1S/C19H19N5O/c25-17(19(9-10-19)13-23-12-4-11-20-23)18-21-16-8-7-15(24(16)22-18)14-5-2-1-3-6-14/h1-6,11-12,15H,7-10,13H2	KEIDENYTGJNIMO-UHFFFAOYSA-N	chembl_36	333.3950000000001	2.673300000000001	65.6	0.3684210526315789	O=C(c1nc2n(n1)C(c1ccccc1)CC2)C1(Cn2cccn2)CC1	6.0	0.0	True	6.0
CHEMBL1948372	Fc1ccc(-c2c[nH]c([C@H]3Cc4c([nH]c5ccccc45)CN3)n2)cc1	InChI=1S/C20H17FN4/c21-13-7-5-12(6-8-13)18-10-23-20(25-18)17-9-15-14-3-1-2-4-16(14)24-19(15)11-22-17/h1-8,10,17,22,24H,9,11H2,(H,23,25)/t17-/m1/s1	BMHAOFYWKWENPC-QGZVFWFLSA-N	chembl_36	332.38200000000006	4.084100000000002	56.5	0.15	c1ccc(-c2c[nH]c([C@H]3Cc4c([nH]c5ccccc45)CN3)n2)cc1	2.0	3.0	True	6.0
CHEMBL2601285	COCCN(c1ccncc1)S(=O)(=O)c1ccc(Cl)s1	InChI=1S/C12H13ClN2O3S2/c1-18-9-8-15(10-4-6-14-7-5-10)20(16,17)12-3-2-11(13)19-12/h2-7H,8-9H2,1H3	NCFUCFRFCOBYRM-UHFFFAOYSA-N	chembl_36	332.83400000000006	2.638200000000001	59.5	0.25	O=S(=O)(Nc1ccncc1)c1cccs1	5.0	0.0	True	6.0
CHEMBL2324247	COCCc1c[nH]c2ncnc(-c3ccc4c(c3)C(NC#N)CC4)c12	InChI=1S/C19H19N5O/c1-25-7-6-14-9-21-19-17(14)18(23-11-24-19)13-3-2-12-4-5-16(22-10-20)15(12)8-13/h2-3,8-9,11,16,22H,4-7H2,1H3,(H,21,23,24)	JTXSGJOTLSEIGR-UHFFFAOYSA-N	chembl_36	333.39500000000015	2.871780000000001	86.62	0.3157894736842105	c1nc(-c2ccc3c(c2)CCC3)c2cc[nH]c2n1	5.0	2.0	True	6.0
CHEMBL2467622	NCc1cc(=O)c2ccc(Oc3cccc(C(F)(F)F)c3)cc2o1	InChI=1S/C17H12F3NO3/c18-17(19,20)10-2-1-3-11(6-10)23-12-4-5-14-15(22)7-13(9-21)24-16(14)8-12/h1-8H,9,21H2	PCZIEAJROGQZPP-UHFFFAOYSA-N	chembl_36	335.281	4.062800000000002	65.46000000000001	0.11764705882352941	O=c1ccoc2cc(Oc3ccccc3)ccc12	4.0	1.0	True	6.0
CHEMBL712101	CCOP1(=O)OC(C)=c2sc(Br)cc2=C1C#N	InChI=1S/C10H9BrNO3PS/c1-3-14-16(13)8(5-12)7-4-9(11)17-10(7)6(2)15-16/h4H,3H2,1-2H3	WVJRPTGRWXAKKD-UHFFFAOYSA-N	chembl_36	334.1310000000001	2.5302800000000003	59.32	0.3	O=[PH]1C=c2ccsc2=CO1	5.0	0.0	True	6.0
CHEMBL2644264	Cc1ccc(C(=O)N2CCC(n3ccnc3-c3ncc[nH]3)CC2)cc1	InChI=1S/C19H21N5O/c1-14-2-4-15(5-3-14)19(25)23-11-6-16(7-12-23)24-13-10-22-18(24)17-20-8-9-21-17/h2-5,8-10,13,16H,6-7,11-12H2,1H3,(H,20,21)	BTQIOVIUGSHPTQ-UHFFFAOYSA-N	chembl_36	335.4110000000001	3.0589200000000005	66.81	0.3157894736842105	O=C(c1ccccc1)N1CCC(n2ccnc2-c2ncc[nH]2)CC1	4.0	1.0	True	6.0
CHEMBL1863961	CCCn1nc(C)c(C(=O)N[C@@H]2CC[C@@H](N3CCCC3)[C@@H]2O)c1C	InChI=1S/C18H30N4O2/c1-4-9-22-13(3)16(12(2)20-22)18(24)19-14-7-8-15(17(14)23)21-10-5-6-11-21/h14-15,17,23H,4-11H2,1-3H3,(H,19,24)/t14-,15-,17-/m1/s1	PFEBMOIMLKAFGC-BFYDXBDKSA-N	chembl_36	334.4640000000001	1.6274399999999996	70.39	0.7777777777777778	O=C(N[C@@H]1CC[C@@H](N2CCCC2)C1)c1cn[nH]c1	5.0	2.0	True	5.0
CHEMBL2074037	Cc1nnc(NC(=O)c2cc([C@@H]3C[C@H]3NC3CCC3)cs2)s1	InChI=1S/C15H18N4OS2/c1-8-18-19-15(22-8)17-14(20)13-5-9(7-21-13)11-6-12(11)16-10-3-2-4-10/h5,7,10-12,16H,2-4,6H2,1H3,(H,17,19,20)/t11-,12+/m0/s1	ALKUEFQXLXYBPP-NWDGAFQWSA-N	chembl_36	334.47	3.1583200000000016	66.91	0.5333333333333333	O=C(Nc1nncs1)c1cc([C@@H]2C[C@H]2NC2CCC2)cs1	6.0	2.0	True	5.0
CHEMBL2829146	C[C@](O)(CNc1ccc2[nH]ccc2c1)c1cccc(C(F)(F)F)c1	InChI=1S/C18H17F3N2O/c1-17(24,13-3-2-4-14(10-13)18(19,20)21)11-23-15-5-6-16-12(9-15)7-8-22-16/h2-10,22-24H,11H2,1H3/t17-/m0/s1	OQKHAOKVVHXROQ-KRWDZBQOSA-N	chembl_36	334.341	4.506300000000002	48.05	0.2222222222222222	c1ccc(CCNc2ccc3[nH]ccc3c2)cc1	2.0	3.0	True	6.0
CHEMBL1584412	CN(C)/C=C/c1nc(C(C)(C)C)cc2c1C(=O)c1ccccc1C2=O	InChI=1S/C21H22N2O2/c1-21(2,3)17-12-15-18(16(22-17)10-11-23(4)5)20(25)14-9-7-6-8-13(14)19(15)24/h6-12H,1-5H3/b11-10+	YXPDOLBPTSDXNP-ZHACJKMWSA-N	chembl_36	334.41900000000004	3.6868000000000025	50.27	0.2857142857142857	O=C1c2ccccc2C(=O)c2cnccc21	4.0	0.0	True	6.0
CHEMBL255777	CC(C)(Oc1ccc(Cl)cc1)C(=O)OCc1cccc(CO)n1	InChI=1S/C17H18ClNO4/c1-17(2,23-15-8-6-12(18)7-9-15)16(21)22-11-14-5-3-4-13(10-20)19-14/h3-9,20H,10-11H2,1-2H3	YJBIJSVYPHRVCI-UHFFFAOYSA-N	chembl_36	335.78700000000003	3.128100000000001	68.65	0.29411764705882354	O=C(COc1ccccc1)OCc1ccccn1	5.0	1.0	True	6.0
CHEMBL1306887	Cc1nc2scc(C)n2c(=O)c1S(=O)(=O)Nc1ccccc1	InChI=1S/C14H13N3O3S2/c1-9-8-21-14-15-10(2)12(13(18)17(9)14)22(19,20)16-11-6-4-3-5-7-11/h3-8,16H,1-2H3	JQYJLCRLWMUESC-UHFFFAOYSA-N	chembl_36	335.40999999999997	2.17364	80.54	0.14285714285714285	O=c1c(S(=O)(=O)Nc2ccccc2)cnc2sccn12	6.0	1.0	True	6.0
CHEMBL2702895	Cn1c(=O)n(C)c(=O)n(CC(=O)Nc2ccc3c(c2)OCO3)c1=O	InChI=1S/C14H14N4O6/c1-16-12(20)17(2)14(22)18(13(16)21)6-11(19)15-8-3-4-9-10(5-8)24-7-23-9/h3-5H,6-7H2,1-2H3,(H,15,19)	NTMTUBNTTBCHHP-UHFFFAOYSA-N	chembl_36	334.2880000000001	-1.3869	113.56	0.2857142857142857	O=C(Cn1c(=O)[nH]c(=O)[nH]c1=O)Nc1ccc2c(c1)OCO2	9.0	1.0	True	6.0
CHEMBL549576	Cl.Clc1ccc([C@@H]2CCCN3CCCC[C@H]23)cc1Cl	InChI=1S/C15H19Cl2N.ClH/c16-13-7-6-11(10-14(13)17)12-4-3-9-18-8-2-1-5-15(12)18;/h6-7,10,12,15H,1-5,8-9H2;1H/t12-,15+;/m0./s1	VCVXXEBJSGAQKK-SBKWZQTDSA-N	chembl_36	320.6909999999999	5.147100000000004	3.24	0.6	c1ccc([C@@H]2CCCN3CCCC[C@H]23)cc1	1.0	0.0	True	6.0
CHEMBL1874228	CCOc1cc(CNCC2CN(C3CC3)CCO2)ccc1OC	InChI=1S/C18H28N2O3/c1-3-22-18-10-14(4-7-17(18)21-2)11-19-12-16-13-20(8-9-23-16)15-5-6-15/h4,7,10,15-16,19H,3,5-6,8-9,11-13H2,1-2H3	FJKWLWXLLAFVLB-UHFFFAOYSA-N	chembl_36	320.433	2.0466999999999995	42.96000000000001	0.6666666666666666	c1ccc(CNCC2CN(C3CC3)CCO2)cc1	5.0	1.0	True	6.0
CHEMBL73800	CCN(CCN(C)C)c1cc(-c2cccnc2)nc2ccccc12	InChI=1S/C20H24N4/c1-4-24(13-12-23(2)3)20-14-19(16-8-7-11-21-15-16)22-18-10-6-5-9-17(18)20/h5-11,14-15H,4,12-13H2,1-3H3	MLHSFWKDWVSUMO-UHFFFAOYSA-N	chembl_36	320.4400000000001	3.684700000000002	32.260000000000005	0.3	c1cncc(-c2ccc3ccccc3n2)c1	4.0	0.0	True	6.0
CHEMBL796566	O=C(CC12CC3CC(CC(C3)C1)C2)Nc1cccc2ncccc12	InChI=1S/C21H24N2O/c24-20(23-19-5-1-4-18-17(19)3-2-6-22-18)13-21-10-14-7-15(11-21)9-16(8-14)12-21/h1-6,14-16H,7-13H2,(H,23,24)	DKOFLWJJZBRSBW-UHFFFAOYSA-N	chembl_36	320.43600000000004	4.779800000000004	41.99	0.5238095238095238	O=C(CC12CC3CC(CC(C3)C1)C2)Nc1cccc2ncccc12	2.0	1.0	True	6.0
CHEMBL2580741	CC(C)(C)n1nnc(CNC(=O)N[C@H]2CCC[C@@H](C3CC3)C2)n1	InChI=1S/C16H28N6O/c1-16(2,3)22-20-14(19-21-22)10-17-15(23)18-13-6-4-5-12(9-13)11-7-8-11/h11-13H,4-10H2,1-3H3,(H2,17,18,23)/t12-,13+/m1/s1	CHBHIXPRBHFPKM-OLZOCXBDSA-N	chembl_36	320.44100000000014	2.1960999999999995	84.73	0.875	O=C(NCc1nn[nH]n1)N[C@H]1CCC[C@@H](C2CC2)C1	5.0	2.0	True	6.0
CHEMBL784260	FC(F)(F)c1cc(-c2ccccc2)nc(N2CCCCCC2)n1	InChI=1S/C17H18F3N3/c18-17(19,20)15-12-14(13-8-4-3-5-9-13)21-16(22-15)23-10-6-1-2-7-11-23/h3-5,8-9,12H,1-2,6-7,10-11H2	SQCXHDAKPCTOGY-UHFFFAOYSA-N	chembl_36	321.3460000000002	4.542800000000004	29.020000000000003	0.4117647058823529	c1ccc(-c2ccnc(N3CCCCCC3)n2)cc1	3.0	0.0	True	7.0
CHEMBL472367	CNc1ccc(Cn2nnc3c(-c4ccco4)nc(N)nc32)cc1	InChI=1S/C16H15N7O/c1-18-11-6-4-10(5-7-11)9-23-15-14(21-22-23)13(19-16(17)20-15)12-3-2-8-24-12/h2-8,18H,9H2,1H3,(H2,17,19,20)	TZOOGRJBPCSUNY-UHFFFAOYSA-N	chembl_36	321.34400000000005	2.1534999999999993	107.68	0.125	c1ccc(Cn2nnc3c(-c4ccco4)ncnc32)cc1	8.0	2.0	True	6.0
CHEMBL2960383	c1cc(-c2c[nH]c3nccc(N4CCC5(CCNC5)C4)c23)cnn1	InChI=1S/C18H20N6/c1-6-22-23-9-13(1)14-10-21-17-16(14)15(2-5-20-17)24-8-4-18(12-24)3-7-19-11-18/h1-2,5-6,9-10,19H,3-4,7-8,11-12H2,(H,20,21)	ZASVASVCLDFZGK-UHFFFAOYSA-N	chembl_36	320.4	2.2096999999999998	69.73	0.3888888888888889	c1cc(-c2c[nH]c3nccc(N4CCC5(CCNC5)C4)c23)cnn1	5.0	2.0	True	6.0
CHEMBL2703455	COc1ccc(C(=O)c2ccccc2C(=O)Nc2cn[nH]c2)cc1	InChI=1S/C18H15N3O3/c1-24-14-8-6-12(7-9-14)17(22)15-4-2-3-5-16(15)18(23)21-13-10-19-20-11-13/h2-11H,1H3,(H,19,20)(H,21,23)	ZMXXESYIMPRAQM-UHFFFAOYSA-N	chembl_36	321.336	2.9016	84.08000000000001	0.05555555555555555	O=C(Nc1cn[nH]c1)c1ccccc1C(=O)c1ccccc1	4.0	2.0	True	6.0
CHEMBL2091909	COc1ccc(CSc2nc3c(=O)[nH]c(N)nc3[nH]2)c(F)c1	InChI=1S/C13H12FN5O2S/c1-21-7-3-2-6(8(14)4-7)5-22-13-16-9-10(18-13)17-12(15)19-11(9)20/h2-4H,5H2,1H3,(H4,15,16,17,18,19,20)	BEPYKLJEDUOZIK-UHFFFAOYSA-N	chembl_36	321.337	1.6683999999999997	109.68	0.15384615384615385	O=c1[nH]cnc2[nH]c(SCc3ccccc3)nc12	6.0	3.0	True	6.0
CHEMBL2708509	O=C(NCCn1ccnc1)c1ccc2c(c1)OCCO2	InChI=1S/C14H15N3O3/c18-14(16-4-6-17-5-3-15-10-17)11-1-2-12-13(9-11)20-8-7-19-12/h1-3,5,9-10H,4,6-8H2,(H,16,18)	OMVMKJGNSUVUCO-UHFFFAOYSA-N	chembl_36	273.29200000000003	1.0842999999999992	65.38000000000001	0.2857142857142857	O=C(NCCn1ccnc1)c1ccc2c(c1)OCCO2	5.0	1.0	True	6.0
CHEMBL2577346	CC(=O)N1CCC[C@H]1C(=O)N1CCc2ccccc2C1	InChI=1S/C16H20N2O2/c1-12(19)18-9-4-7-15(18)16(20)17-10-8-13-5-2-3-6-14(13)11-17/h2-3,5-6,15H,4,7-11H2,1H3/t15-/m0/s1	BXTMOBIPDUCZHD-HNNXBMFYSA-N	chembl_36	272.34800000000007	1.5821999999999994	40.620000000000005	0.5	O=C([C@@H]1CCCN1)N1CCc2ccccc2C1	2.0	0.0	True	6.0
CHEMBL758575	C=CCNC(=O)c1cc(-c2ccc3c(c2)OCO3)on1	InChI=1S/C14H12N2O4/c1-2-5-15-14(17)10-7-12(20-16-10)9-3-4-11-13(6-9)19-8-18-11/h2-4,6-7H,1,5,8H2,(H,15,17)	MEPGBOGCHLVVGU-UHFFFAOYSA-N	chembl_36	272.26	1.9860999999999998	73.59	0.14285714285714285	c1cc(-c2ccc3c(c2)OCO3)on1	5.0	1.0	True	6.0
CHEMBL2501089	CS(=O)(=O)n1ccc2ccc(-c3ccncc3)cc21	InChI=1S/C14H12N2O2S/c1-19(17,18)16-9-6-12-2-3-13(10-14(12)16)11-4-7-15-8-5-11/h2-10H,1H3	MLVQEMHPRLVSDO-UHFFFAOYSA-N	chembl_36	272.32900000000006	2.511000000000001	51.96	0.07142857142857142	c1cc(-c2ccc3cc[nH]c3c2)ccn1	4.0	0.0	True	6.0
CHEMBL2388339	CCCn1nc(C(=O)NCc2ccccn2)ccc1=O	InChI=1S/C14H16N4O2/c1-2-9-18-13(19)7-6-12(17-18)14(20)16-10-11-5-3-4-8-15-11/h3-8H,2,9-10H2,1H3,(H,16,20)	VAMPPVCDJNJGQP-UHFFFAOYSA-N	chembl_36	272.30800000000005	0.9783000000000002	76.88	0.2857142857142857	O=C(NCc1ccccn1)c1ccc(=O)[nH]n1	5.0	1.0	True	6.0
CHEMBL1328781	Clc1cc2nn(C3CCCCO3)nc2cc1Cl	InChI=1S/C11H11Cl2N3O/c12-7-5-9-10(6-8(7)13)15-16(14-9)11-3-1-2-4-17-11/h5-6,11H,1-4H2	DWHDCRWNFDQGGZ-UHFFFAOYSA-N	chembl_36	272.135	3.4372000000000016	39.94	0.45454545454545453	c1ccc2nn(C3CCCCO3)nc2c1	4.0	0.0	True	6.0
CHEMBL2711725	c1ccc2nc(NCCCN3CCOCC3)cnc2c1	InChI=1S/C15H20N4O/c1-2-5-14-13(4-1)17-12-15(18-14)16-6-3-7-19-8-10-20-11-9-19/h1-2,4-5,12H,3,6-11H2,(H,16,18)	BTVZZRXFMDZDLV-UHFFFAOYSA-N	chembl_36	272.352	1.764	50.28	0.4666666666666667	c1ccc2nc(NCCCN3CCOCC3)cnc2c1	5.0	1.0	True	6.0
CHEMBL2178404	O=C(NNc1ncnc2sccc12)c1cnccn1	InChI=1S/C11H8N6OS/c18-10(8-5-12-2-3-13-8)17-16-9-7-1-4-19-11(7)15-6-14-9/h1-6H,(H,17,18)(H,14,15,16)	CUEDRLYKIHOHBP-UHFFFAOYSA-N	chembl_36	272.293	1.2381999999999993	92.69	0.0	O=C(NNc1ncnc2sccc12)c1cnccn1	7.0	2.0	True	6.0
CHEMBL2657174	COCCc1noc([C@@H]2CC(c3ccccc3)=NO2)n1	InChI=1S/C14H15N3O3/c1-18-8-7-13-15-14(20-17-13)12-9-11(16-19-12)10-5-3-2-4-6-10/h2-6,12H,7-9H2,1H3/t12-/m0/s1	SFGSWONNRZVQEV-LBPRGKRZSA-N	chembl_36	273.29200000000003	2.1242	69.74000000000001	0.35714285714285715	c1ccc(C2=NO[C@H](c3ncno3)C2)cc1	6.0	0.0	True	6.0
CHEMBL2648380	Cc1n[nH]cc1CN(C)[C@@H](C)C(=O)Nc1ccccn1	InChI=1S/C14H19N5O/c1-10-12(8-16-18-10)9-19(3)11(2)14(20)17-13-6-4-5-7-15-13/h4-8,11H,9H2,1-3H3,(H,16,18)(H,15,17,20)/t11-/m0/s1	JROUNJPQSUANHI-NSHDSACASA-N	chembl_36	273.34000000000003	1.5721199999999997	73.91	0.35714285714285715	O=C(CNCc1cn[nH]c1)Nc1ccccn1	4.0	2.0	True	6.0
CHEMBL1523181	C=C(C)[C@H]1CC[C@]2(C)[C@@H]([N+](=O)[O-])CC[C@@]23C(=O)O[C@@H]1[C@@H]3O	InChI=1S/C15H21NO5/c1-8(2)9-4-6-14(3)10(16(19)20)5-7-15(14)12(17)11(9)21-13(15)18/h9-12,17H,1,4-7H2,2-3H3/t9-,10+,11+,12+,14-,15-/m1/s1	SGPNKIWFJILCCC-YRLDTQBMSA-N	chembl_36	295.3349999999999	1.6905999999999999	89.67	0.8	O=C1O[C@H]2CCCC3CCC[C@@]13C2	5.0	1.0	True	7.0
CHEMBL1103407	CC(Sc1nncn1C)C(=O)NCCC1=CCCCC1	InChI=1S/C14H22N4OS/c1-11(20-14-17-16-10-18(14)2)13(19)15-9-8-12-6-4-3-5-7-12/h6,10-11H,3-5,7-9H2,1-2H3,(H,15,19)	WPNUKMYTYCFMFQ-UHFFFAOYSA-N	chembl_36	294.4240000000001	2.3024000000000004	59.81	0.6428571428571429	O=C(CSc1nnc[nH]1)NCCC1=CCCCC1	5.0	1.0	True	6.0
CHEMBL1681352	Cc1cccc(C(=O)O/N=C2\C(=O)N(C)c3ccccc32)c1	InChI=1S/C17H14N2O3/c1-11-6-5-7-12(10-11)17(21)22-18-15-13-8-3-4-9-14(13)19(2)16(15)20/h3-10H,1-2H3/b18-15-	IJHNNYZJAPTFPJ-SDXDJHTJSA-N	chembl_36	294.31	2.5325200000000008	58.97	0.11764705882352941	O=C1Nc2ccccc2/C1=N/OC(=O)c1ccccc1	4.0	0.0	True	6.0
CHEMBL441629	c1cc2c3c(c1)-c1cccc4nc5ccccc5c(c14)N3CC2	InChI=1S/C21H14N2/c1-2-9-17-16(6-1)21-19-14(7-4-10-18(19)22-17)15-8-3-5-13-11-12-23(21)20(13)15/h1-10H,11-12H2	VNAFAKUKJMBXNX-UHFFFAOYSA-N	chembl_36	294.357	5.062600000000002	16.130000000000003	0.09523809523809523	c1cc2c3c(c1)-c1cccc4nc5ccccc5c(c14)N3CC2	2.0	0.0	True	6.0
CHEMBL289802	CCCN1Cc2ccccc2[C@@H]2Cc3nc(N)ncc3C[C@H]21	InChI=1S/C18H22N4/c1-2-7-22-11-12-5-3-4-6-14(12)15-9-16-13(8-17(15)22)10-20-18(19)21-16/h3-6,10,15,17H,2,7-9,11H2,1H3,(H2,19,20,21)/t15-,17+/m0/s1	JPOIIIWKNMUXLB-DOTOQJQBSA-N	chembl_36	294.40200000000004	2.535400000000001	55.040000000000006	0.4444444444444444	c1ccc2c(c1)CN[C@@H]1Cc3cncnc3C[C@@H]21	4.0	1.0	True	6.0
CHEMBL171749	C[C@H]1[C@H](n2ccccc2=O)c2cc(C#N)ccc2OC1(C)C	InChI=1S/C18H18N2O2/c1-12-17(20-9-5-4-6-16(20)21)14-10-13(11-19)7-8-15(14)22-18(12,2)3/h4-10,12,17H,1-3H3/t12-,17-/m0/s1	NRMDRZLPSOTQCU-SJCJKPOMSA-N	chembl_36	294.35400000000004	3.116480000000002	55.019999999999996	0.3333333333333333	O=c1ccccn1[C@H]1CCOc2ccccc21	4.0	0.0	True	6.0
CHEMBL2629989	O=C(NCCc1ccc(N2CCCC2)cc1)c1ccccc1	InChI=1S/C19H22N2O/c22-19(17-6-2-1-3-7-17)20-13-12-16-8-10-18(11-9-16)21-14-4-5-15-21/h1-3,6-11H,4-5,12-15H2,(H,20,22)	VNUKXWQQSAZUQZ-UHFFFAOYSA-N	chembl_36	294.39799999999997	3.2593000000000023	32.34	0.3157894736842105	O=C(NCCc1ccc(N2CCCC2)cc1)c1ccccc1	2.0	1.0	True	6.0
CHEMBL2696757	Cc1ncnc(N2CC[C@@]3(C2)C(=O)Nc2ccccc23)c1C	InChI=1S/C17H18N4O/c1-11-12(2)18-10-19-15(11)21-8-7-17(9-21)13-5-3-4-6-14(13)20-16(17)22/h3-6,10H,7-9H2,1-2H3,(H,20,22)/t17-/m0/s1	PUHNERKXKGDUIJ-KRWDZBQOSA-N	chembl_36	294.35800000000006	2.1936400000000003	58.120000000000005	0.35294117647058826	O=C1Nc2ccccc2[C@@]12CCN(c1ccncn1)C2	4.0	1.0	True	6.0
CHEMBL1237460	NC(=O)c1oc2ccccc2c1NC(=O)Cc1ccccc1	InChI=1S/C17H14N2O3/c18-17(21)16-15(12-8-4-5-9-13(12)22-16)19-14(20)10-11-6-2-1-3-7-11/h1-9H,10H2,(H2,18,21)(H,19,20)	GQWIPFWYTMYQQZ-UHFFFAOYSA-N	chembl_36	294.30999999999995	2.712900000000001	85.33000000000001	0.058823529411764705	O=C(Cc1ccccc1)Nc1coc2ccccc12	3.0	2.0	True	6.0
CHEMBL2437708	O=S(=O)(NC1CC1)C1CCN(CCc2ccccn2)C1	InChI=1S/C14H21N3O2S/c18-20(19,16-13-4-5-13)14-7-10-17(11-14)9-6-12-3-1-2-8-15-12/h1-3,8,13-14,16H,4-7,9-11H2	TVLLADBYVOUFGB-UHFFFAOYSA-N	chembl_36	295.408	0.7801999999999998	62.300000000000004	0.6428571428571429	O=S(=O)(NC1CC1)C1CCN(CCc2ccccn2)C1	4.0	1.0	True	6.0
CHEMBL933630	Cc1ccc(Cn2cccc2C2=NC(C)CO2)cc1	InChI=1S/C16H18N2O/c1-12-5-7-14(8-6-12)10-18-9-3-4-15(18)16-17-13(2)11-19-16/h3-9,13H,10-11H2,1-2H3	KVPMKSGTJCWSMI-UHFFFAOYSA-N	chembl_36	254.333	3.0101200000000015	26.52	0.3125	c1ccc(Cn2cccc2C2=NCCO2)cc1	3.0	0.0	True	6.0
CHEMBL404999	COC(=O)c1cc2c3cc(C)cnc3n(C)c2cn1	InChI=1S/C14H13N3O2/c1-8-4-10-9-5-11(14(18)19-3)15-7-12(9)17(2)13(10)16-6-8/h4-7H,1-3H3	DWEVIKLFFIOOBN-UHFFFAOYSA-N	chembl_36	255.277	2.21652	57.01	0.21428571428571427	c1cnc2[nH]c3cnccc3c2c1	5.0	0.0	True	6.0
CHEMBL168444	CCc1ccc(/C=C2/C(=O)Nc3ccccc32)s1	InChI=1S/C15H13NOS/c1-2-10-7-8-11(18-10)9-13-12-5-3-4-6-14(12)16-15(13)17/h3-9H,2H2,1H3,(H,16,17)/b13-9+	MFRZHGSWQHNIEA-UKTHLTGXSA-N	chembl_36	255.342	3.803200000000002	29.1	0.13333333333333333	O=C1Nc2ccccc2/C1=C\c1cccs1	2.0	1.0	True	6.0
CHEMBL664363	O=c1c2ccccc2ccn1[C@@H]1CN2CCC1CC2	InChI=1S/C16H18N2O/c19-16-14-4-2-1-3-12(14)7-10-18(16)15-11-17-8-5-13(15)6-9-17/h1-4,7,10,13,15H,5-6,8-9,11H2/t15-/m1/s1	HPEMJEUFIDYINO-OAHLLOKOSA-N	chembl_36	254.33299999999994	2.2682	25.240000000000002	0.4375	O=c1c2ccccc2ccn1[C@@H]1CN2CCC1CC2	3.0	0.0	True	6.0
CHEMBL1299876	Cc1nc(-c2nc([N+](=O)[O-])c([N+](=O)[O-])[nH]2)cs1	InChI=1S/C7H5N5O4S/c1-3-8-4(2-17-3)5-9-6(11(13)14)7(10-5)12(15)16/h2H,1H3,(H,9,10)	RCPGPGNXJBPVKJ-UHFFFAOYSA-N	chembl_36	255.215	1.6580199999999996	127.85	0.14285714285714285	c1c[nH]c(-c2cscn2)n1	7.0	1.0	True	5.0
CHEMBL2334873	O=c1nc(C(F)(F)C(F)(F)C(F)(F)F)[nH]o1	InChI=1S/C5HF7N2O2/c6-3(7,1-13-2(15)16-14-1)4(8,9)5(10,11)12/h(H,13,14,15)	MZLYKMPRNWAFSI-UHFFFAOYSA-N	chembl_36	254.06099999999995	1.6523	58.89	0.6	O=c1nc[nH]o1	3.0	1.0	True	5.0
CHEMBL1862700	Cc1cc(Nc2cnccn2)cc(C2CCCN2)n1	InChI=1S/C14H17N5/c1-10-7-11(19-14-9-15-5-6-17-14)8-13(18-10)12-3-2-4-16-12/h5-9,12,16H,2-4H2,1H3,(H,17,18,19)	WYZPLCAFWAWGJX-UHFFFAOYSA-N	chembl_36	255.325	2.3481199999999998	62.730000000000004	0.35714285714285715	c1cnc(Nc2ccnc(C3CCCN3)c2)cn1	5.0	2.0	True	6.0
CHEMBL1907684	COc1ccc(C(=O)N2CCCS2(=O)=O)cc1	InChI=1S/C11H13NO4S/c1-16-10-5-3-9(4-6-10)11(13)12-7-2-8-17(12,14)15/h3-6H,2,7-8H2,1H3	PWBXUTCTBYBHPB-UHFFFAOYSA-N	chembl_36	255.29499999999996	0.8709000000000002	63.68	0.36363636363636365	O=C(c1ccccc1)N1CCCS1(=O)=O	4.0	0.0	True	6.0
CHEMBL1853579	CCNC(=O)N1C[C@@H]2OCC(=O)N(C(C)C)[C@@H]2C1	InChI=1S/C12H21N3O3/c1-4-13-12(17)14-5-9-10(6-14)18-7-11(16)15(9)8(2)3/h8-10H,4-7H2,1-3H3,(H,13,17)/t9-,10+/m1/s1	RKJBJGGDRFNXBU-ZJUUUORDSA-N	chembl_36	255.31799999999996	0.03590000000000093	61.88000000000001	0.8333333333333334	O=C1CO[C@H]2CNC[C@H]2N1	3.0	1.0	True	6.0
CHEMBL1306190	O=C1CCC(=O)c2cc(Br)ccc2N1	InChI=1S/C10H8BrNO2/c11-6-1-2-8-7(5-6)9(13)3-4-10(14)12-8/h1-2,5H,3-4H2,(H,12,14)	XSSMUNSMBSUOAW-UHFFFAOYSA-N	chembl_36	254.083	2.3640999999999996	46.17	0.2	O=C1CCC(=O)c2ccccc2N1	2.0	1.0	True	7.0
CHEMBL2400857	Cc1ccc(Sc2nc(-c3cccs3)ns2)cc1	InChI=1S/C13H10N2S3/c1-9-4-6-10(7-5-9)17-13-14-12(15-18-13)11-3-2-8-16-11/h2-8H,1H3	RRLOLUZZSSPGHB-UHFFFAOYSA-N	chembl_36	290.43800000000005	4.726220000000002	25.78	0.07692307692307693	c1ccc(Sc2nc(-c3cccs3)ns2)cc1	5.0	0.0	True	6.0
CHEMBL2324339	COC(=O)c1ccc2c(C=O)cc(-c3ccccc3)c-2cc1	InChI=1S/C19H14O3/c1-22-19(21)14-7-9-16-15(12-20)11-18(17(16)10-8-14)13-5-3-2-4-6-13/h2-12H,1H3	ZOVCJNKQBQGBND-UHFFFAOYSA-N	chembl_36	290.31800000000004	4.057500000000003	43.370000000000005	0.05263157894736842	c1ccc(-c2ccc3cccccc2-3)cc1	3.0	0.0	True	7.0
CHEMBL2381590	OCC1OC(n2cnc3c2ncn2ccnc32)C(O)C1O	InChI=1S/C12H13N5O4/c18-3-6-8(19)9(20)12(21-6)17-5-14-7-10-13-1-2-16(10)4-15-11(7)17/h1-2,4-6,8-9,12,18-20H,3H2	LRPBXXZUPUBCAP-UHFFFAOYSA-N	chembl_36	291.26700000000005	-1.3095000000000003	117.93	0.4166666666666667	c1cn2cnc3c(ncn3C3CCCO3)c2n1	9.0	3.0	True	6.0
CHEMBL752613	COCCCNc1nc(=O)n(-c2ccc(C)cc2)c(=O)[nH]1	InChI=1S/C14H18N4O3/c1-10-4-6-11(7-5-10)18-13(19)16-12(17-14(18)20)15-8-3-9-21-2/h4-7H,3,8-9H2,1-2H3,(H2,15,16,17,19,20)	AJNPGWXADLPRAP-UHFFFAOYSA-N	chembl_36	290.32300000000004	0.6776199999999998	89.00999999999999	0.35714285714285715	O=c1nc[nH]c(=O)n1-c1ccccc1	6.0	2.0	True	6.0
CHEMBL1060752	Fc1ccccc1Oc1cccc(F)c1OC1CCNC1	InChI=1S/C16H15F2NO2/c17-12-4-1-2-6-14(12)21-15-7-3-5-13(18)16(15)20-11-8-9-19-10-11/h1-7,11,19H,8-10H2	FWSGCKKLRWEEEX-UHFFFAOYSA-N	chembl_36	291.297	3.4978000000000016	30.490000000000002	0.25	c1ccc(Oc2ccccc2OC2CCNC2)cc1	3.0	1.0	True	6.0
CHEMBL2464307	CCOc1ccc2cc(C(=O)N3CCSCC3)[nH]c2c1	InChI=1S/C15H18N2O2S/c1-2-19-12-4-3-11-9-14(16-13(11)10-12)15(18)17-5-7-20-8-6-17/h3-4,9-10,16H,2,5-8H2,1H3	FHYCIXFBQIJZKC-UHFFFAOYSA-N	chembl_36	290.3879999999999	2.7556000000000003	45.33	0.4	O=C(c1cc2ccccc2[nH]1)N1CCSCC1	3.0	1.0	True	6.0
CHEMBL288790	Oc1ccc2c(c1CNc1ccc(F)cc1F)CCCO2	InChI=1S/C16H15F2NO2/c17-10-3-4-14(13(18)8-10)19-9-12-11-2-1-7-21-16(11)6-5-15(12)20/h3-6,8,19-20H,1-2,7,9H2	JWLODPADMQGGLB-UHFFFAOYSA-N	chembl_36	291.2970000000001	3.6075000000000017	41.489999999999995	0.25	c1ccc(NCc2cccc3c2CCCO3)cc1	3.0	2.0	True	6.0
CHEMBL1907105	O=C(CCc1ccsc1)N1CCCC(n2cncn2)C1	InChI=1S/C14H18N4OS/c19-14(4-3-12-5-7-20-9-12)17-6-1-2-13(8-17)18-11-15-10-16-18/h5,7,9-11,13H,1-4,6,8H2	MXVJNGVFLFZOGS-UHFFFAOYSA-N	chembl_36	290.392	2.1359000000000004	51.02	0.5	O=C(CCc1ccsc1)N1CCCC(n2cncn2)C1	5.0	0.0	True	6.0
CHEMBL1887512	CC(C)Nc1ncnc2c1CCN(C(=O)CN(C)C)CC2	InChI=1S/C15H25N5O/c1-11(2)18-15-12-5-7-20(14(21)9-19(3)4)8-6-13(12)16-10-17-15/h10-11H,5-9H2,1-4H3,(H,16,17,18)	INJSUTJPGHYIOQ-UHFFFAOYSA-N	chembl_36	291.39900000000006	0.7857000000000001	61.36000000000001	0.6666666666666666	c1ncc2c(n1)CCNCC2	5.0	1.0	True	7.0
CHEMBL3001997	Cc1noc2c(C)c3[nH]c(=O)cc(-c4ccccc4)c3cc12	InChI=1S/C18H14N2O2/c1-10-17-15(8-13-11(2)20-22-18(10)13)14(9-16(21)19-17)12-6-4-3-5-7-12/h3-9H,1-2H3,(H,19,21)	ILAGYPRRXRHQAK-UHFFFAOYSA-N	chembl_36	290.32200000000006	3.953140000000002	58.89	0.1111111111111111	O=c1cc(-c2ccccc2)c2cc3cnoc3cc2[nH]1	3.0	1.0	True	6.0
CHEMBL1889673	O=C(c1csc2nc(-c3ccc(Cl)cc3)cn12)N1CCCC(CO)C1	InChI=1S/C18H18ClN3O2S/c19-14-5-3-13(4-6-14)15-9-22-16(11-25-18(22)20-15)17(24)21-7-1-2-12(8-21)10-23/h3-6,9,11-12,23H,1-2,7-8,10H2	AFNMBQFWSBSECA-UHFFFAOYSA-N	chembl_36	375.88100000000026	3.5607000000000024	57.84	0.3333333333333333	O=C(c1csc2nc(-c3ccccc3)cn12)N1CCCCC1	5.0	1.0	True	6.0
CHEMBL599208	CC(=O)OC[C@@H]1CC[C@]2(C)C(C)=CC(=O)C[C@H]2[C@]1(C)CCC1=CCOC1=O	InChI=1S/C22H30O5/c1-14-11-18(24)12-19-21(14,3)9-6-17(13-27-15(2)23)22(19,4)8-5-16-7-10-26-20(16)25/h7,11,17,19H,5-6,8-10,12-13H2,1-4H3/t17-,19+,21+,22+/m0/s1	FCMMTMZFACYHCP-RGMHLJPOSA-N	chembl_36	374.4770000000002	3.770800000000003	69.67000000000002	0.6818181818181818	O=C1C=CC2CCCC(CCC3=CCOC3=O)[C@@H]2C1	5.0	0.0	True	6.0
CHEMBL2794898	O=C(Nc1ncc([N+](=O)[O-])s1)c1ccc(=O)n(Cc2cccc(F)c2)n1	InChI=1S/C15H10FN5O4S/c16-10-3-1-2-9(6-10)8-20-12(22)5-4-11(19-20)14(23)18-15-17-7-13(26-15)21(24)25/h1-7H,8H2,(H,17,18,23)	QPKCXBGSNGIBLK-UHFFFAOYSA-N	chembl_36	375.3410000000001	2.0477	120.02	0.06666666666666667	O=C(Nc1nccs1)c1ccc(=O)n(Cc2ccccc2)n1	8.0	1.0	True	6.0
CHEMBL3010652	Cc1noc(C)c1-c1ccc2nc(N(C)C)n3c2c1OCC3c1ccccn1	InChI=1S/C21H21N5O2/c1-12-18(13(2)28-24-12)14-8-9-16-19-20(14)27-11-17(15-7-5-6-10-22-15)26(19)21(23-16)25(3)4/h5-10,17H,11H2,1-4H3	LEBOWCBCCBNYII-UHFFFAOYSA-N	chembl_36	375.4320000000001	3.7509400000000026	69.21000000000001	0.2857142857142857	c1ccc(C2COc3c(-c4cnoc4)ccc4ncn2c34)nc1	7.0	0.0	True	6.0
CHEMBL2330944	Cc1ccc([C@]2(O)CCCN(S(=O)(=O)c3ccc4c(c3)OCO4)C2)cc1	InChI=1S/C19H21NO5S/c1-14-3-5-15(6-4-14)19(21)9-2-10-20(12-19)26(22,23)16-7-8-17-18(11-16)25-13-24-17/h3-8,11,21H,2,9-10,12-13H2,1H3/t19-/m0/s1	YPJCBTYNXHDPME-IBGZPJMESA-N	chembl_36	375.4460000000002	2.39602	76.07000000000001	0.3684210526315789	O=S(=O)(c1ccc2c(c1)OCO2)N1CCCC(c2ccccc2)C1	5.0	1.0	True	6.0
CHEMBL2582142	CN(CCN(C)C(=O)C1CC2CCC1O2)C(=O)c1cc(C2CCCC2)no1	InChI=1S/C20H29N3O4/c1-22(19(24)15-11-14-7-8-17(15)26-14)9-10-23(2)20(25)18-12-16(21-27-18)13-5-3-4-6-13/h12-15,17H,3-11H2,1-2H3	CPNQUZRSOJLBRE-UHFFFAOYSA-N	chembl_36	375.46900000000016	2.4300999999999995	75.88	0.75	O=C(NCCNC(=O)C1CC2CCC1O2)c1cc(C2CCCC2)no1	5.0	0.0	True	5.0
CHEMBL379367	Cc1n[nH]c2c[n+]([O-])c(-c3cncc(OC[C@@H](N)Cc4ccccc4)c3)cc12	InChI=1S/C21H21N5O2/c1-14-19-9-21(26(27)12-20(19)25-24-14)16-8-18(11-23-10-16)28-13-17(22)7-15-5-3-2-4-6-15/h2-6,8-12,17H,7,13,22H2,1H3,(H,24,25)/t17-/m0/s1	RFHGUSOCWHDKIH-KRWDZBQOSA-N	chembl_36	375.4320000000001	2.5155200000000004	103.76	0.19047619047619047	c1ccc(CCCOc2cncc(-c3cc4cn[nH]c4c[nH+]3)c2)cc1	5.0	2.0	True	6.0
CHEMBL1949158	Cc1ncc(OC[C@@]2(c3ccccc3)C[C@H]2C(=O)Nc2cccnc2)c(C)n1	InChI=1S/C22H22N4O2/c1-15-20(13-24-16(2)25-15)28-14-22(17-7-4-3-5-8-17)11-19(22)21(27)26-18-9-6-10-23-12-18/h3-10,12-13,19H,11,14H2,1-2H3,(H,26,27)/t19-,22+/m0/s1	TVYVZWIKIVBHHO-SIKLNZKXSA-N	chembl_36	374.44400000000013	3.463840000000002	77.0	0.2727272727272727	O=C(Nc1cccnc1)[C@@H]1C[C@@]1(COc1cncnc1)c1ccccc1	5.0	1.0	True	6.0
CHEMBL320499	COc1ccc(-c2c(NCCc3cccc(C(F)(F)F)c3)c(=O)c2=O)cc1	InChI=1S/C20H16F3NO3/c1-27-15-7-5-13(6-8-15)16-17(19(26)18(16)25)24-10-9-12-3-2-4-14(11-12)20(21,22)23/h2-8,11,24H,9-10H2,1H3	AUJJYOUYGOBUSV-UHFFFAOYSA-N	chembl_36	375.34600000000006	3.6316000000000024	55.4	0.2	O=c1c(NCCc2ccccc2)c(-c2ccccc2)c1=O	4.0	1.0	True	6.0
CHEMBL2890944	O=C(C=Cc1ccccc1)N1CCN(S(=O)(=O)c2ccc(F)cc2)CC1	InChI=1S/C19H19FN2O3S/c20-17-7-9-18(10-8-17)26(24,25)22-14-12-21(13-15-22)19(23)11-6-16-4-2-1-3-5-16/h1-11H,12-15H2	NNXVAJWZJWSQHU-UHFFFAOYSA-N	chembl_36	374.4370000000001	2.3720000000000008	57.690000000000005	0.21052631578947367	O=C(C=Cc1ccccc1)N1CCN(S(=O)(=O)c2ccccc2)CC1	3.0	0.0	True	6.0
CHEMBL1413733	Clc1ccc(-c2cn3nc(-c4ccccc4)c(-c4ccccc4)nc3n2)cc1	InChI=1S/C23H15ClN4/c24-19-13-11-16(12-14-19)20-15-28-23(25-20)26-21(17-7-3-1-4-8-17)22(27-28)18-9-5-2-6-10-18/h1-15H	WJBVDYNCRPGZGE-UHFFFAOYSA-N	chembl_36	382.85400000000004	5.778700000000004	43.08	0.0	c1ccc(-c2cn3nc(-c4ccccc4)c(-c4ccccc4)nc3n2)cc1	4.0	0.0	True	6.0
CHEMBL2624708	O=C(c1cnc(Cc2c(Cl)cccc2Cl)nc1O)N1CCCOCC1	InChI=1S/C17H17Cl2N3O3/c18-13-3-1-4-14(19)11(13)9-15-20-10-12(16(23)21-15)17(24)22-5-2-7-25-8-6-22/h1,3-4,10H,2,5-9H2,(H,20,21,23)	CNPAOVOSOWDCMH-UHFFFAOYSA-N	chembl_36	382.2470000000003	2.9423000000000012	75.55	0.35294117647058826	O=C(c1cnc(Cc2ccccc2)nc1)N1CCCOCC1	5.0	1.0	True	7.0
CHEMBL2542295	CN1CCN(CCCOc2ccc(/C=C/c3cc(=O)c(O)cn3C)cc2)CC1	InChI=1S/C22H29N3O3/c1-23-11-13-25(14-12-23)10-3-15-28-20-8-5-18(6-9-20)4-7-19-16-21(26)22(27)17-24(19)2/h4-9,16-17,27H,3,10-15H2,1-2H3/b7-4+	POALEMNPSNVXLZ-QPJJXVBHSA-N	chembl_36	383.4920000000002	2.2775999999999996	57.940000000000005	0.4090909090909091	O=c1cc[nH]c(/C=C/c2ccc(OCCCN3CCNCC3)cc2)c1	6.0	1.0	True	6.0
CHEMBL3038492	O=C(O)CNC(=O)c1ncc(C#CCOc2cccc(OC3CC3)c2)cc1O	InChI=1S/C20H18N2O6/c23-17-9-13(11-21-19(17)20(26)22-12-18(24)25)3-2-8-27-15-4-1-5-16(10-15)28-14-6-7-14/h1,4-5,9-11,14,23H,6-8,12H2,(H,22,26)(H,24,25)	ZMWGREIGIVODSN-UHFFFAOYSA-N	chembl_36	382.3720000000001	1.5732999999999993	117.98000000000002	0.25	C(#Cc1cccnc1)COc1cccc(OC2CC2)c1	6.0	3.0	True	6.0
CHEMBL2826418	Cc1cc(-n2cncn2)ccc1C(=O)NC1CCN(C2CCN(C)CC2)CC1	InChI=1S/C21H30N6O/c1-16-13-19(27-15-22-14-23-27)3-4-20(16)21(28)24-17-5-11-26(12-6-17)18-7-9-25(2)10-8-18/h3-4,13-15,17-18H,5-12H2,1-2H3,(H,24,28)	HWLYJDNVTODTOY-UHFFFAOYSA-N	chembl_36	382.5120000000003	1.8641199999999996	66.29	0.5714285714285714	O=C(NC1CCN(C2CCNCC2)CC1)c1ccc(-n2cncn2)cc1	6.0	1.0	True	6.0
CHEMBL1673984	COP(=O)(OC)C(=NNS(=O)(=O)c1ccc(C)cc1)c1ccccc1	InChI=1S/C16H19N2O5PS/c1-13-9-11-15(12-10-13)25(20,21)18-17-16(24(19,22-2)23-3)14-7-5-4-6-8-14/h4-12,18H,1-3H3	AERFIKUZZQYUPT-UHFFFAOYSA-N	chembl_36	382.3780000000001	3.1210200000000015	94.06	0.1875	O=S(=O)(NN=Cc1ccccc1)c1ccccc1	6.0	1.0	True	6.0
CHEMBL385644	Cn1c(=O)[nH]c(N2CCC(O)CC2)c(Cc2cccc(C(F)(F)F)c2)c1=O	InChI=1S/C18H20F3N3O3/c1-23-16(26)14(10-11-3-2-4-12(9-11)18(19,20)21)15(22-17(23)27)24-7-5-13(25)6-8-24/h2-4,9,13,25H,5-8,10H2,1H3,(H,22,27)	MVYASLDUNKBHIB-UHFFFAOYSA-N	chembl_36	383.37000000000006	1.6442999999999992	78.33000000000001	0.4444444444444444	O=c1[nH]c(N2CCCCC2)c(Cc2ccccc2)c(=O)[nH]1	5.0	2.0	True	6.0
CHEMBL922043	CN(NS(=O)(=O)c1ccccc1)c1nc2ccccc2nc1C(F)(F)F	InChI=1S/C16H13F3N4O2S/c1-23(22-26(24,25)11-7-3-2-4-8-11)15-14(16(17,18)19)20-12-9-5-6-10-13(12)21-15/h2-10,22H,1H3	ODGXKGUZVOOMTL-UHFFFAOYSA-N	chembl_36	382.3670000000001	2.978300000000001	75.19	0.125	O=S(=O)(NNc1cnc2ccccc2n1)c1ccccc1	5.0	1.0	True	6.0
CHEMBL970781	Cn1c(=O)c2c(SCC(=O)c3ccccc3)nc(C3CC3)nc2n(C)c1=O	InChI=1S/C19H18N4O3S/c1-22-16-14(18(25)23(2)19(22)26)17(21-15(20-16)12-8-9-12)27-10-13(24)11-6-4-3-5-7-11/h3-7,12H,8-10H2,1-2H3	DHEQHASXSVCXNF-UHFFFAOYSA-N	chembl_36	382.4450000000002	1.8795999999999997	86.85	0.3157894736842105	O=C(CSc1nc(C2CC2)nc2[nH]c(=O)[nH]c(=O)c12)c1ccccc1	8.0	0.0	True	6.0
CHEMBL2536620	Cn1cc(C(=O)C(=O)N2CC(F)(F)C2)cc1C(=O)Nc1ccc(F)c(F)c1	InChI=1S/C17H13F4N3O3/c1-23-6-9(14(25)16(27)24-7-17(20,21)8-24)4-13(23)15(26)22-10-2-3-11(18)12(19)5-10/h2-6H,7-8H2,1H3,(H,22,26)	UTBYAVKUWQOMTL-UHFFFAOYSA-N	chembl_36	383.301	2.2158000000000007	71.41	0.23529411764705882	O=C(C(=O)N1CCC1)c1c[nH]c(C(=O)Nc2ccccc2)c1	4.0	1.0	True	6.0
CHEMBL794975	Cc1ccc(-n2ncc3c(SCC(=O)NNC(=O)c4ccco4)ncnc32)cc1	InChI=1S/C19H16N6O3S/c1-12-4-6-13(7-5-12)25-17-14(9-22-25)19(21-11-20-17)29-10-16(26)23-24-18(27)15-3-2-8-28-15/h2-9,11H,10H2,1H3,(H,23,26)(H,24,27)	TZBHHSXBNOPBFP-UHFFFAOYSA-N	chembl_36	408.44300000000015	2.27022	114.94000000000001	0.10526315789473684	O=C(CSc1ncnc2c1cnn2-c1ccccc1)NNC(=O)c1ccco1	8.0	2.0	True	6.0
CHEMBL2737467	C[C@H](Sc1nncn1C)c1cccc(NC(=O)c2cncc(C(F)(F)F)n2)c1	InChI=1S/C17H15F3N6OS/c1-10(28-16-25-22-9-26(16)2)11-4-3-5-12(6-11)23-15(27)13-7-21-8-14(24-13)17(18,19)20/h3-10H,1-2H3,(H,23,27)/t10-/m0/s1	VGHJSJMMOWNIOA-JTQLQIEISA-N	chembl_36	408.40900000000005	3.7295000000000025	85.59	0.23529411764705882	O=C(Nc1cccc(CSc2nnc[nH]2)c1)c1cnccn1	7.0	1.0	True	6.0
CHEMBL3033643	Cc1nn(C)c2cccc(OCC(=O)NCC(O)CN3CCc4ccccc4C3)c12	InChI=1S/C23H28N4O3/c1-16-23-20(26(2)25-16)8-5-9-21(23)30-15-22(29)24-12-19(28)14-27-11-10-17-6-3-4-7-18(17)13-27/h3-9,19,28H,10-15H2,1-2H3,(H,24,29)	XVBCCWIJVHIERG-UHFFFAOYSA-N	chembl_36	408.50200000000024	1.7959199999999997	79.62	0.391304347826087	O=C(COc1cccc2[nH]ncc12)NCCCN1CCc2ccccc2C1	6.0	2.0	True	6.0
CHEMBL1478663	N=C1NN=C(N)/C1=C\Nc1ccc(S(=O)(=O)Nc2cnc3ccccc3n2)cc1	InChI=1S/C18H16N8O2S/c19-17-13(18(20)25-24-17)9-21-11-5-7-12(8-6-11)29(27,28)26-16-10-22-14-3-1-2-4-15(14)23-16/h1-10,21H,(H2,19,24)(H2,20,25)(H,23,26)	ONGXNIGFTCQPBG-UHFFFAOYSA-N	chembl_36	408.4470000000001	1.5790699999999998	158.24	0.0	N=C1NN=C/C1=C\Nc1ccc(S(=O)(=O)Nc2cnc3ccccc3n2)cc1	8.0	5.0	True	6.0
CHEMBL3058610	CCNC(=O)N1CCC[C@H](NS(C)(=O)=O)[C@@H]1CO[C@H]1C[C@H](c2ccccc2)C1	InChI=1S/C20H31N3O4S/c1-3-21-20(24)23-11-7-10-18(22-28(2,25)26)19(23)14-27-17-12-16(13-17)15-8-5-4-6-9-15/h4-6,8-9,16-19,22H,3,7,10-14H2,1-2H3,(H,21,24)/t16-,17-,18-,19-/m0/s1	DODIMYOCWULPBE-VJANTYMQSA-N	chembl_36	409.5520000000002	2.060900000000001	87.74000000000001	0.65	c1ccc([C@H]2C[C@H](OC[C@H]3CCCCN3)C2)cc1	4.0	2.0	True	6.0
CHEMBL3112277	COc1cc(CNCCN2CCOCC2)ccc1-c1cc(Nc2cnccn2)n[nH]1	InChI=1S/C21H27N7O2/c1-29-19-12-16(14-23-6-7-28-8-10-30-11-9-28)2-3-17(19)18-13-20(27-26-18)25-21-15-22-4-5-24-21/h2-5,12-13,15,23H,6-11,14H2,1H3,(H2,24,25,26,27)	BMPYMTRVEIORPM-UHFFFAOYSA-N	chembl_36	409.494	2.0406999999999997	100.22	0.38095238095238093	c1cnc(Nc2cc(-c3ccc(CNCCN4CCOCC4)cc3)[nH]n2)cn1	8.0	3.0	True	6.0
CHEMBL3186027	CNC(=O)c1nnc(N2CCC2=O)cc1Nc1cccc(-c2ncn(C)n2)c1OC	InChI=1S/C19H20N8O3/c1-20-19(29)16-13(9-14(23-24-16)27-8-7-15(27)28)22-12-6-4-5-11(17(12)30-3)18-21-10-26(2)25-18/h4-6,9-10H,7-8H2,1-3H3,(H,20,29)(H,22,23)	YTRNKGWFGLVMEN-UHFFFAOYSA-N	chembl_36	408.42200000000014	1.1205999999999996	127.16	0.2631578947368421	O=C1CCN1c1cc(Nc2cccc(-c3nc[nH]n3)c2)cnn1	9.0	2.0	True	6.0
CHEMBL1229570	Cc1ccc(-n2c(SCC(=O)NCC3CCCO3)nc3ccccc3c2=O)cc1	InChI=1S/C22H23N3O3S/c1-15-8-10-16(11-9-15)25-21(27)18-6-2-3-7-19(18)24-22(25)29-14-20(26)23-13-17-5-4-12-28-17/h2-3,6-11,17H,4-5,12-14H2,1H3,(H,23,26)	NGXOKTURIPPGKR-UHFFFAOYSA-N	chembl_36	409.5110000000001	3.0814200000000014	73.22	0.3181818181818182	O=C(CSc1nc2ccccc2c(=O)n1-c1ccccc1)NCC1CCCO1	6.0	1.0	True	6.0
CHEMBL2643842	Cn1c(C(F)(F)F)nn(C2CCN(C(=O)Cn3cnc4ccccc43)CC2)c1=O	InChI=1S/C18H19F3N6O2/c1-24-16(18(19,20)21)23-27(17(24)29)12-6-8-25(9-7-12)15(28)10-26-11-22-13-4-2-3-5-14(13)26/h2-5,11-12H,6-10H2,1H3	ZZGJOPPXRNZMOC-UHFFFAOYSA-N	chembl_36	408.3840000000002	1.814	77.95	0.4444444444444444	O=C(Cn1cnc2ccccc21)N1CCC(n2nc[nH]c2=O)CC1	7.0	0.0	True	6.0
CHEMBL1794033	O=C(Nc1cccc(-c2cccc(N3CCCC3)n2)c1)Nc1cccc2ccccc12	InChI=1S/C26H24N4O/c31-26(29-24-14-6-9-19-8-1-2-12-22(19)24)27-21-11-5-10-20(18-21)23-13-7-15-25(28-23)30-16-3-4-17-30/h1-2,5-15,18H,3-4,16-17H2,(H2,27,29,31)	NHAAXFJNCOPWPB-UHFFFAOYSA-N	chembl_36	408.50500000000005	6.146000000000004	57.260000000000005	0.15384615384615385	O=C(Nc1cccc(-c2cccc(N3CCCC3)n2)c1)Nc1cccc2ccccc12	3.0	2.0	True	6.0
CHEMBL412804	C[N+](C)(Cc1ccc(NC(=O)C2=Cc3ccc(Cl)cc3OC2)cc1)C1CCOCC1	InChI=1S/C24H27ClN2O3/c1-27(2,22-9-11-29-12-10-22)15-17-3-7-21(8-4-17)26-24(28)19-13-18-5-6-20(25)14-23(18)30-16-19/h3-8,13-14,22H,9-12,15-16H2,1-2H3/p+1	GVYXGABQUWIFOF-UHFFFAOYSA-O	chembl_36	427.9520000000003	4.509900000000004	47.56	0.375	O=C(Nc1ccc(C[NH2+]C2CCOCC2)cc1)C1=Cc2ccccc2OC1	3.0	1.0	True	6.0
CHEMBL2658081	Cc1ccc(Cc2c(C)nc(C)nc2N2CCN(C[C@H](O)COC(C)(C)C)CC2)cc1	InChI=1S/C25H38N4O2/c1-18-7-9-21(10-8-18)15-23-19(2)26-20(3)27-24(23)29-13-11-28(12-14-29)16-22(30)17-31-25(4,5)6/h7-10,22,30H,11-17H2,1-6H3/t22-/m0/s1	URVURBFCYVKGJY-QFIPXVFZSA-N	chembl_36	426.60500000000025	3.2906600000000017	61.72000000000001	0.6	c1ccc(Cc2cncnc2N2CCNCC2)cc1	6.0	1.0	True	6.0
CHEMBL147244	CO/C(O)=C1/C(C)=NC(C)=C([N+](=O)[O-])C1c1ccccc1OCc1no[n+]([O-])c1C#N	InChI=1S/C19H17N5O7/c1-10-16(19(25)29-3)17(18(23(26)27)11(2)21-10)12-6-4-5-7-15(12)30-9-13-14(8-20)24(28)31-22-13/h4-7,17,25H,9H2,1-3H3/b19-16-	OJHDNCRKDURYCE-MNDPQUGUSA-N	chembl_36	427.3730000000002	2.2409800000000004	170.95	0.2631578947368421	C=C1C=NC=CC1c1ccccc1OCc1c[nH+]on1	10.0	1.0	True	6.0
CHEMBL375997	O=C(NCCCN1CCOCC1)c1ccc2c(=O)n(-c3cccc(F)c3)c(=O)[nH]c2c1	InChI=1S/C22H23FN4O4/c23-16-3-1-4-17(14-16)27-21(29)18-6-5-15(13-19(18)25-22(27)30)20(28)24-7-2-8-26-9-11-31-12-10-26/h1,3-6,13-14H,2,7-12H2,(H,24,28)(H,25,30)	MVLOOEUZVILLND-UHFFFAOYSA-N	chembl_36	426.4480000000001	1.2701999999999996	96.43	0.3181818181818182	O=C(NCCCN1CCOCC1)c1ccc2c(=O)n(-c3ccccc3)c(=O)[nH]c2c1	6.0	2.0	True	6.0
CHEMBL1404552	CSc1ccc(-c2ccc(C(=O)NCC3CCCO3)c(N3CCC(O)CC3)n2)cc1	InChI=1S/C23H29N3O3S/c1-30-19-6-4-16(5-7-19)21-9-8-20(23(28)24-15-18-3-2-14-29-18)22(25-21)26-12-10-17(27)11-13-26/h4-9,17-18,27H,2-3,10-15H2,1H3,(H,24,28)	RGBBSNVOUGFAFN-UHFFFAOYSA-N	chembl_36	427.5700000000002	3.3404000000000016	74.69	0.4782608695652174	O=C(NCC1CCCO1)c1ccc(-c2ccccc2)nc1N1CCCCC1	6.0	2.0	True	6.0
CHEMBL160217	Cn1cc(NC(=O)c2cc(NC(=O)[C@H]3CCC(N)=N3)c[nH]2)cc1C(=O)NCCC(=N)N	InChI=1S/C19H25N9O3/c1-28-9-11(7-14(28)19(31)23-5-4-15(20)21)26-18(30)13-6-10(8-24-13)25-17(29)12-2-3-16(22)27-12/h6-9,12,24H,2-5H2,1H3,(H3,20,21)(H2,22,27)(H,23,31)(H,25,29)(H,26,30)/t12-/m1/s1	ZKNZAWGJQIYHNE-GFCCVEGCSA-N	chembl_36	427.4690000000001	0.11947000000000124	196.27	0.3157894736842105	O=C(Nc1cc[nH]c1)c1cc(NC(=O)[C@H]2CCC=N2)c[nH]1	7.0	7.0	True	5.0
CHEMBL511656	O=C(O)c1ccc(-c2ccc3c(c2)C[C@@H](NC[C@H](O)c2cccc(Cl)c2)CC3)s1	InChI=1S/C23H22ClNO3S/c24-18-3-1-2-15(11-18)20(26)13-25-19-7-6-14-4-5-16(10-17(14)12-19)21-8-9-22(29-21)23(27)28/h1-5,8-11,19-20,25-26H,6-7,12-13H2,(H,27,28)/t19-,20-/m0/s1	ASLXIOZFLLFQLE-PMACEKPBSA-N	chembl_36	427.9530000000001	4.947200000000003	69.56	0.2608695652173913	c1ccc(CCN[C@H]2CCc3ccc(-c4cccs4)cc3C2)cc1	4.0	3.0	True	6.0
CHEMBL2734410	O=C(c1ccco1)N1CCN(C2CC(=O)N(c3ccc(N4CC[C@@H](F)C4)cc3)C2)CC1	InChI=1S/C23H27FN4O3/c24-17-7-8-27(15-17)18-3-5-19(6-4-18)28-16-20(14-22(28)29)25-9-11-26(12-10-25)23(30)21-2-1-13-31-21/h1-6,13,17,20H,7-12,14-16H2/t17-,20?/m1/s1	DMHUMQFYSYGSJQ-DIAVIDTQSA-N	chembl_36	426.49200000000025	2.3911000000000007	60.24000000000001	0.4782608695652174	O=C(c1ccco1)N1CCN(C2CC(=O)N(c3ccc(N4CCCC4)cc3)C2)CC1	5.0	0.0	True	6.0
CHEMBL1298338	Cc1ccc(NC(=S)NNC(=O)c2cc(-c3ccccc3)nc3ccccc23)cc1C	InChI=1S/C25H22N4OS/c1-16-12-13-19(14-17(16)2)26-25(31)29-28-24(30)21-15-23(18-8-4-3-5-9-18)27-22-11-7-6-10-20(21)22/h3-15H,1-2H3,(H,28,30)(H2,26,29,31)	CIOOHZQGACKSCX-UHFFFAOYSA-N	chembl_36	426.5450000000002	5.150040000000003	66.05	0.08	O=C(NNC(=S)Nc1ccccc1)c1cc(-c2ccccc2)nc2ccccc12	3.0	3.0	True	6.0
CHEMBL2651691	COc1ccc(CNc2ncc(-c3ccc(C)c(C)c3)n2C)cc1OCc1ccccc1	InChI=1S/C27H29N3O2/c1-19-10-12-23(14-20(19)2)24-17-29-27(30(24)3)28-16-22-11-13-25(31-4)26(15-22)32-18-21-8-6-5-7-9-21/h5-15,17H,16,18H2,1-4H3,(H,28,29)	NBYSXFFVDARNMW-UHFFFAOYSA-N	chembl_36	427.5480000000002	5.903640000000005	48.31	0.2222222222222222	c1ccc(COc2cccc(CNc3ncc(-c4ccccc4)[nH]3)c2)cc1	5.0	1.0	True	6.0
CHEMBL2412240	CCN1CCN(Cc2nc(C3CCOC3)no2)CC1	InChI=1S/C13H22N4O2/c1-2-16-4-6-17(7-5-16)9-12-14-13(15-19-12)11-3-8-18-10-11/h11H,2-10H2,1H3	HLAQLAURUBLSIV-UHFFFAOYSA-N	chembl_36	266.34499999999997	0.7109999999999999	54.63	0.8461538461538461	C1CN(Cc2nc(C3CCOC3)no2)CCN1	6.0	0.0	True	6.0
CHEMBL2415538	O=C(Cc1cccs1)NCC1CCCCC(=O)N1	InChI=1S/C13H18N2O2S/c16-12-6-2-1-4-10(15-12)9-14-13(17)8-11-5-3-7-18-11/h3,5,7,10H,1-2,4,6,8-9H2,(H,14,17)(H,15,16)	DKNYUBYLEAPIBO-UHFFFAOYSA-N	chembl_36	266.3659999999999	1.4656	58.2	0.5384615384615384	O=C(Cc1cccs1)NCC1CCCCC(=O)N1	3.0	2.0	True	7.0
CHEMBL26205	CN(C)Cc1ccc2c(c1)C(=O)c1nccnc1C2=O	InChI=1S/C15H13N3O2/c1-18(2)8-9-3-4-10-11(7-9)15(20)13-12(14(10)19)16-5-6-17-13/h3-7H,8H2,1-2H3	ASBODDZGXNVCGJ-UHFFFAOYSA-N	chembl_36	267.288	1.3136	63.160000000000004	0.2	O=C1c2ccccc2C(=O)c2nccnc21	5.0	0.0	True	6.0
CHEMBL1220956	N#CC(NC(=O)OCc1ccccc1)c1ccccc1	InChI=1S/C16H14N2O2/c17-11-15(14-9-5-2-6-10-14)18-16(19)20-12-13-7-3-1-4-8-13/h1-10,15H,12H2,(H,18,19)	NRGHTWNHDZVHAT-UHFFFAOYSA-N	chembl_36	266.3	3.1776800000000014	62.120000000000005	0.125	O=C(NCc1ccccc1)OCc1ccccc1	3.0	1.0	True	6.0
CHEMBL1303427	CC(=O)c1cccc(NCn2nnc3ccccc32)c1	InChI=1S/C15H14N4O/c1-11(20)12-5-4-6-13(9-12)16-10-19-15-8-3-2-7-14(15)17-18-19/h2-9,16H,10H2,1H3	NCTNTDGWEHZVJS-UHFFFAOYSA-N	chembl_36	266.304	2.703500000000001	59.81	0.13333333333333333	c1ccc(NCn2nnc3ccccc32)cc1	5.0	1.0	True	6.0
CHEMBL2423424	CC(CNC(=O)NCc1cc[nH]n1)N1CCOCC1	InChI=1S/C12H21N5O2/c1-10(17-4-6-19-7-5-17)8-13-12(18)14-9-11-2-3-15-16-11/h2-3,10H,4-9H2,1H3,(H,15,16)(H2,13,14,18)	QJDUGVDNRDPYMP-UHFFFAOYSA-N	chembl_36	267.333	-0.07039999999999935	82.28	0.6666666666666666	O=C(NCCN1CCOCC1)NCc1cc[nH]n1	4.0	3.0	True	6.0
CHEMBL1900454	Cc1cccnc1CC(C)NC1Cc2ccccc2C1	InChI=1S/C18H22N2/c1-13-6-5-9-19-18(13)10-14(2)20-17-11-15-7-3-4-8-16(15)12-17/h3-9,14,17,20H,10-12H2,1-2H3	JDFBIDKQCCAXQB-UHFFFAOYSA-N	chembl_36	266.38800000000003	3.0780200000000013	24.92	0.3888888888888889	c1ccc(CCNC2Cc3ccccc3C2)nc1	2.0	1.0	True	6.0
CHEMBL1791856	CC(C)(C)C1CCCC/C1=N/N=C1\NC(=O)CS1	InChI=1S/C13H21N3OS/c1-13(2,3)9-6-4-5-7-10(9)15-16-12-14-11(17)8-18-12/h9H,4-8H2,1-3H3,(H,14,16,17)/b15-10-	BSCRDUUIEJDXAF-GDNBJRDFSA-N	chembl_36	267.39799999999997	2.7977000000000007	53.82	0.7692307692307693	O=C1CS/C(=N/N=C2CCCCC2)N1	4.0	1.0	True	6.0
CHEMBL22940	C(=C/c1cccc2ccccc12)\c1ccncc1.Cl	InChI=1S/C17H13N.ClH/c1-2-7-17-15(4-1)5-3-6-16(17)9-8-14-10-12-18-13-11-14;/h1-13H;1H/b9-8+;	KSAXUCRWXYNAKT-HRNDJLQDSA-N	chembl_36	267.75899999999996	4.8270000000000035	12.89	0.0	C(=C/c1cccc2ccccc12)\c1ccncc1	1.0	0.0	True	6.0
CHEMBL161704	N[C@@H](CCNC1CCCCC1)C(=O)N1CCCCC1	InChI=1S/C15H29N3O/c16-14(15(19)18-11-5-2-6-12-18)9-10-17-13-7-3-1-4-8-13/h13-14,17H,1-12,16H2/t14-/m0/s1	SJMLTPPPLDQUDO-AWEZNQCLSA-N	chembl_36	267.4169999999999	1.638599999999999	58.36	0.9333333333333333	O=C(CCCNC1CCCCC1)N1CCCCC1	3.0	2.0	True	6.0
CHEMBL958151	Cc1noc(C)c1CN1C(=O)NC2(CCCCCCC2)C1=O	InChI=1S/C16H23N3O3/c1-11-13(12(2)22-18-11)10-19-14(20)16(17-15(19)21)8-6-4-3-5-7-9-16/h3-10H2,1-2H3,(H,17,21)	SZFZMASAKIVHAG-UHFFFAOYSA-N	chembl_36	305.37800000000004	2.826340000000001	75.44	0.6875	O=C1NC2(CCCCCCC2)C(=O)N1Cc1cnoc1	4.0	1.0	True	8.0
CHEMBL2611208	CN(C)c1cc(N(C)C[C@H]2CC(=O)N(C(C)(C)C)C2)ncn1	InChI=1S/C16H27N5O/c1-16(2,3)21-10-12(7-15(21)22)9-20(6)14-8-13(19(4)5)17-11-18-14/h8,11-12H,7,9-10H2,1-6H3/t12-/m1/s1	ACKFYCRXOWNRNV-GFCCVEGCSA-N	chembl_36	305.426	1.6257999999999995	52.57	0.6875	O=C1C[C@H](CNc2ccncn2)CN1	5.0	0.0	True	6.0
CHEMBL2467824	COc1cccc(OCc2cc(OC[C@@H]3CCCN3)no2)c1	InChI=1S/C16H20N2O4/c1-19-13-5-2-6-14(8-13)20-11-15-9-16(18-22-15)21-10-12-4-3-7-17-12/h2,5-6,8-9,12,17H,3-4,7,10-11H2,1H3/t12-/m0/s1	NGIFSMGODYEFIS-LBPRGKRZSA-N	chembl_36	304.34599999999995	2.393	65.75	0.4375	c1ccc(OCc2cc(OC[C@@H]3CCCN3)no2)cc1	6.0	1.0	True	6.0
CHEMBL1561660	Cc1cc(C)n(-c2c(-c3ccccc3)[nH]c3ccc(F)cc23)n1	InChI=1S/C19H16FN3/c1-12-10-13(2)23(22-12)19-16-11-15(20)8-9-17(16)21-18(19)14-6-4-3-5-7-14/h3-11,21H,1-2H3	HFVTYDPLMBTIEJ-UHFFFAOYSA-N	chembl_36	305.3560000000001	4.7765400000000025	33.61	0.10526315789473684	c1ccc(-c2[nH]c3ccccc3c2-n2cccn2)cc1	2.0	1.0	True	6.0
CHEMBL819573	O=C(NCC1CCCO1)c1ccc(-c2ccccc2Cl)o1	InChI=1S/C16H16ClNO3/c17-13-6-2-1-5-12(13)14-7-8-15(21-14)16(19)18-10-11-4-3-9-20-11/h1-2,5-8,11H,3-4,9-10H2,(H,18,19)	GMIDWDDULHMGLA-UHFFFAOYSA-N	chembl_36	305.7610000000001	3.5088000000000026	51.47	0.3125	O=C(NCC1CCCO1)c1ccc(-c2ccccc2)o1	3.0	1.0	True	6.0
CHEMBL887589	O=C(c1ccc(C(=O)N2CCOCC2)nc1)N1CCOCC1	InChI=1S/C15H19N3O4/c19-14(17-3-7-21-8-4-17)12-1-2-13(16-11-12)15(20)18-5-9-22-10-6-18/h1-2,11H,3-10H2	JLCCFFOKOJYZLM-UHFFFAOYSA-N	chembl_36	305.33400000000006	0.026400000000000423	71.97	0.5333333333333333	O=C(c1ccc(C(=O)N2CCOCC2)nc1)N1CCOCC1	5.0	0.0	True	6.0
CHEMBL2061362	Nc1nnc(-c2ccc(Cl)cc2Oc2ccccc2F)[nH]1	InChI=1S/C14H10ClFN4O/c15-8-5-6-9(13-18-14(17)20-19-13)12(7-8)21-11-4-2-1-3-10(11)16/h1-7H,(H3,17,18,19,20)	MINBJLKHMNKUSR-UHFFFAOYSA-N	chembl_36	304.712	3.638700000000001	76.82	0.0	c1ccc(Oc2ccccc2-c2nnc[nH]2)cc1	4.0	2.0	True	6.0
CHEMBL439271	COc1ccc2c(c1)n(C)c1nc(SC)nc(=O)c-1[n+]2[O-]	InChI=1S/C13H12N4O3S/c1-16-9-6-7(20-2)4-5-8(9)17(19)10-11(16)14-13(21-3)15-12(10)18/h4-6H,1-3H3	NASAMIJVZNSVEY-UHFFFAOYSA-N	chembl_36	304.3310000000001	0.7971999999999998	83.95	0.23076923076923078	O=c1ncnc2[nH]c3ccccc3[nH+]c1-2	7.0	0.0	True	6.0
CHEMBL796605	CCOC(=O)N1CCC2(CC1)CC(=O)c1cc(O)ccc1O2	InChI=1S/C16H19NO5/c1-2-21-15(20)17-7-5-16(6-8-17)10-13(19)12-9-11(18)3-4-14(12)22-16/h3-4,9,18H,2,5-8,10H2,1H3	CWHGNCOAFYTVKF-UHFFFAOYSA-N	chembl_36	305.33	2.3485000000000005	76.07000000000001	0.5	O=C1CC2(CCNCC2)Oc2ccccc21	5.0	1.0	True	6.0
CHEMBL2607404	FC(F)(F)C(CC1CCCO1)Nc1nc(C2CCC2)no1	InChI=1S/C13H18F3N3O2/c14-13(15,16)10(7-9-5-2-6-20-9)17-12-18-11(19-21-12)8-3-1-4-8/h8-10H,1-7H2,(H,17,18,19)	SQOBPGNJKGDFTR-UHFFFAOYSA-N	chembl_36	305.30000000000007	3.2490000000000014	60.18	0.8461538461538461	C1COC(CCNc2nc(C3CCC3)no2)C1	5.0	1.0	True	5.0
CHEMBL1377710	C#C[C@]1(O)CC[C@H]2[C@@H]3CCC4=C(CCCC4)[C@H]3CC[C@@]21C	InChI=1S/C20H28O/c1-3-20(21)13-11-18-17-9-8-14-6-4-5-7-15(14)16(17)10-12-19(18,20)2/h1,16-18,21H,4-13H2,2H3/t16-,17-,18+,19+,20+/m1/s1	DHOKBGHAEUVRMO-SLHNCBLASA-N	chembl_36	284.443	4.457600000000004	20.23	0.8	C1CCC2=C(C1)CC[C@@H]1[C@@H]2CCC2CCC[C@H]21	1.0	1.0	True	6.0
CHEMBL1302525	CN(NC1OC(CO)C(O)C(O)C1O)c1ccccc1	InChI=1S/C13H20N2O5/c1-15(8-5-3-2-4-6-8)14-13-12(19)11(18)10(17)9(7-16)20-13/h2-6,9-14,16-19H,7H2,1H3	HNTONMFUJPKAJO-UHFFFAOYSA-N	chembl_36	284.312	-1.5726999999999984	105.42000000000002	0.5384615384615384	c1ccc(NNC2CCCCO2)cc1	7.0	5.0	True	6.0
CHEMBL1857868	CS(=O)(=O)N1C[C@@H]2CCN(C(=O)c3ccco3)[C@@H]2C1	InChI=1S/C12H16N2O4S/c1-19(16,17)13-7-9-4-5-14(10(9)8-13)12(15)11-3-2-6-18-11/h2-3,6,9-10H,4-5,7-8H2,1H3/t9-,10+/m0/s1	WCRJTTPRKGWWIH-VHSXEESVSA-N	chembl_36	284.33700000000005	0.38549999999999973	70.83000000000001	0.5833333333333334	O=C(c1ccco1)N1CC[C@H]2CNC[C@H]21	4.0	0.0	True	5.0
CHEMBL335291	O=C(O)CN1C(=O)/C(=C/c2cccs2)SC1=S	InChI=1S/C10H7NO3S3/c12-8(13)5-11-9(14)7(17-10(11)15)4-6-2-1-3-16-6/h1-4H,5H2,(H,12,13)/b7-4-	CEIMGRLZNNVXBO-DAXSKMNVSA-N	chembl_36	285.371	2.0339	57.61	0.1	O=C1NC(=S)S/C1=C\c1cccs1	5.0	1.0	True	5.0
CHEMBL1957264	Nc1ncc(-c2ccccc2)nc1C(=O)N1CCOCC1	InChI=1S/C15H16N4O2/c16-14-13(15(20)19-6-8-21-9-7-19)18-12(10-17-14)11-4-2-1-3-5-11/h1-5,10H,6-9H2,(H2,16,17)	QGZCHOIGTPWNRD-UHFFFAOYSA-N	chembl_36	284.3190000000001	1.1982	81.34	0.26666666666666666	O=C(c1cncc(-c2ccccc2)n1)N1CCOCC1	5.0	1.0	True	6.0
CHEMBL2679223	Cc1cc(C(=O)NC[C@H]2CCCN2c2ccccc2)no1	InChI=1S/C16H19N3O2/c1-12-10-15(18-21-12)16(20)17-11-14-8-5-9-19(14)13-6-3-2-4-7-13/h2-4,6-7,10,14H,5,8-9,11H2,1H3,(H,17,20)/t14-/m1/s1	PLQSXPSYNCJZMT-CQSZACIVSA-N	chembl_36	285.347	2.3818200000000003	58.370000000000005	0.375	O=C(NC[C@H]1CCCN1c1ccccc1)c1ccon1	4.0	1.0	True	6.0
CHEMBL1114674	O=C(c1cccs1)c1sccc1Cc1ccccc1	InChI=1S/C16H12OS2/c17-15(14-7-4-9-18-14)16-13(8-10-19-16)11-12-5-2-1-3-6-12/h1-10H,11H2	GQOLUAWSYQERER-UHFFFAOYSA-N	chembl_36	284.405	4.631400000000003	17.07	0.0625	O=C(c1cccs1)c1sccc1Cc1ccccc1	3.0	0.0	True	6.0
CHEMBL1933949	O=C(CC1CC1)N1CCn2cc(Cn3cccn3)nc2C1	InChI=1S/C15H19N5O/c21-15(8-12-2-3-12)19-7-6-18-9-13(17-14(18)11-19)10-20-5-1-4-16-20/h1,4-5,9,12H,2-3,6-8,10-11H2	PUFIFVYEENTNPP-UHFFFAOYSA-N	chembl_36	285.3510000000001	1.2702000000000002	55.95	0.5333333333333333	O=C(CC1CC1)N1CCn2cc(Cn3cccn3)nc2C1	5.0	0.0	True	6.0
CHEMBL853365	CCCc1nc(N2CCOCC2)c(C#N)c2c1CCCC2	InChI=1S/C17H23N3O/c1-2-5-16-14-7-4-3-6-13(14)15(12-18)17(19-16)20-8-10-21-11-9-20/h2-11H2,1H3	LXNVPROYQBCPPE-UHFFFAOYSA-N	chembl_36	285.391	2.6211800000000007	49.150000000000006	0.6470588235294118	c1nc(N2CCOCC2)cc2c1CCCC2	4.0	0.0	True	6.0
CHEMBL911297	CCOC(=O)C1C(=O)OC2(CCCC2)C1C(=O)OCC	InChI=1S/C14H20O6/c1-3-18-11(15)9-10(13(17)19-4-2)14(20-12(9)16)7-5-6-8-14/h9-10H,3-8H2,1-2H3	AYZLVVNNSNFGQM-UHFFFAOYSA-N	chembl_36	284.308	1.2146	78.90000000000002	0.7857142857142857	O=C1CCC2(CCCC2)O1	6.0	0.0	True	5.0
CHEMBL1209183	O=C(Cn1c(=O)oc2ccccc21)N1CCOCC1	InChI=1S/C13H14N2O4/c16-12(14-5-7-18-8-6-14)9-15-10-3-1-2-4-11(10)19-13(15)17/h1-4H,5-9H2	WMQSJGVCFVFHJS-UHFFFAOYSA-N	chembl_36	262.265	0.45330000000000004	64.68	0.38461538461538464	O=C(Cn1c(=O)oc2ccccc21)N1CCOCC1	5.0	0.0	True	6.0
CHEMBL1767976	O=C(C[n+]1cccc(/C=N/O)c1)N1CCCCCC1	InChI=1S/C14H19N3O2/c18-14(17-8-3-1-2-4-9-17)12-16-7-5-6-13(11-16)10-15-19/h5-7,10-11H,1-4,8-9,12H2/p+1/b15-10+	PGXVEWUICUVVSU-XNTDXEJSSA-O	chembl_36	262.3329999999999	1.184799999999999	56.78000000000001	0.5	O=C(C[n+]1ccccc1)N1CCCCCC1	3.0	1.0	True	7.0
CHEMBL2728805	CN(C)c1nc(=O)n(C2CC2)c2cc(Cl)ccc12	InChI=1S/C13H14ClN3O/c1-16(2)12-10-6-3-8(14)7-11(10)17(9-4-5-9)13(18)15-12/h3,6-7,9H,4-5H2,1-2H3	WVOKQZQOMKANKF-UHFFFAOYSA-N	chembl_36	263.728	2.4508	38.13	0.38461538461538464	O=c1ncc2ccccc2n1C1CC1	4.0	0.0	True	6.0
CHEMBL1234915	Cc1ccsc1CN(C)Cc1nc(C2CC2)no1	InChI=1S/C13H17N3OS/c1-9-5-6-18-11(9)7-16(2)8-12-14-13(15-17-12)10-3-4-10/h5-6,10H,3-4,7-8H2,1-2H3	SDOJNHIMGGAVLW-UHFFFAOYSA-N	chembl_36	263.366	2.948920000000001	42.160000000000004	0.5384615384615384	c1csc(CNCc2nc(C3CC3)no2)c1	5.0	0.0	True	5.0
CHEMBL1937506	COC[C@H]1CC[C@@H]2[C@@H](CCN2Cc2ccccn2)O1	InChI=1S/C15H22N2O2/c1-18-11-13-5-6-14-15(19-13)7-9-17(14)10-12-4-2-3-8-16-12/h2-4,8,13-15H,5-7,9-11H2,1H3/t13-,14-,15-/m1/s1	MUPIIAPECUXWLV-RBSFLKMASA-N	chembl_36	262.353	1.8498999999999999	34.59	0.6666666666666666	c1ccc(CN2CC[C@H]3OCCC[C@H]32)nc1	4.0	0.0	True	6.0
CHEMBL1939716	CC(C)NC1CC2(CCNCC2)c2cc(F)ccc21	InChI=1S/C16H23FN2/c1-11(2)19-15-10-16(5-7-18-8-6-16)14-9-12(17)3-4-13(14)15/h3-4,9,11,15,18-19H,5-8,10H2,1-2H3	XJRIETLZUCONLB-UHFFFAOYSA-N	chembl_36	262.37199999999996	2.8897000000000013	24.06	0.625	c1ccc2c(c1)CCC21CCNCC1	2.0	2.0	True	6.0
CHEMBL2215322	CCCCCCCn1nc2cccc([N+](=O)[O-])c2n1	InChI=1S/C13H18N4O2/c1-2-3-4-5-6-10-16-14-11-8-7-9-12(17(18)19)13(11)15-16/h7-9H,2-6,10H2,1H3	HZSUMMHWUWBQGM-UHFFFAOYSA-N	chembl_36	262.313	3.3099000000000025	73.85	0.5384615384615384	c1ccc2n[nH]nc2c1	5.0	0.0	True	6.0
CHEMBL855293	COc1ccc(C(=O)NN=C2CCCC2)c(OC)c1	InChI=1S/C14H18N2O3/c1-18-11-7-8-12(13(9-11)19-2)14(17)16-15-10-5-3-4-6-10/h7-9H,3-6H2,1-2H3,(H,16,17)	YCSXLHPJKIRBEJ-UHFFFAOYSA-N	chembl_36	262.3089999999999	2.3636	59.92	0.42857142857142855	O=C(NN=C1CCCC1)c1ccccc1	4.0	1.0	True	6.0
CHEMBL2712026	CC1(C(=O)N[C@H]2C[C@H](c3ccc(F)cc3)C2)COC1	InChI=1S/C15H18FNO2/c1-15(8-19-9-15)14(18)17-13-6-11(7-13)10-2-4-12(16)5-3-10/h2-5,11,13H,6-9H2,1H3,(H,17,18)/t11-,13-	AFTYTZGGYBXJBJ-AULYBMBSSA-N	chembl_36	263.312	2.2244	38.33	0.5333333333333333	O=C(N[C@H]1C[C@H](c2ccccc2)C1)C1COC1	2.0	1.0	True	6.0
CHEMBL2406163	N#CC1(C(=O)NC2CCCCNC2=O)CCCCC1	InChI=1S/C14H21N3O2/c15-10-14(7-3-1-4-8-14)13(19)17-11-6-2-5-9-16-12(11)18/h11H,1-9H2,(H,16,18)(H,17,19)	SBNNJWHCUJESSB-UHFFFAOYSA-N	chembl_36	263.34099999999995	1.2453799999999993	81.99000000000001	0.7857142857142857	O=C(NC1CCCCNC1=O)C1CCCCC1	3.0	2.0	True	7.0
CHEMBL408514	CNS(=O)(=O)[C@]12CC3CC(C1)[C@@H](NC(=O)C(C)(C)Oc1ccc(Cl)cc1)C(C3)C2	InChI=1S/C21H29ClN2O4S/c1-20(2,28-17-6-4-16(22)5-7-17)19(25)24-18-14-8-13-9-15(18)12-21(10-13,11-14)29(26,27)23-3/h4-7,13-15,18,23H,8-12H2,1-3H3,(H,24,25)/t13?,14?,15?,18-,21-	LAWOOLSGJUVOSC-YLGPJNIESA-N	chembl_36	440.99300000000017	3.110100000000002	84.50000000000001	0.6666666666666666	O=C(COc1ccccc1)NC1C2CC3CC(C2)CC1C3	4.0	2.0	True	6.0
CHEMBL474541	COc1ccc(C)cc1NC(=O)OC1CC2CCCC(C1)N2Cc1ccc(CCF)cc1	InChI=1S/C26H33FN2O3/c1-18-6-11-25(31-2)24(14-18)28-26(30)32-23-15-21-4-3-5-22(16-23)29(21)17-20-9-7-19(8-10-20)12-13-27/h6-11,14,21-23H,3-5,12-13,15-17H2,1-2H3,(H,28,30)	IHTNOIBAFDUQSS-UHFFFAOYSA-N	chembl_36	440.5590000000002	5.649820000000005	50.800000000000004	0.5	O=C(Nc1ccccc1)OC1CC2CCCC(C1)N2Cc1ccccc1	4.0	1.0	True	6.0
CHEMBL380347	O=C(O)c1cc(Cc2cc(C(=O)O)c(O)c(-c3ccccc3)c2)cc(-c2ccccc2)c1O	InChI=1S/C27H20O6/c28-24-20(18-7-3-1-4-8-18)12-16(14-22(24)26(30)31)11-17-13-21(19-9-5-2-6-10-19)25(29)23(15-17)27(32)33/h1-10,12-15,28-29H,11H2,(H,30,31)(H,32,33)	NPOVMAFHVDLXQA-UHFFFAOYSA-N	chembl_36	440.4510000000001	5.419000000000004	115.06	0.037037037037037035	c1ccc(-c2cccc(Cc3cccc(-c4ccccc4)c3)c2)cc1	4.0	4.0	True	6.0
CHEMBL414482	O=C(Nc1ccc2c(c1)OC(F)(F)C(F)(F)O2)c1ncsc1NCc1ccncc1	InChI=1S/C18H12F4N4O3S/c19-17(20)18(21,22)29-13-7-11(1-2-12(13)28-17)26-15(27)14-16(30-9-25-14)24-8-10-3-5-23-6-4-10/h1-7,9,24H,8H2,(H,26,27)	PIMSTQWPHQNTGW-UHFFFAOYSA-N	chembl_36	440.37800000000004	4.359300000000002	85.37	0.16666666666666666	O=C(Nc1ccc2c(c1)OCCO2)c1ncsc1NCc1ccncc1	7.0	2.0	True	6.0
CHEMBL3008410	O=C(Nc1ncco1)Nc1cc(S(=O)(=O)Nc2ccccc2)ccc1-c1ccsc1	InChI=1S/C20H16N4O4S2/c25-19(23-20-21-9-10-28-20)22-18-12-16(6-7-17(18)14-8-11-29-13-14)30(26,27)24-15-4-2-1-3-5-15/h1-13,24H,(H2,21,22,23,25)	IKLQBLAGMJLTOO-UHFFFAOYSA-N	chembl_36	440.5060000000001	4.847900000000002	113.32999999999998	0.0	O=C(Nc1ncco1)Nc1cc(S(=O)(=O)Nc2ccccc2)ccc1-c1ccsc1	6.0	3.0	True	6.0
CHEMBL2697527	CCn1c(C)c(C)c2cc(C(=O)Nc3cccc(S(=O)(=O)N4CCOCC4)c3)ccc21	InChI=1S/C23H27N3O4S/c1-4-26-17(3)16(2)21-14-18(8-9-22(21)26)23(27)24-19-6-5-7-20(15-19)31(28,29)25-10-12-30-13-11-25/h5-9,14-15H,4,10-13H2,1-3H3,(H,24,27)	DECGJTHORLUMFN-UHFFFAOYSA-N	chembl_36	441.5530000000003	3.5512400000000026	80.64	0.34782608695652173	O=C(Nc1cccc(S(=O)(=O)N2CCOCC2)c1)c1ccc2[nH]ccc2c1	5.0	1.0	True	6.0
CHEMBL3066625	CN(C)c1ncc(-c2c(-c3ccc(C#N)cc3)nc(OC[C@@H]3CCNC3)c3nccn23)cn1	InChI=1S/C24H24N8O/c1-31(2)24-28-13-19(14-29-24)21-20(18-5-3-16(11-25)4-6-18)30-23(22-27-9-10-32(21)22)33-15-17-7-8-26-12-17/h3-6,9-10,13-14,17,26H,7-8,12,15H2,1-2H3/t17-/m1/s1	CWDKDJDFAYXDFB-QGZVFWFLSA-N	chembl_36	440.51100000000025	2.779280000000001	104.26	0.2916666666666667	c1ccc(-c2nc(OC[C@@H]3CCNC3)c3nccn3c2-c2cncnc2)cc1	9.0	1.0	True	6.0
CHEMBL3067018	CNC(=O)c1ccc2c(c1)nc(Cc1ccccc1OC)n2-c1ccc2c(c1)CCC(=O)N2	InChI=1S/C26H24N4O3/c1-27-26(32)18-7-11-22-21(14-18)28-24(15-17-5-3-4-6-23(17)33-2)30(22)19-9-10-20-16(13-19)8-12-25(31)29-20/h3-7,9-11,13-14H,8,12,15H2,1-2H3,(H,27,32)(H,29,31)	PWAKAHSENDJDDF-UHFFFAOYSA-N	chembl_36	440.5030000000002	3.869200000000002	85.25	0.19230769230769232	O=C1CCc2cc(-n3c(Cc4ccccc4)nc4ccccc43)ccc2N1	5.0	2.0	True	6.0
CHEMBL1164902	O=C(O)CC[C@H](NC(=O)c1ccc(-c2ccccc2)cc1)c1nnc(Cc2ccccc2)o1	InChI=1S/C26H23N3O4/c30-24(31)16-15-22(26-29-28-23(33-26)17-18-7-3-1-4-8-18)27-25(32)21-13-11-20(12-14-21)19-9-5-2-6-10-19/h1-14,22H,15-17H2,(H,27,32)(H,30,31)/t22-/m0/s1	HXCIXYUMSUVTCP-QFIPXVFZSA-N	chembl_36	441.4870000000002	4.663300000000004	105.32000000000001	0.15384615384615385	O=C(NCc1nnc(Cc2ccccc2)o1)c1ccc(-c2ccccc2)cc1	5.0	2.0	True	6.0
CHEMBL2416748	C[C@H](Nc1cc(NCCO)c([N+](=O)[O-])c(Nc2cc(C3CC3)[nH]n2)c1)c1ccc(F)cc1	InChI=1S/C22H25FN6O3/c1-13(14-4-6-16(23)7-5-14)25-17-10-19(24-8-9-30)22(29(31)32)20(11-17)26-21-12-18(27-28-21)15-2-3-15/h4-7,10-13,15,24-25,30H,2-3,8-9H2,1H3,(H2,26,27,28)/t13-/m0/s1	HDUKSKOVAZCBDO-ZDUSSCGKSA-N	chembl_36	440.47900000000016	4.655300000000002	128.14	0.3181818181818182	c1ccc(CNc2cccc(Nc3cc(C4CC4)[nH]n3)c2)cc1	7.0	5.0	True	6.0
CHEMBL1315295	CCNc1cc2c3c(c1)CCCN3CCC2.Cl	InChI=1S/C14H20N2.ClH/c1-2-15-13-9-11-5-3-7-16-8-4-6-12(10-13)14(11)16;/h9-10,15H,2-8H2,1H3;1H	LCQCJMXOSFUHAR-UHFFFAOYSA-N	chembl_36	252.7889999999999	3.239000000000002	15.27	0.5714285714285714	c1cc2c3c(c1)CCCN3CCC2	2.0	1.0	True	6.0
CHEMBL1844366	O=c1[nH]c(Nc2ccccc2O)cc2ccccc12	InChI=1S/C15H12N2O2/c18-13-8-4-3-7-12(13)16-14-9-10-5-1-2-6-11(10)15(19)17-14/h1-9,18H,(H2,16,17,19)	HNQMDWNLNQXXEB-UHFFFAOYSA-N	chembl_36	252.273	2.9773000000000005	65.12	0.0	O=c1[nH]c(Nc2ccccc2)cc2ccccc12	3.0	3.0	True	6.0
CHEMBL2980515	Cn1cc(-c2ccc(=O)n(-c3ccccc3)n2)cn1	InChI=1S/C14H12N4O/c1-17-10-11(9-15-17)13-7-8-14(19)18(16-13)12-5-3-2-4-6-12/h2-10H,1H3	UQUWGQKBFLBQPW-UHFFFAOYSA-N	chembl_36	252.27700000000002	1.6329999999999998	52.71	0.07142857142857142	O=c1ccc(-c2cn[nH]c2)nn1-c1ccccc1	5.0	0.0	True	6.0
CHEMBL73060	Nc1ncnc2c1ncn2[C@@H]1CO[C@H](CO)S1	InChI=1S/C9H11N5O2S/c10-8-7-9(12-3-11-8)14(4-13-7)5-2-16-6(1-15)17-5/h3-6,15H,1-2H2,(H2,10,11,12)/t5-,6-/m0/s1	UXBLEIWMFILNFD-WDSKDSINSA-N	chembl_36	253.28699999999998	-0.011100000000000276	99.08000000000001	0.4444444444444444	c1ncc2ncn([C@@H]3COCS3)c2n1	8.0	2.0	True	6.0
CHEMBL2625349	CN(CC#CCN(C)C1CCOC1)C1CCOC1	InChI=1S/C14H24N2O2/c1-15(13-5-9-17-11-13)7-3-4-8-16(2)14-6-10-18-12-14/h13-14H,5-12H2,1-2H3	GUYPDAQYHQFPHL-UHFFFAOYSA-N	chembl_36	252.35799999999992	0.43120000000000047	24.94	0.8571428571428571	C(#CCNC1CCOC1)CNC1CCOC1	4.0	0.0	True	5.0
CHEMBL2765599	COc1ccccc1OCCON1CCOCC1	InChI=1S/C13H19NO4/c1-15-12-4-2-3-5-13(12)17-10-11-18-14-6-8-16-9-7-14/h2-5H,6-11H2,1H3	XZKMGQKEMPPVQY-UHFFFAOYSA-N	chembl_36	253.2979999999999	1.3377999999999999	40.16	0.5384615384615384	c1ccc(OCCON2CCOCC2)cc1	5.0	0.0	True	6.0
CHEMBL2301113	CON=C1CCN(Cc2ccc([N+](=O)[O-])o2)CC1	InChI=1S/C11H15N3O4/c1-17-12-9-4-6-13(7-5-9)8-10-2-3-11(18-10)14(15)16/h2-3H,4-8H2,1H3	AUXYASBCVZHLFS-UHFFFAOYSA-N	chembl_36	253.25799999999998	1.786	81.11	0.5454545454545454	N=C1CCN(Cc2ccco2)CC1	6.0	0.0	True	6.0
CHEMBL473080	Cn1c(N)c(C#N)c2c1C(=O)c1ncccc1C2=O	InChI=1S/C13H8N4O2/c1-17-10-8(7(5-14)13(17)15)11(18)6-3-2-4-16-9(6)12(10)19/h2-4H,15H2,1H3	YDHJSQRBVZZWMC-UHFFFAOYSA-N	chembl_36	252.23299999999998	0.6493800000000002	101.77000000000001	0.07692307692307693	O=C1c2cccnc2C(=O)c2[nH]ccc21	6.0	1.0	True	6.0
CHEMBL5591	OCC1=NOC(n2cnc3c(Cl)ncnc32)C1	InChI=1S/C9H8ClN5O2/c10-8-7-9(12-3-11-8)15(4-13-7)6-1-5(2-16)14-17-6/h3-4,6,16H,1-2H2	YKIYEMJBGXYQTG-UHFFFAOYSA-N	chembl_36	253.649	0.7468999999999999	85.42	0.3333333333333333	C1=NOC(n2cnc3cncnc32)C1	7.0	1.0	True	6.0
CHEMBL2446358	O=C(c1cnsn1)N1CCN(C2CC2)C(=O)C1	InChI=1S/C10H12N4O2S/c15-9-6-13(3-4-14(9)7-1-2-7)10(16)8-5-11-17-12-8/h5,7H,1-4,6H2	BWAIVDZDMZOHKS-UHFFFAOYSA-N	chembl_36	252.29899999999995	-0.015099999999999891	66.4	0.6	O=C(c1cnsn1)N1CCN(C2CC2)C(=O)C1	5.0	0.0	True	6.0
CHEMBL1835048	CC1CN/C(=N\c2cccc3c2CCC3)C1.Cl	InChI=1S/C14H18N2.ClH/c1-10-8-14(15-9-10)16-13-7-3-5-11-4-2-6-12(11)13;/h3,5,7,10H,2,4,6,8-9H2,1H3,(H,15,16);1H	OTHFLKADQVKAST-UHFFFAOYSA-N	chembl_36	250.77299999999994	3.256500000000002	24.39	0.5	c1cc2c(c(/N=C3/CCCN3)c1)CCC2	1.0	1.0	True	6.0
CHEMBL595950	N#Cc1ccc(Oc2csc3ccccc23)cc1	InChI=1S/C15H9NOS/c16-9-11-5-7-12(8-6-11)17-14-10-18-15-4-2-1-3-13(14)15/h1-8,10H	FENFYEDHTZSWGD-UHFFFAOYSA-N	chembl_36	251.31	4.565280000000003	33.019999999999996	0.0	c1ccc(Oc2csc3ccccc23)cc1	3.0	0.0	True	6.0
CHEMBL799180	Cn1ccc(NC(=O)Nc2ccc(Cl)cc2)n1	InChI=1S/C11H11ClN4O/c1-16-7-6-10(15-16)14-11(17)13-9-4-2-8(12)3-5-9/h2-7H,1H3,(H2,13,14,15,17)	IASQZEWVUDVHNO-UHFFFAOYSA-N	chembl_36	250.68900000000002	2.7175000000000002	58.95	0.09090909090909091	O=C(Nc1ccccc1)Nc1cc[nH]n1	3.0	2.0	True	6.0
CHEMBL2010009	O=C(c1ccc([N+](=O)[O-])o1)N1CC2CNCC2C1	InChI=1S/C11H13N3O4/c15-11(9-1-2-10(18-9)14(16)17)13-5-7-3-12-4-8(7)6-13/h1-2,7-8,12H,3-6H2	OZGDPNGSOUHUSS-UHFFFAOYSA-N	chembl_36	251.24199999999996	0.4791999999999999	88.61999999999999	0.5454545454545454	O=C(c1ccco1)N1CC2CNCC2C1	5.0	1.0	True	5.0
CHEMBL2632039	O=C(c1cn[nH]c1)N(CCO)Cc1cccs1	InChI=1S/C11H13N3O2S/c15-4-3-14(8-10-2-1-5-17-10)11(16)9-6-12-13-7-9/h1-2,5-7,15H,3-4,8H2,(H,12,13)	NWXUMRRYGCQQAS-UHFFFAOYSA-N	chembl_36	251.311	1.1059	69.22	0.2727272727272727	O=C(NCc1cccs1)c1cn[nH]c1	4.0	2.0	True	5.0
CHEMBL1013127	CN1/C(=C\C(=O)C(F)F)C(C)(C)c2ccccc21	InChI=1S/C14H15F2NO/c1-14(2)9-6-4-5-7-10(9)17(3)12(14)8-11(18)13(15)16/h4-8,13H,1-3H3/b12-8-	CKCHXILVOSFDLS-WQLSENKSSA-N	chembl_36	251.27599999999998	3.132100000000002	20.310000000000002	0.35714285714285715	C=C1Cc2ccccc2N1	2.0	0.0	True	6.0
CHEMBL2394936	CC(C(=O)NC1CC1)N1CCN(CCC#N)CC1	InChI=1S/C13H22N4O/c1-11(13(18)15-12-3-4-12)17-9-7-16(8-10-17)6-2-5-14/h11-12H,2-4,6-10H2,1H3,(H,15,18)	OINJHQKONUVWPK-UHFFFAOYSA-N	chembl_36	250.34599999999992	0.1847800000000006	59.370000000000005	0.8461538461538461	O=C(CN1CCNCC1)NC1CC1	4.0	1.0	True	6.0
CHEMBL1328197	Cc1nnc2sc(-c3ccc([N+](=O)[O-])o3)nn12	InChI=1S/C8H5N5O3S/c1-4-9-10-8-12(4)11-7(17-8)5-2-3-6(16-5)13(14)15/h2-3H,1H3	NZMWNXYWYUPLMS-UHFFFAOYSA-N	chembl_36	251.227	1.66242	99.36	0.125	c1coc(-c2nn3cnnc3s2)c1	8.0	0.0	True	5.0
CHEMBL2918965	CNc1nc(Cl)cc2c1cnn2C1CCCC1	InChI=1S/C12H15ClN4/c1-14-12-9-7-15-17(8-4-2-3-5-8)10(9)6-11(13)16-12/h6-8H,2-5H2,1H3,(H,14,16)	MKHXLNCMQMSCLK-UHFFFAOYSA-N	chembl_36	250.73299999999995	3.241500000000001	42.74	0.5	c1cc2c(cn1)cnn2C1CCCC1	4.0	1.0	True	6.0
CHEMBL1633192	[O-][n+]1ccc2c(c1)ncn2[C@H]1C[C@H](O)[C@@H](CO)O1	InChI=1S/C11H13N3O4/c15-5-10-9(16)3-11(18-10)14-6-12-7-4-13(17)2-1-8(7)14/h1-2,4,6,9-11,15-16H,3,5H2/t9-,10+,11+/m0/s1	LMZNOEAHKZQXDH-HBNTYKKESA-N	chembl_36	251.242	-0.6896000000000002	94.45	0.45454545454545453	c1cc2c(c[nH+]1)ncn2[C@H]1CCCO1	6.0	2.0	True	6.0
CHEMBL2851941	NC(=O)c1ccccc1NC(=O)c1cccc(COc2cccc(Cl)c2)c1	InChI=1S/C21H17ClN2O3/c22-16-7-4-8-17(12-16)27-13-14-5-3-6-15(11-14)21(26)24-19-10-2-1-9-18(19)20(23)25/h1-12H,13H2,(H2,23,25)(H,24,26)	QJEBLGWTTYWBSQ-UHFFFAOYSA-N	chembl_36	380.831	4.270200000000003	81.42	0.047619047619047616	O=C(Nc1ccccc1)c1cccc(COc2ccccc2)c1	3.0	2.0	True	6.0
CHEMBL402737	O=S(=O)(c1ccc(Cl)s1)c1cn(C2CCCNC2)c2ncccc12	InChI=1S/C16H16ClN3O2S2/c17-14-5-6-15(23-14)24(21,22)13-10-20(11-3-1-7-18-9-11)16-12(13)4-2-8-19-16/h2,4-6,8,10-11,18H,1,3,7,9H2	XNJBCLZUQVQMEM-UHFFFAOYSA-N	chembl_36	381.91000000000014	3.5085000000000024	63.99	0.3125	O=S(=O)(c1cccs1)c1cn(C2CCCNC2)c2ncccc12	6.0	1.0	True	6.0
CHEMBL2220624	O=C1c2ccccc2C(=O)c2c1cc(Sc1cccs1)c1nsnc21	InChI=1S/C18H8N2O2S3/c21-17-9-4-1-2-5-10(9)18(22)14-11(17)8-12(15-16(14)20-25-19-15)24-13-6-3-7-23-13/h1-8H	PPCGIZKLQCZSQI-UHFFFAOYSA-N	chembl_36	380.475	4.679400000000002	59.92	0.0	O=C1c2ccccc2C(=O)c2c1cc(Sc1cccs1)c1nsnc21	7.0	0.0	True	6.0
CHEMBL1200125	N#CCCN(Cc1coc(-c2ccc(Cl)cc2Cl)n1)CC1CCCO1	InChI=1S/C18H19Cl2N3O2/c19-13-4-5-16(17(20)9-13)18-22-14(12-25-18)10-23(7-2-6-21)11-15-3-1-8-24-15/h4-5,9,12,15H,1-3,7-8,10-11H2	WCCKJUYFIABCFF-UHFFFAOYSA-N	chembl_36	380.2750000000002	4.543080000000003	62.290000000000006	0.4444444444444444	c1ccc(-c2nc(CNCC3CCCO3)co2)cc1	5.0	0.0	True	6.0
CHEMBL2200962	COCCN1CCc2c(cc(-c3ccnc(Nc4ccnn4C)n3)n2C)C1=O	InChI=1S/C19H23N7O2/c1-24-15-6-9-26(10-11-28-3)18(27)13(15)12-16(24)14-4-7-20-19(22-14)23-17-5-8-21-25(17)2/h4-5,7-8,12H,6,9-11H2,1-3H3,(H,20,22,23)	YREPJIXZZKOVIM-UHFFFAOYSA-N	chembl_36	381.4400000000001	1.6038999999999999	90.1	0.3684210526315789	O=C1NCCc2[nH]c(-c3ccnc(Nc4ccn[nH]4)n3)cc21	8.0	1.0	True	6.0
CHEMBL351144	CC(C)Nc1nccc(N(C(=O)NCc2ccncc2)c2ccc(F)cc2)n1	InChI=1S/C20H21FN6O/c1-14(2)25-19-23-12-9-18(26-19)27(17-5-3-16(21)4-6-17)20(28)24-13-15-7-10-22-11-8-15/h3-12,14H,13H2,1-2H3,(H,24,28)(H,23,25,26)	MDDGEZQZGVZCMI-UHFFFAOYSA-N	chembl_36	380.427	3.8789000000000025	83.04	0.2	O=C(NCc1ccncc1)N(c1ccccc1)c1ccncn1	5.0	2.0	True	6.0
CHEMBL2596976	Cc1ccccc1CNC(=O)CN1CCN(CCO)[C@@H]2CS(=O)(=O)C[C@@H]21	InChI=1S/C18H27N3O4S/c1-14-4-2-3-5-15(14)10-19-18(23)11-21-7-6-20(8-9-22)16-12-26(24,25)13-17(16)21/h2-5,16-17,22H,6-13H2,1H3,(H,19,23)/t16-,17+/m1/s1	UJHWLINTSAUMOB-SJORKVTESA-N	chembl_36	381.4980000000001	-0.6132799999999978	89.94999999999999	0.6111111111111112	O=C(CN1CCN[C@@H]2CS(=O)(=O)C[C@@H]21)NCc1ccccc1	6.0	2.0	True	6.0
CHEMBL2879218	CS(=O)(=O)c1sc(OCCCC(F)(F)F)c2c1[C@H](O)C(F)(F)C2	InChI=1S/C12H13F5O4S2/c1-23(19,20)10-7-6(5-11(13,14)8(7)18)9(22-10)21-4-2-3-12(15,16)17/h8,18H,2-5H2,1H3/t8-/m0/s1	PEDLQBHJAPYUCY-QMMMGPOBSA-N	chembl_36	380.35600000000005	3.0977000000000023	63.60000000000001	0.6666666666666666	c1scc2c1CCC2	5.0	1.0	True	5.0
CHEMBL2142218	O=C(c1ccc(N2CC(F)(F)C2)c(OCC2CC2)n1)N1C[C@@H]2C[C@H]1CS2	InChI=1S/C18H21F2N3O2S/c19-18(20)9-22(10-18)15-4-3-14(21-16(15)25-7-11-1-2-11)17(24)23-6-13-5-12(23)8-26-13/h3-4,11-13H,1-2,5-10H2/t12-,13-/m0/s1	ZSYRDKCJWAWTBE-STQMWFEESA-N	chembl_36	381.4480000000001	2.6556000000000006	45.67000000000001	0.6666666666666666	O=C(c1ccc(N2CCC2)c(OCC2CC2)n1)N1C[C@@H]2C[C@H]1CS2	5.0	0.0	True	6.0
CHEMBL520027	OCCN1CCN(c2c3cc(Cl)ccc3nc3[nH]c4ccccc4c23)CC1	InChI=1S/C21H21ClN4O/c22-14-5-6-18-16(13-14)20(26-9-7-25(8-10-26)11-12-27)19-15-3-1-2-4-17(15)23-21(19)24-18/h1-6,13,27H,7-12H2,(H,23,24)	XNNHAPZOBYPZGB-UHFFFAOYSA-N	chembl_36	380.8790000000002	3.6370000000000013	55.39	0.2857142857142857	c1ccc2c(N3CCNCC3)c3c(nc2c1)[nH]c1ccccc13	4.0	2.0	True	6.0
CHEMBL2577945	CCOC[C@@H](O)CN(C1CC1)C1Cc2ccccc2C1	InChI=1S/C17H25NO2/c1-2-20-12-17(19)11-18(15-7-8-15)16-9-13-5-3-4-6-14(13)10-16/h3-6,15-17,19H,2,7-12H2,1H3/t17-/m0/s1	UUGQEPABIBSLSP-KRWDZBQOSA-N	chembl_36	275.39200000000005	2.015599999999999	32.7	0.6470588235294118	c1ccc2c(c1)CC(NC1CC1)C2	3.0	1.0	True	6.0
CHEMBL2661755	COC1(CNCc2cnn3ccccc23)CCOCC1	InChI=1S/C15H21N3O2/c1-19-15(5-8-20-9-6-15)12-16-10-13-11-17-18-7-3-2-4-14(13)18/h2-4,7,11,16H,5-6,8-10,12H2,1H3	BPGYLTSLSVARHD-UHFFFAOYSA-N	chembl_36	275.35200000000003	1.6194999999999995	47.790000000000006	0.5333333333333333	c1ccn2ncc(CNCC3CCOCC3)c2c1	5.0	1.0	True	6.0
CHEMBL662046	NCCc1cnc(S)n1[C@H]1COc2ccccc2C1	InChI=1S/C14H17N3OS/c15-6-5-11-8-16-14(19)17(11)12-7-10-3-1-2-4-13(10)18-9-12/h1-4,8,12H,5-7,9,15H2,(H,16,19)/t12-/m1/s1	VHYPBFDDZNKESQ-GFCCVEGCSA-N	chembl_36	275.37700000000007	1.8492	53.06999999999999	0.35714285714285715	c1ccc2c(c1)C[C@@H](n1ccnc1)CO2	5.0	2.0	True	6.0
CHEMBL860548	COc1ccccc1CN1CCCC2(CCNCC2)C1	InChI=1S/C17H26N2O/c1-20-16-6-3-2-5-15(16)13-19-12-4-7-17(14-19)8-10-18-11-9-17/h2-3,5-6,18H,4,7-14H2,1H3	VFMYJZQQNSMLLH-UHFFFAOYSA-N	chembl_36	274.40799999999996	2.660800000000001	24.5	0.6470588235294118	c1ccc(CN2CCCC3(CCNCC3)C2)cc1	3.0	1.0	True	6.0
CHEMBL2698253	CCOc1ncccc1-c1ccc(N(C)CCO)nn1	InChI=1S/C14H18N4O2/c1-3-20-14-11(5-4-8-15-14)12-6-7-13(17-16-12)18(2)9-10-19/h4-8,19H,3,9-10H2,1-2H3	BELAZSLDOXKABT-UHFFFAOYSA-N	chembl_36	274.32399999999996	1.3657999999999997	71.37	0.35714285714285715	c1cncc(-c2cccnn2)c1	6.0	1.0	True	6.0
CHEMBL2455875	O=C(c1cnccn1)N1CCCCC1c1nccs1	InChI=1S/C13H14N4OS/c18-13(10-9-14-4-5-15-10)17-7-2-1-3-11(17)12-16-6-8-19-12/h4-6,8-9,11H,1-3,7H2	FEYFPMBNXHXBNL-UHFFFAOYSA-N	chembl_36	274.34899999999993	2.3005000000000004	58.980000000000004	0.38461538461538464	O=C(c1cnccn1)N1CCCCC1c1nccs1	5.0	0.0	True	6.0
CHEMBL2629196	CCc1nsc(N[C@@H](C)C2(S(C)(=O)=O)CC2)n1	InChI=1S/C10H17N3O2S2/c1-4-8-12-9(16-13-8)11-7(2)10(5-6-10)17(3,14)15/h7H,4-6H2,1-3H3,(H,11,12,13)/t7-/m0/s1	HTDIVLCWAZQFPQ-ZETCQYMHSA-N	chembl_36	275.399	1.4781	71.95	0.8	c1nsc(NCC2CC2)n1	6.0	1.0	True	5.0
CHEMBL734458	Cc1cccc(C)c1NC(=O)NN1C(C)CCCC1C	InChI=1S/C16H25N3O/c1-11-7-5-8-12(2)15(11)17-16(20)18-19-13(3)9-6-10-14(19)4/h5,7-8,13-14H,6,9-10H2,1-4H3,(H2,17,18,20)	QXZHPVDFXIXSCL-UHFFFAOYSA-N	chembl_36	275.396	3.6028400000000023	44.370000000000005	0.5625	O=C(Nc1ccccc1)NN1CCCCC1	2.0	2.0	True	6.0
CHEMBL1350882	CN1CCCN(C(=O)c2cc3cccc(F)c3[nH]2)CC1	InChI=1S/C15H18FN3O/c1-18-6-3-7-19(9-8-18)15(20)13-10-11-4-2-5-12(16)14(11)17-13/h2,4-5,10,17H,3,6-9H2,1H3	GUDATDNEYUQVAT-UHFFFAOYSA-N	chembl_36	275.3270000000001	2.0846999999999998	39.34	0.4	O=C(c1cc2ccccc2[nH]1)N1CCCNCC1	2.0	1.0	True	7.0
CHEMBL221935	O=c1c(O)c(O)ccc(-c2cccc([N+](=O)[O-])c2)c1O	InChI=1S/C13H9NO6/c15-10-5-4-9(11(16)13(18)12(10)17)7-2-1-3-8(6-7)14(19)20/h1-6H,(H3,15,16,17,18)	SGVUAGNGBQKVNH-UHFFFAOYSA-N	chembl_36	275.216	1.7388	120.9	0.0	O=c1ccccc(-c2ccccc2)c1	6.0	3.0	True	7.0
CHEMBL1251618	N#Cc1ccc(/C=N/NC(=O)Cn2cnc3sc4c(c3c2=O)CCCC4)cc1	InChI=1S/C20H17N5O2S/c21-9-13-5-7-14(8-6-13)10-23-24-17(26)11-25-12-22-19-18(20(25)27)15-3-1-2-4-16(15)28-19/h5-8,10,12H,1-4,11H2,(H,24,26)/b23-10+	SIGNSDFOBXJPLK-AUEPDCJTSA-N	chembl_36	391.4560000000003	2.3587800000000003	100.14000000000001	0.25	O=C(Cn1cnc2sc3c(c2c1=O)CCCC3)N/N=C/c1ccccc1	7.0	1.0	True	6.0
CHEMBL983350	Cc1ccc(N2CCN(C(=O)c3cc(-c4ccc(F)cc4)[nH]c3C)CC2C)cc1	InChI=1S/C24H26FN3O/c1-16-4-10-21(11-5-16)28-13-12-27(15-17(28)2)24(29)22-14-23(26-18(22)3)19-6-8-20(25)9-7-19/h4-11,14,17,26H,12-13,15H2,1-3H3	IEHLRTBHXCNHRR-UHFFFAOYSA-N	chembl_36	391.4900000000001	4.788540000000004	39.34	0.2916666666666667	O=C(c1c[nH]c(-c2ccccc2)c1)N1CCN(c2ccccc2)CC1	2.0	1.0	True	6.0
CHEMBL106927	COc1ccccc1-c1ccc(C[C@H](NC(=O)Cc2ccncc2)C(=O)O)cc1	InChI=1S/C23H22N2O4/c1-29-21-5-3-2-4-19(21)18-8-6-16(7-9-18)14-20(23(27)28)25-22(26)15-17-10-12-24-13-11-17/h2-13,20H,14-15H2,1H3,(H,25,26)(H,27,28)/t20-/m0/s1	OMKIQYRGIJVRRZ-FQEVSTJZSA-N	chembl_36	390.439	3.1118000000000006	88.52	0.17391304347826086	O=C(Cc1ccncc1)NCCc1ccc(-c2ccccc2)cc1	4.0	2.0	True	6.0
CHEMBL1101813	CN(C(=O)c1cc2ccccc2o1)c1c(N)n(Cc2ccccc2)c(=O)[nH]c1=O	InChI=1S/C21H18N4O4/c1-24(20(27)16-11-14-9-5-6-10-15(14)29-16)17-18(22)25(21(28)23-19(17)26)12-13-7-3-2-4-8-13/h2-11H,12,22H2,1H3,(H,23,26,28)	UVTWJKQWNLURBT-UHFFFAOYSA-N	chembl_36	390.39900000000006	2.1899	114.32999999999998	0.09523809523809523	O=C(Nc1cn(Cc2ccccc2)c(=O)[nH]c1=O)c1cc2ccccc2o1	6.0	2.0	True	6.0
CHEMBL2043287	CC(C)N(C)c1nc2cc(C(=O)O)ccc2nc1-c1ccc(N2CCCC2)nc1	InChI=1S/C22H25N5O2/c1-14(2)26(3)21-20(16-7-9-19(23-13-16)27-10-4-5-11-27)24-17-8-6-15(22(28)29)12-18(17)25-21/h6-9,12-14H,4-5,10-11H2,1-3H3,(H,28,29)	RHPXGFFWAQKXLZ-UHFFFAOYSA-N	chembl_36	391.47500000000025	3.834800000000002	82.45	0.36363636363636365	c1ccc2nc(-c3ccc(N4CCCC4)nc3)cnc2c1	6.0	1.0	True	6.0
CHEMBL2376840	Cc1nnc2n1-c1ccc(-c3cnoc3)cc1C(Nc1ccc(Cl)cc1)CC2	InChI=1S/C21H18ClN5O/c1-13-25-26-21-9-7-19(24-17-5-3-16(22)4-6-17)18-10-14(15-11-23-28-12-15)2-8-20(18)27(13)21/h2-6,8,10-12,19,24H,7,9H2,1H3	BVVYPEWQAAVJOJ-UHFFFAOYSA-N	chembl_36	391.8620000000002	4.983520000000003	68.77	0.19047619047619047	c1ccc(NC2CCc3nncn3-c3ccc(-c4cnoc4)cc32)cc1	6.0	1.0	True	7.0
CHEMBL2282590	O=[N+]([O-])c1cn2c(n1)[S@@+]([O-])C[C@@H](OCc1ccc(OC(F)(F)F)cc1)C2	InChI=1S/C14H12F3N3O5S/c15-14(16,17)25-10-3-1-9(2-4-10)7-24-11-5-19-6-12(20(21)22)18-13(19)26(23)8-11/h1-4,6,11H,5,7-8H2/t11-,26-/m0/s1	ICUHTMCUDQNKDK-LJZMDLFKSA-N	chembl_36	391.32700000000006	2.3965000000000005	102.48	0.35714285714285715	c1ccc(CO[C@@H]2C[SH+]c3nccn3C2)cc1	7.0	0.0	True	6.0
CHEMBL2081383	CCC(C)[C@H](CNC)N1CCN(CCC23CC4CC(CC(C4)C2)C3)[C@H](CO)C1	InChI=1S/C24H45N3O/c1-4-18(2)23(15-25-3)27-8-7-26(22(16-27)17-28)6-5-24-12-19-9-20(13-24)11-21(10-19)14-24/h18-23,25,28H,4-17H2,1-3H3/t18?,19?,20?,21?,22-,23-,24?/m0/s1	WOAVGPIBJVIPMQ-AZYCEDMHSA-N	chembl_36	391.6440000000002	3.2055000000000007	38.739999999999995	1.0	C1CN(CCC23CC4CC(CC(C4)C2)C3)CCN1	4.0	2.0	True	6.0
CHEMBL828788	CCc1ccc(OCCNC(=O)c2ccccc2SCc2ccccc2)cc1	InChI=1S/C24H25NO2S/c1-2-19-12-14-21(15-13-19)27-17-16-25-24(26)22-10-6-7-11-23(22)28-18-20-8-4-3-5-9-20/h3-15H,2,16-18H2,1H3,(H,25,26)	FUGBPSJCFKIHQY-UHFFFAOYSA-N	chembl_36	391.5360000000001	5.350100000000005	38.33	0.20833333333333334	O=C(NCCOc1ccccc1)c1ccccc1SCc1ccccc1	3.0	1.0	True	6.0
CHEMBL582276	C=C1C(=O)[C@]23C[C@@]1(Cl)CC[C@H]2[C@@]12C=CC(=O)[C@](C)(C(=O)O1)[C@H]2[C@@H]3C(=O)OC	InChI=1S/C20H19ClO6/c1-9-14(23)19-8-18(9,21)6-4-10(19)20-7-5-11(22)17(2,16(25)27-20)13(20)12(19)15(24)26-3/h5,7,10,12-13H,1,4,6,8H2,2-3H3/t10-,12-,13-,17+,18+,19-,20-/m1/s1	QYIJUHQXYQFFOO-KSPAXGJSSA-N	chembl_36	390.8190000000002	1.7492	86.74	0.6	C=C1C(=O)[C@]23CC1CC[C@H]2[C@@]12C=CC(=O)C(C(=O)O1)[C@H]2C3	6.0	0.0	True	6.0
CHEMBL290649	CO[C@@H]1[C@H](OC(=O)NC(=O)Cl)CC[C@]2(CO2)[C@H]1[C@@]1(C)O[C@@H]1CC=C(C)C	InChI=1S/C18H26ClNO6/c1-10(2)5-6-12-17(3,26-12)14-13(23-4)11(7-8-18(14)9-24-18)25-16(22)20-15(19)21/h5,11-14H,6-9H2,1-4H3,(H,20,21,22)/t11-,12-,13-,14-,17+,18+/m1/s1	YFDNFRSSBQGBOB-YKWLKKDSSA-N	chembl_36	387.8600000000001	3.147800000000002	89.69	0.7777777777777778	C1CC[C@]2(CO2)[C@@H](C2CO2)C1	6.0	1.0	True	6.0
CHEMBL950923	COc1ccc(NC(=O)CNC(=O)CC23CC4CC(CC(C4)C2)C3)c(OC)c1	InChI=1S/C22H30N2O4/c1-27-17-3-4-18(19(8-17)28-2)24-21(26)13-23-20(25)12-22-9-14-5-15(10-22)7-16(6-14)11-22/h3-4,8,14-16H,5-7,9-13H2,1-2H3,(H,23,25)(H,24,26)	XGJFWTJVDZTCLG-UHFFFAOYSA-N	chembl_36	386.4920000000002	3.365000000000002	76.66000000000001	0.6363636363636364	O=C(CC12CC3CC(CC(C3)C1)C2)NCC(=O)Nc1ccccc1	4.0	2.0	True	6.0
CHEMBL1241200	Cc1ccc(C)c(NC(=O)CSc2nnc(C3CC3)n2CC2CCCO2)c1	InChI=1S/C20H26N4O2S/c1-13-5-6-14(2)17(10-13)21-18(25)12-27-20-23-22-19(15-7-8-15)24(20)11-16-4-3-9-26-16/h5-6,10,15-16H,3-4,7-9,11-12H2,1-2H3,(H,21,25)	MYMAIAIDYQFRDP-UHFFFAOYSA-N	chembl_36	386.5210000000003	3.682140000000003	69.04	0.55	O=C(CSc1nnc(C2CC2)n1CC1CCCO1)Nc1ccccc1	6.0	1.0	True	6.0
CHEMBL790219	COCCn1c(C)cc(O)c(C(c2ccccc2OC)N2CCCCC2)c1=O	InChI=1S/C22H30N2O4/c1-16-15-18(25)20(22(26)24(16)13-14-27-2)21(23-11-7-4-8-12-23)17-9-5-6-10-19(17)28-3/h5-6,9-10,15,21,25H,4,7-8,11-14H2,1-3H3	UCVZFPGYFKPGRZ-UHFFFAOYSA-N	chembl_36	386.4920000000003	3.092620000000002	63.93000000000001	0.5	O=c1[nH]cccc1C(c1ccccc1)N1CCCCC1	6.0	1.0	True	6.0
CHEMBL2088005	CCc1nc2c(C)cc(C)nc2n1Cc1ccc2c(c1)Sc1ccccc1N2	InChI=1S/C23H22N4S/c1-4-21-26-22-14(2)11-15(3)24-23(22)27(21)13-16-9-10-18-20(12-16)28-19-8-6-5-7-17(19)25-18/h5-12,25H,4,13H2,1-3H3	NKAANKFUNNICAL-UHFFFAOYSA-N	chembl_36	386.524	5.867040000000005	42.74	0.21739130434782608	c1ccc2c(c1)Nc1ccc(Cn3cnc4cccnc43)cc1S2	5.0	1.0	True	6.0
CHEMBL1008647	COc1ccc(C(=O)N[C@H](C(=O)Nc2nc3c(s2)CCCC3)C(C)C)cc1	InChI=1S/C20H25N3O3S/c1-12(2)17(22-18(24)13-8-10-14(26-3)11-9-13)19(25)23-20-21-15-6-4-5-7-16(15)27-20/h8-12,17H,4-7H2,1-3H3,(H,22,24)(H,21,23,25)/t17-/m0/s1	ZGENYBHEHWRKKQ-KRWDZBQOSA-N	chembl_36	387.5050000000002	3.423600000000002	80.32	0.45	O=C(CNC(=O)c1ccccc1)Nc1nc2c(s1)CCCC2	5.0	2.0	True	6.0
CHEMBL1221037	CCn1ncc([N+](=O)[O-])c1C(=O)Nc1c(C)nn(Cc2ccc(F)cc2)c1C	InChI=1S/C18H19FN6O3/c1-4-23-17(15(9-20-23)25(27)28)18(26)21-16-11(2)22-24(12(16)3)10-13-5-7-14(19)8-6-13/h5-9H,4,10H2,1-3H3,(H,21,26)	WTYAQCZCSMENSF-UHFFFAOYSA-N	chembl_36	386.3870000000001	3.0642400000000016	107.88	0.2777777777777778	O=C(Nc1cnn(Cc2ccccc2)c1)c1ccn[nH]1	7.0	1.0	True	6.0
CHEMBL802955	Cc1nc2ccccn2c1C(=O)NNS(=O)(=O)c1ccc(C(C)(C)C)cc1	InChI=1S/C19H22N4O3S/c1-13-17(23-12-6-5-7-16(23)20-13)18(24)21-22-27(25,26)15-10-8-14(9-11-15)19(2,3)4/h5-12,22H,1-4H3,(H,21,24)	QPQGNQOKESVLFR-UHFFFAOYSA-N	chembl_36	386.47700000000015	2.5635200000000014	92.57	0.2631578947368421	O=C(NNS(=O)(=O)c1ccccc1)c1cnc2ccccn12	5.0	2.0	True	6.0
CHEMBL2829551	CC(=O)N1C[C@H](O)C[C@@H]1C(=O)NCc1ccc(Oc2ccc(F)cc2)c(C)c1	InChI=1S/C21H23FN2O4/c1-13-9-15(3-8-20(13)28-18-6-4-16(22)5-7-18)11-23-21(27)19-10-17(26)12-24(19)14(2)25/h3-9,17,19,26H,10-12H2,1-2H3,(H,23,27)/t17-,19-/m1/s1	AHLUHGNUVODCCM-IEBWSBKVSA-N	chembl_36	386.42300000000006	2.5243200000000003	78.87	0.3333333333333333	O=C(NCc1ccc(Oc2ccccc2)cc1)[C@H]1CCCN1	4.0	2.0	True	6.0
CHEMBL709416	[K+].[S-]c1nnc(COc2ccc(Cl)cc2)n1CCCn1ccnc1	InChI=1S/C15H16ClN5OS.K/c16-12-2-4-13(5-3-12)22-10-14-18-19-15(23)21(14)8-1-7-20-9-6-17-11-20;/h2-6,9,11H,1,7-8,10H2,(H,19,23);/q;+1/p-1	ASXRRKHVPSCFDA-UHFFFAOYSA-M	chembl_36	387.9370000000001	-0.2929000000000008	57.760000000000005	0.26666666666666666	c1ccc(OCc2nncn2CCCn2ccnc2)cc1	7.0	0.0	True	6.0
CHEMBL2301201	N#Cc1ccc(CC(=O)Nc2ccccc2-c2cccc3c2[nH]c2ccccc23)cn1	InChI=1S/C26H18N4O/c27-15-18-13-12-17(16-28-18)14-25(31)29-23-10-3-1-6-19(23)21-8-5-9-22-20-7-2-4-11-24(20)30-26(21)22/h1-13,16,30H,14H2,(H,29,31)	GIIQVXPCUALCGE-UHFFFAOYSA-N	chembl_36	402.4570000000001	5.435980000000003	81.57000000000001	0.038461538461538464	O=C(Cc1cccnc1)Nc1ccccc1-c1cccc2c1[nH]c1ccccc12	3.0	2.0	True	6.0
CHEMBL1376793	CCOc1cc(N)c([N+](=O)[O-])cc1C(=O)NC1CCN(CC2CC=CCC2)CC1	InChI=1S/C21H30N4O4/c1-2-29-20-13-18(22)19(25(27)28)12-17(20)21(26)23-16-8-10-24(11-9-16)14-15-6-4-3-5-7-15/h3-4,12-13,15-16H,2,5-11,14,22H2,1H3,(H,23,26)	ZDLBNXXKDMLZMF-UHFFFAOYSA-N	chembl_36	402.4950000000003	3.1262000000000016	110.73	0.5714285714285714	O=C(NC1CCN(CC2CC=CCC2)CC1)c1ccccc1	6.0	2.0	True	6.0
CHEMBL1140376	C=C(C)CCC[C@]1(C)CCC[C@@H]2C1=CC[C@@H](C)[C@@]2(C)C[C@H](O)C1=CC(=O)O[C@H]1O	InChI=1S/C25H38O4/c1-16(2)8-6-12-24(4)13-7-9-20-19(24)11-10-17(3)25(20,5)15-21(26)18-14-22(27)29-23(18)28/h11,14,17,20-21,23,26,28H,1,6-10,12-13,15H2,2-5H3/t17-,20-,21+,23-,24-,25-/m1/s1	JOYRNJIWPUZFBJ-CYHJRFMVSA-N	chembl_36	402.57500000000016	5.0643000000000065	66.76	0.72	O=C1C=C(CCC2CCC=C3CCCC[C@H]32)CO1	4.0	2.0	True	6.0
CHEMBL1378565	COc1ccc(CCNCC(O)COc2ccc(NN=C(C)C)nn2)cc1OC	InChI=1S/C20H29N5O4/c1-14(2)22-23-19-7-8-20(25-24-19)29-13-16(26)12-21-10-9-15-5-6-17(27-3)18(11-15)28-4/h5-8,11,16,21,26H,9-10,12-13H2,1-4H3,(H,23,24)	HLUGSJZJQJZYAE-UHFFFAOYSA-N	chembl_36	403.4830000000001	1.8734999999999997	110.12	0.45	c1ccc(CCNCCCOc2cccnn2)cc1	9.0	3.0	True	6.0
CHEMBL1263573	Cc1ccccc1-c1nc(C)c2c(C)nc3c(OCC(F)(F)F)cc(F)cc3n12	InChI=1S/C21H17F4N3O/c1-11-6-4-5-7-15(11)20-27-13(3)19-12(2)26-18-16(28(19)20)8-14(22)9-17(18)29-10-21(23,24)25/h4-9H,10H2,1-3H3	QAKWVFQSSVUOOT-UHFFFAOYSA-N	chembl_36	403.379	5.554960000000003	39.42	0.23809523809523808	c1ccc(-c2ncc3cnc4ccccc4n23)cc1	4.0	0.0	True	6.0
CHEMBL2204847	Cl.Cn1c(N2CCNC(c3cccc(F)c3)C2)nc(-c2ccncn2)cc1=O	InChI=1S/C19H19FN6O.ClH/c1-25-18(27)10-16(15-5-6-21-12-23-15)24-19(25)26-8-7-22-17(11-26)13-3-2-4-14(20)9-13;/h2-6,9-10,12,17,22H,7-8,11H2,1H3;1H	BLOYQSGZKFQURG-UHFFFAOYSA-N	chembl_36	402.86100000000016	1.9491	75.94	0.2631578947368421	O=c1cc(-c2ccncn2)nc(N2CCNC(c3ccccc3)C2)[nH]1	7.0	1.0	True	6.0
CHEMBL856774	CC(=O)N1CCCN(Cc2cn(-c3cc(C)ccc3C)nc2-c2ccccc2)CC1	InChI=1S/C25H30N4O/c1-19-10-11-20(2)24(16-19)29-18-23(25(26-29)22-8-5-4-6-9-22)17-27-12-7-13-28(15-14-27)21(3)30/h4-6,8-11,16,18H,7,12-15,17H2,1-3H3	SZVUNSVDXXDZIZ-UHFFFAOYSA-N	chembl_36	402.54200000000026	4.210340000000004	41.370000000000005	0.36	c1ccc(-c2nn(-c3ccccc3)cc2CN2CCCNCC2)cc1	4.0	0.0	True	7.0
CHEMBL303926	Cc1cc(O)c(C2CCCC2)c2nc(Nc3ccc(N4CCNCC4)cc3)ncc12	InChI=1S/C24H29N5O/c1-16-14-21(30)22(17-4-2-3-5-17)23-20(16)15-26-24(28-23)27-18-6-8-19(9-7-18)29-12-10-25-11-13-29/h6-9,14-15,17,25,30H,2-5,10-13H2,1H3,(H,26,27,28)	LNKPBQMYLJEWNJ-UHFFFAOYSA-N	chembl_36	403.5300000000002	4.454620000000003	73.31	0.4166666666666667	c1cc(C2CCCC2)c2nc(Nc3ccc(N4CCNCC4)cc3)ncc2c1	6.0	3.0	True	6.0
CHEMBL2459359	COc1ccc(C(=O)CN2C(=O)/C(=C\c3ccc(Cl)cc3)SC2=S)cc1	InChI=1S/C19H14ClNO3S2/c1-24-15-8-4-13(5-9-15)16(22)11-21-18(23)17(26-19(21)25)10-12-2-6-14(20)7-3-12/h2-10H,11H2,1H3/b17-10+	ZXNMPNKTUVOTPV-LICLKQGHSA-N	chembl_36	403.91200000000003	4.432700000000003	46.61	0.10526315789473684	O=C(CN1C(=O)/C(=C\c2ccccc2)SC1=S)c1ccccc1	5.0	0.0	True	6.0
CHEMBL2223449	O=c1c2c3c(sc2ncn1Cc1ccccc1)CC(NCc1ccccn1)CC3	InChI=1S/C23H22N4OS/c28-23-21-19-10-9-17(25-13-18-8-4-5-11-24-18)12-20(19)29-22(21)26-15-27(23)14-16-6-2-1-3-7-16/h1-8,11,15,17,25H,9-10,12-14H2	CBFWQXJQDRSETG-UHFFFAOYSA-N	chembl_36	402.52300000000014	3.5484000000000018	59.81	0.2608695652173913	O=c1c2c3c(sc2ncn1Cc1ccccc1)CC(NCc1ccccn1)CC3	6.0	1.0	True	6.0
CHEMBL2459629	CCc1nccn1CCNC(=O)CN1CCCC(O)C1	InChI=1S/C14H24N4O2/c1-2-13-15-5-8-18(13)9-6-16-14(20)11-17-7-3-4-12(19)10-17/h5,8,12,19H,2-4,6-7,9-11H2,1H3,(H,16,20)	LQFRFCQFHIXJTQ-UHFFFAOYSA-N	chembl_36	280.37199999999996	0.018400000000000916	70.39	0.7142857142857143	O=C(CN1CCCCC1)NCCn1ccnc1	5.0	2.0	True	6.0
CHEMBL75885	O=C(Nc1ccccc1)c1cc2cc(O)c(O)cc2cn1	InChI=1S/C16H12N2O3/c19-14-7-10-6-13(17-9-11(10)8-15(14)20)16(21)18-12-4-2-1-3-5-12/h1-9,19-20H,(H,18,21)	SYDQSDKPIPVKLH-UHFFFAOYSA-N	chembl_36	280.28299999999996	2.8983000000000017	82.45	0.0	O=C(Nc1ccccc1)c1cc2ccccc2cn1	4.0	3.0	True	6.0
CHEMBL2669931	O=C(C1CC1c1ccc(F)c(F)c1)N1CCCC1CO	InChI=1S/C15H17F2NO2/c16-13-4-3-9(6-14(13)17)11-7-12(11)15(20)18-5-1-2-10(18)8-19/h3-4,6,10-12,19H,1-2,5,7-8H2	USTYVSJRQDXBHI-UHFFFAOYSA-N	chembl_36	281.30199999999996	2.0516	40.540000000000006	0.5333333333333333	O=C(C1CC1c1ccccc1)N1CCCC1	2.0	1.0	True	6.0
CHEMBL781995	N#Cc1ccccc1COC(=O)c1ccc2c(c1)OCO2	InChI=1S/C16H11NO4/c17-8-12-3-1-2-4-13(12)9-19-16(18)11-5-6-14-15(7-11)21-10-20-14/h1-7H,9-10H2	KIPFNEBTQVUQOZ-UHFFFAOYSA-N	chembl_36	281.267	2.643980000000001	68.55	0.125	O=C(OCc1ccccc1)c1ccc2c(c1)OCO2	5.0	0.0	True	6.0
CHEMBL1047070	CCN(CC)c1ccc2nc3ccccc3[n+](CC)c2c1	InChI=1S/C18H22N3/c1-4-20(5-2)14-11-12-16-18(13-14)21(6-3)17-10-8-7-9-15(17)19-16/h7-13H,4-6H2,1-3H3/q+1	RWONEIZBYKDODF-UHFFFAOYSA-N	chembl_36	280.395	3.5416000000000025	20.01	0.3333333333333333	c1ccc2[nH+]c3ccccc3nc2c1	2.0	0.0	True	6.0
CHEMBL750445	c1ccc(CCNc2nc(-c3ccncc3)cs2)cc1	InChI=1S/C16H15N3S/c1-2-4-13(5-3-1)6-11-18-16-19-15(12-20-16)14-7-9-17-10-8-14/h1-5,7-10,12H,6,11H2,(H,18,19)	SSRGJFSMAXXSSH-UHFFFAOYSA-N	chembl_36	281.384	3.859700000000003	37.81	0.125	c1ccc(CCNc2nc(-c3ccncc3)cs2)cc1	4.0	1.0	True	6.0
CHEMBL292261	CN1CCc2cccc3c2c(cn3-c2ccc(F)cc2)C1	InChI=1S/C18H17FN2/c1-20-10-9-13-3-2-4-17-18(13)14(11-20)12-21(17)16-7-5-15(19)6-8-16/h2-8,12H,9-11H2,1H3	IRXXYVVZUJPSPA-UHFFFAOYSA-N	chembl_36	280.346	3.757500000000003	8.17	0.2222222222222222	c1ccc(-n2cc3c4c(cccc42)CCNC3)cc1	2.0	0.0	True	7.0
CHEMBL922949	O=C(NCc1cccnc1)c1cc2ccccc2oc1=O	InChI=1S/C16H12N2O3/c19-15(18-10-11-4-3-7-17-9-11)13-8-12-5-1-2-6-14(12)21-16(13)20/h1-9H,10H2,(H,18,19)	GXRWFQXJMISBIT-UHFFFAOYSA-N	chembl_36	280.283	2.1180000000000003	72.2	0.0625	O=C(NCc1cccnc1)c1cc2ccccc2oc1=O	4.0	1.0	True	6.0
CHEMBL2463126	c1ccc2[nH]c(CNCC[C@@H]3C[C@H]3c3c[nH]cn3)nc2c1	InChI=1S/C16H19N5/c1-2-4-14-13(3-1)20-16(21-14)9-17-6-5-11-7-12(11)15-8-18-10-19-15/h1-4,8,10-12,17H,5-7,9H2,(H,18,19)(H,20,21)/t11-,12-/m1/s1	HZJHXNKBUJZZBB-VXGBXAGGSA-N	chembl_36	281.36300000000006	2.5694	69.39	0.375	c1ccc2[nH]c(CNCC[C@@H]3C[C@H]3c3c[nH]cn3)nc2c1	3.0	3.0	True	6.0
CHEMBL2669340	COc1ccc(N/N=C2/Nc3ccc(C)cc3C2=O)cc1	InChI=1S/C16H15N3O2/c1-10-3-8-14-13(9-10)15(20)16(17-14)19-18-11-4-6-12(21-2)7-5-11/h3-9,18H,1-2H3,(H,17,19,20)	QYGZGGCXFISSKK-UHFFFAOYSA-N	chembl_36	281.315	3.037420000000001	62.72	0.125	O=C1/C(=N\Nc2ccccc2)Nc2ccccc21	4.0	2.0	True	6.0
CHEMBL1516373	O=c1cc(N2CCOCC2)oc2c(-c3ccoc3)csc12	InChI=1S/C15H13NO4S/c17-12-7-13(16-2-5-18-6-3-16)20-14-11(9-21-15(12)14)10-1-4-19-8-10/h1,4,7-9H,2-3,5-6H2	RCIQMQLPXYGLSD-UHFFFAOYSA-N	chembl_36	303.339	2.951100000000001	55.82000000000001	0.26666666666666666	O=c1cc(N2CCOCC2)oc2c(-c3ccoc3)csc12	6.0	0.0	True	6.0
CHEMBL690556	O=C(NC1CCCCC1)N1OCC2COc3ccccc3C21	InChI=1S/C17H22N2O3/c20-17(18-13-6-2-1-3-7-13)19-16-12(11-22-19)10-21-15-9-5-4-8-14(15)16/h4-5,8-9,12-13,16H,1-3,6-7,10-11H2,(H,18,20)	IYUBLQIEZBXVPP-UHFFFAOYSA-N	chembl_36	302.374	3.025800000000002	50.80000000000001	0.5882352941176471	O=C(NC1CCCCC1)N1OCC2COc3ccccc3C21	3.0	1.0	True	6.0
CHEMBL953354	COc1ccc(C(C)(C)C)cc1NC(=O)c1c(C)noc1C	InChI=1S/C17H22N2O3/c1-10-15(11(2)22-19-10)16(20)18-13-9-12(17(3,4)5)7-8-14(13)21-6/h7-9H,1-6H3,(H,18,20)	HOFZBEATRCYGFE-UHFFFAOYSA-N	chembl_36	302.374	3.849840000000003	64.36	0.4117647058823529	O=C(Nc1ccccc1)c1cnoc1	4.0	1.0	True	6.0
CHEMBL3220454	Clc1cc2nc(-c3ccnc4[nH]ccc34)[nH]c2cc1Cl	InChI=1S/C14H8Cl2N4/c15-9-5-11-12(6-10(9)16)20-14(19-11)8-2-4-18-13-7(8)1-3-17-13/h1-6H,(H,17,18)(H,19,20)	NMMQOYPMBWKWSL-UHFFFAOYSA-N	chembl_36	303.15200000000004	4.413000000000001	57.36	0.0	c1ccc2[nH]c(-c3ccnc4[nH]ccc34)nc2c1	2.0	2.0	True	6.0
CHEMBL1138764	CC1(C)OC(=C(C#N)C#N)C(C#N)=C1/C=C/c1ccc(N)cc1	InChI=1S/C18H14N4O/c1-18(2)16(8-5-12-3-6-14(22)7-4-12)15(11-21)17(23-18)13(9-19)10-20/h3-8H,22H2,1-2H3/b8-5+	RBOGNYZSAOQLPE-VMPITWQZSA-N	chembl_36	302.33700000000005	3.2122400000000013	106.61999999999999	0.16666666666666666	C=C1C=C(/C=C/c2ccccc2)CO1	5.0	1.0	True	6.0
CHEMBL1871678	Cc1nc(C)c(S(=O)(=O)NC(=O)c2cccs2)s1	InChI=1S/C10H10N2O3S3/c1-6-10(17-7(2)11-6)18(14,15)12-9(13)8-4-3-5-16-8/h3-5H,1-2H3,(H,12,13)	MBSQDNKUZZQXGS-UHFFFAOYSA-N	chembl_36	302.402	1.9401400000000002	76.13	0.2	O=C(NS(=O)(=O)c1cncs1)c1cccs1	6.0	1.0	True	5.0
CHEMBL1884345	N#Cc1c(Cl)nsc1NCC1(c2ccccc2)CCC1	InChI=1S/C15H14ClN3S/c16-13-12(9-17)14(20-19-13)18-10-15(7-4-8-15)11-5-2-1-3-6-11/h1-3,5-6,18H,4,7-8,10H2	OCMKSNIRJWOVFE-UHFFFAOYSA-N	chembl_36	303.81800000000015	4.201980000000002	48.71	0.3333333333333333	c1ccc(C2(CNc3ccns3)CCC2)cc1	4.0	1.0	True	6.0
CHEMBL830675	Cn1cc(SCC(=O)Nc2nccs2)c2ccccc21	InChI=1S/C14H13N3OS2/c1-17-8-12(10-4-2-3-5-11(10)17)20-9-13(18)16-14-15-6-7-19-14/h2-8H,9H2,1H3,(H,15,16,18)	VPRQXDRHRDWCGT-UHFFFAOYSA-N	chembl_36	303.4120000000001	3.3656000000000015	46.92	0.14285714285714285	O=C(CSc1c[nH]c2ccccc12)Nc1nccs1	5.0	1.0	True	6.0
CHEMBL2887397	COc1ccc(C)cc1CCNC(=O)C1=NN(C)C(=O)CC1	InChI=1S/C16H21N3O3/c1-11-4-6-14(22-3)12(10-11)8-9-17-16(21)13-5-7-15(20)19(2)18-13/h4,6,10H,5,7-9H2,1-3H3,(H,17,21)	YCKURUJGJKQHOV-UHFFFAOYSA-N	chembl_36	303.3620000000001	1.2705199999999999	71.0	0.4375	O=C1CCC(C(=O)NCCc2ccccc2)=NN1	4.0	1.0	True	6.0
CHEMBL1830076	O=C(c1ccccc1)N(C(=O)c1ccccc1)c1ccncn1	InChI=1S/C18H13N3O2/c22-17(14-7-3-1-4-8-14)21(16-11-12-19-13-20-16)18(23)15-9-5-2-6-10-15/h1-13H	QFYDIYAWBVQTBL-UHFFFAOYSA-N	chembl_36	303.321	2.963800000000001	63.160000000000004	0.0	O=C(c1ccccc1)N(C(=O)c1ccccc1)c1ccncn1	4.0	0.0	True	6.0
CHEMBL782266	CCCCn1c(N)c(N(CC(C)C)C(=O)c2oc3ccc(OC)cc3c2C)c(=O)[nH]c1=O	InChI=1S/C23H30N4O5/c1-6-7-10-26-20(24)18(21(28)25-23(26)30)27(12-13(2)3)22(29)19-14(4)16-11-15(31-5)8-9-17(16)32-19/h8-9,11,13H,6-7,10,12,24H2,1-5H3,(H,25,28,30)	ZSHWFZKUSSBWKD-UHFFFAOYSA-N	chembl_36	442.5160000000002	3.2849200000000014	123.56	0.43478260869565216	O=C(Nc1c[nH]c(=O)[nH]c1=O)c1cc2ccccc2o1	7.0	2.0	True	6.0
CHEMBL1515086	C[C@@H]1CN(C(=O)C(=O)c2c[nH]c3c(-n4nccn4)ccnc23)CCN1C(=O)c1ccccc1	InChI=1S/C23H21N7O3/c1-15-14-28(11-12-29(15)22(32)16-5-3-2-4-6-16)23(33)21(31)17-13-25-20-18(7-8-24-19(17)20)30-26-9-10-27-30/h2-10,13,15,25H,11-12,14H2,1H3/t15-/m1/s1	LKULNNBUWWEKRR-OAHLLOKOSA-N	chembl_36	443.4670000000002	1.6993999999999994	117.08000000000001	0.21739130434782608	O=C(C(=O)N1CCN(C(=O)c2ccccc2)CC1)c1c[nH]c2c(-n3nccn3)ccnc12	7.0	1.0	True	6.0
CHEMBL1119918	CC(=O)c1ccc(S(=O)(=O)NCCC(=O)NC2CCN(Cc3ccccc3)CC2)cc1	InChI=1S/C23H29N3O4S/c1-18(27)20-7-9-22(10-8-20)31(29,30)24-14-11-23(28)25-21-12-15-26(16-13-21)17-19-5-3-2-4-6-19/h2-10,21,24H,11-17H2,1H3,(H,25,28)	WUQPFJUPEIVTFA-UHFFFAOYSA-N	chembl_36	443.56900000000024	2.3384	95.58	0.391304347826087	O=C(CCNS(=O)(=O)c1ccccc1)NC1CCN(Cc2ccccc2)CC1	5.0	2.0	True	6.0
CHEMBL77877	NC(=O)N1C(=O)/C(=C(\OC(=O)c2cccnc2)c2cccs2)c2cc(F)c(Cl)cc21	InChI=1S/C20H11ClFN3O4S/c21-12-8-14-11(7-13(12)22)16(18(26)25(14)20(23)28)17(15-4-2-6-30-15)29-19(27)10-3-1-5-24-9-10/h1-9H,(H2,23,28)/b17-16-	BCOFYFZYCYNUNE-MSUUIHNZSA-N	chembl_36	443.84300000000013	4.086200000000002	102.59000000000002	0.0	O=C1Nc2ccccc2/C1=C(/OC(=O)c1cccnc1)c1cccs1	6.0	1.0	True	6.0
CHEMBL2024433	CC(=O)N[C@@H](C)c1ccc(O[C@@H]2CCN(c3ccnc(OC4CCCC4)c3Cl)C2)cc1	InChI=1S/C24H30ClN3O3/c1-16(27-17(2)29)18-7-9-20(10-8-18)30-21-12-14-28(15-21)22-11-13-26-24(23(22)25)31-19-5-3-4-6-19/h7-11,13,16,19,21H,3-6,12,14-15H2,1-2H3,(H,27,29)/t16-,21+/m0/s1	UIYLKDUKTLREKT-HRAATJIYSA-N	chembl_36	443.97500000000025	4.911200000000005	63.69	0.5	c1ccc(O[C@@H]2CCN(c3ccnc(OC4CCCC4)c3)C2)cc1	5.0	1.0	True	6.0
CHEMBL768365	COc1ccc(OCc2nc3cc(S(=O)(=O)Nc4ccccc4Cl)ccc3[nH]2)cc1	InChI=1S/C21H18ClN3O4S/c1-28-14-6-8-15(9-7-14)29-13-21-23-19-11-10-16(12-20(19)24-21)30(26,27)25-18-5-3-2-4-17(18)22/h2-12,25H,13H2,1H3,(H,23,24)	HWLJMRCAZAIXDW-UHFFFAOYSA-N	chembl_36	443.9120000000001	4.604700000000003	93.31	0.09523809523809523	O=S(=O)(Nc1ccccc1)c1ccc2[nH]c(COc3ccccc3)nc2c1	5.0	2.0	True	6.0
CHEMBL3165581	COc1ccc(OCCn2cnc3cnc(C#N)cc3c2=O)c(-c2cccc(C(=O)O)c2)c1	InChI=1S/C24H18N4O5/c1-32-18-5-6-22(19(11-18)15-3-2-4-16(9-15)24(30)31)33-8-7-28-14-27-21-13-26-17(12-25)10-20(21)23(28)29/h2-6,9-11,13-14H,7-8H2,1H3,(H,30,31)	KPXOJCXULTUFPL-UHFFFAOYSA-N	chembl_36	442.4310000000002	3.1159800000000013	127.33	0.125	O=c1c2ccncc2ncn1CCOc1ccccc1-c1ccccc1	8.0	1.0	True	6.0
CHEMBL94439	c1csc(-n2cc(CCCCN3CCC4(CC3)OCc3ccccc34)c3ccccc32)c1	InChI=1S/C28H30N2OS/c1-3-11-25-23(9-1)21-31-28(25)14-17-29(18-15-28)16-6-5-8-22-20-30(27-13-7-19-32-27)26-12-4-2-10-24(22)26/h1-4,7,9-13,19-20H,5-6,8,14-18,21H2	XQHBRYRWTUEGGP-UHFFFAOYSA-N	chembl_36	442.6280000000001	6.536200000000006	17.4	0.35714285714285715	c1csc(-n2cc(CCCCN3CCC4(CC3)OCc3ccccc34)c3ccccc32)c1	4.0	0.0	True	6.0
CHEMBL58385	COc1ccc(CN(CCN2CCN(C/C=C/c3ccccc3)CC2)c2ccccn2)cc1	InChI=1S/C28H34N4O/c1-33-27-14-12-26(13-15-27)24-32(28-11-5-6-16-29-28)23-22-31-20-18-30(19-21-31)17-7-10-25-8-3-2-4-9-25/h2-16H,17-24H2,1H3/b10-7+	MHMSJQGEVKUFEQ-JXMROGBWSA-N	chembl_36	442.60700000000014	4.427800000000004	31.840000000000003	0.32142857142857145	C(=C/c1ccccc1)\CN1CCN(CCN(Cc2ccccc2)c2ccccn2)CC1	5.0	0.0	True	6.0
CHEMBL1789300	O=C(Nc1ccc(Cl)cc1)NC1CCN(CCn2c(=O)ccc3ncc(F)cc32)CC1	InChI=1S/C22H23ClFN5O2/c23-15-1-3-17(4-2-15)26-22(31)27-18-7-9-28(10-8-18)11-12-29-20-13-16(24)14-25-19(20)5-6-21(29)30/h1-6,13-14,18H,7-12H2,(H2,26,27,31)	BYFOCGVKHVBAOT-UHFFFAOYSA-N	chembl_36	443.9100000000002	3.475100000000002	79.26	0.3181818181818182	O=C(Nc1ccccc1)NC1CCN(CCn2c(=O)ccc3ncccc32)CC1	5.0	2.0	True	6.0
CHEMBL1625643	Cc1ccc(OC(=O)c2ccc3c(c2)C(=O)N(c2cccc4ccccc24)C3=O)cc1	InChI=1S/C26H17NO4/c1-16-9-12-19(13-10-16)31-26(30)18-11-14-21-22(15-18)25(29)27(24(21)28)23-8-4-6-17-5-2-3-7-20(17)23/h2-15H,1H3	PDTPSCZKFUCVKD-UHFFFAOYSA-N	chembl_36	407.4250000000001	5.168020000000004	63.68000000000001	0.038461538461538464	O=C(Oc1ccccc1)c1ccc2c(c1)C(=O)N(c1cccc3ccccc13)C2=O	4.0	0.0	True	6.0
CHEMBL2582378	CCn1cc(-c2c(-c3ccccc3)ncn2Cc2sc(COC)nc2C)c(C)n1	InChI=1S/C22H25N5OS/c1-5-27-11-18(15(2)25-27)22-21(17-9-7-6-8-10-17)23-14-26(22)12-19-16(3)24-20(29-19)13-28-4/h6-11,14H,5,12-13H2,1-4H3	DSUNHEMQHZQXRO-UHFFFAOYSA-N	chembl_36	407.54300000000023	4.701540000000003	57.760000000000005	0.3181818181818182	c1ccc(-c2ncn(Cc3cncs3)c2-c2cn[nH]c2)cc1	7.0	0.0	True	6.0
CHEMBL938808	CCOc1ccccc1CN1C(=O)c2ccccc2C1C(=O)NC1CCCCCC1	InChI=1S/C25H30N2O3/c1-2-30-22-16-10-7-11-18(22)17-27-23(20-14-8-9-15-21(20)25(27)29)24(28)26-19-12-5-3-4-6-13-19/h7-11,14-16,19,23H,2-6,12-13,17H2,1H3,(H,26,28)	OVPYIGMWRIJHIX-UHFFFAOYSA-N	chembl_36	406.52600000000024	4.621400000000004	58.64	0.44	O=C(NC1CCCCCC1)C1c2ccccc2C(=O)N1Cc1ccccc1	3.0	1.0	True	7.0
CHEMBL1942100	COc1ccccc1-c1ccc2c(c1)[C@H]1[C@H](CCN1C(=O)C1CCCC1)[C@@H](CO)N2	InChI=1S/C25H30N2O3/c1-30-23-9-5-4-8-18(23)17-10-11-21-20(14-17)24-19(22(15-28)26-21)12-13-27(24)25(29)16-6-2-3-7-16/h4-5,8-11,14,16,19,22,24,26,28H,2-3,6-7,12-13,15H2,1H3/t19-,22-,24-/m1/s1	CPFYXLYEJJVGPX-ZFJSRUIDSA-N	chembl_36	406.52600000000024	4.228400000000003	61.8	0.48	O=C(C1CCCC1)N1CC[C@@H]2CNc3ccc(-c4ccccc4)cc3[C@@H]21	4.0	2.0	True	6.0
CHEMBL708145	CN1CCN(C2Cc3ccccc3Sc3ccc(Cc4nnn(C)n4)cc32)CC1	InChI=1S/C22H26N6S/c1-26-9-11-28(12-10-26)19-15-17-5-3-4-6-20(17)29-21-8-7-16(13-18(19)21)14-22-23-25-27(2)24-22/h3-8,13,19H,9-12,14-15H2,1-2H3	HMSQOZVGOAWQNS-UHFFFAOYSA-N	chembl_36	406.55900000000025	2.7967000000000013	50.080000000000005	0.4090909090909091	c1ccc2c(c1)CC(N1CCNCC1)c1cc(Cc3nn[nH]n3)ccc1S2	7.0	0.0	True	7.0
CHEMBL2940001	COc1cc(NC(=O)OCc2ccccc2)nc(C(=O)Nc2cccc(CN)c2)c1	InChI=1S/C22H22N4O4/c1-29-18-11-19(21(27)24-17-9-5-8-16(10-17)13-23)25-20(12-18)26-22(28)30-14-15-6-3-2-4-7-15/h2-12H,13-14,23H2,1H3,(H,24,27)(H,25,26,28)	CDXMVOJHEHNJME-UHFFFAOYSA-N	chembl_36	406.4420000000002	3.549900000000001	115.57000000000001	0.13636363636363635	O=C(Nc1cccc(C(=O)Nc2ccccc2)n1)OCc1ccccc1	6.0	3.0	True	6.0
CHEMBL1360730	Cc1ccc(N2C(=O)/C(=C\c3ccc(-c4ccc(F)cc4)o3)C(=O)NC2=S)cc1	InChI=1S/C22H15FN2O3S/c1-13-2-8-16(9-3-13)25-21(27)18(20(26)24-22(25)29)12-17-10-11-19(28-17)14-4-6-15(23)7-5-14/h2-12H,1H3,(H,24,26,29)/b18-12-	AGFGXOMLKJFWSA-PDGQHHTCSA-N	chembl_36	406.4380000000001	4.225420000000003	62.550000000000004	0.045454545454545456	O=C1NC(=S)N(c2ccccc2)C(=O)/C1=C\c1ccc(-c2ccccc2)o1	4.0	1.0	True	6.0
CHEMBL2152081	CCc1cc(CNc2cc(Cl)nn3c(-c4ccc(OC)cc4)c(C)nc23)ccn1	InChI=1S/C22H22ClN5O/c1-4-17-11-15(9-10-24-17)13-25-19-12-20(23)27-28-21(14(2)26-22(19)28)16-5-7-18(29-3)8-6-16/h5-12,25H,4,13H2,1-3H3	WPVNZKRDXBNIBL-UHFFFAOYSA-N	chembl_36	407.90500000000014	4.936220000000004	64.34	0.22727272727272727	c1ccc(-c2cnc3c(NCc4ccncc4)ccnn23)cc1	6.0	1.0	True	6.0
CHEMBL1624693	COc1ncncc1-c1cnc(N)c(O[C@H](C)c2cc(F)ccc2-n2nccn2)c1	InChI=1S/C20H18FN7O2/c1-12(15-8-14(21)3-4-17(15)28-26-5-6-27-28)30-18-7-13(9-24-19(18)22)16-10-23-11-25-20(16)29-2/h3-12H,1-2H3,(H2,22,24)/t12-/m1/s1	ZLVZNPRGPNGYIO-GFCCVEGCSA-N	chembl_36	407.40900000000005	2.989200000000001	113.86000000000001	0.15	c1ccc(-n2nccn2)c(COc2cncc(-c3cncnc3)c2)c1	9.0	1.0	True	6.0
CHEMBL914208	CN[C@@H](C)C(=O)N[C@H]1CCCCN(CC(=O)NNc2ccccc2)C1=O.O=CO	InChI=1S/C18H27N5O3.CH2O2/c1-13(19-2)17(25)20-15-10-6-7-11-23(18(15)26)12-16(24)22-21-14-8-4-3-5-9-14;2-1-3/h3-5,8-9,13,15,19,21H,6-7,10-12H2,1-2H3,(H,20,25)(H,22,24);1H,(H,2,3)/t13-,15-;/m0./s1	HCVMMHUGIYWRSQ-SLHAJLBXSA-N	chembl_36	407.47100000000006	-0.0642999999999963	139.86999999999998	0.47368421052631576	O=C(CN1CCCCCC1=O)NNc1ccccc1	6.0	5.0	True	7.0
CHEMBL399082	Nc1ccccc1NC(=O)c1ccc(N2CCn3c(Cc4ccccc4)cnc3C2)nc1	InChI=1S/C25H24N6O/c26-21-8-4-5-9-22(21)29-25(32)19-10-11-23(27-15-19)30-12-13-31-20(16-28-24(31)17-30)14-18-6-2-1-3-7-18/h1-11,15-16H,12-14,17,26H2,(H,29,32)	JEQVJDUQDHIWNV-UHFFFAOYSA-N	chembl_36	424.50800000000015	3.723600000000003	89.07000000000001	0.16	O=C(Nc1ccccc1)c1ccc(N2CCn3c(Cc4ccccc4)cnc3C2)nc1	6.0	2.0	True	6.0
CHEMBL820717	O=C(COC(=O)CNS(=O)(=O)c1ccc(Br)cc1Cl)NC1CC1	InChI=1S/C13H14BrClN2O5S/c14-8-1-4-11(10(15)5-8)23(20,21)16-6-13(19)22-7-12(18)17-9-2-3-9/h1,4-5,9,16H,2-3,6-7H2,(H,17,18)	MRSIEIYUZAECDS-UHFFFAOYSA-N	chembl_36	425.6880000000001	1.2026000000000001	101.57	0.38461538461538464	O=C(COC(=O)CNS(=O)(=O)c1ccccc1)NC1CC1	5.0	2.0	True	6.0
CHEMBL2699220	c1ccc2c(CCCc3nc4nccc(-c5ccc6c(c5)OCCCO6)n4n3)c[nH]c2c1	InChI=1S/C25H23N5O2/c1-2-7-20-19(6-1)18(16-27-20)5-3-8-24-28-25-26-12-11-21(30(25)29-24)17-9-10-22-23(15-17)32-14-4-13-31-22/h1-2,6-7,9-12,15-16,27H,3-5,8,13-14H2	YMCIGHFYHBKYEH-UHFFFAOYSA-N	chembl_36	425.49200000000025	4.609200000000003	77.33000000000001	0.24	c1ccc2c(CCCc3nc4nccc(-c5ccc6c(c5)OCCCO6)n4n3)c[nH]c2c1	6.0	1.0	True	7.0
CHEMBL135676	CCN1C(=S)N(c2ccc(N3CCN(c4ccc(O)cc4)CC3)cc2)C(=O)C1(C)C	InChI=1S/C23H28N4O2S/c1-4-26-22(30)27(21(29)23(26,2)3)19-7-5-17(6-8-19)24-13-15-25(16-14-24)18-9-11-20(28)12-10-18/h5-12,28H,4,13-16H2,1-3H3	AHWDHLCCXRVAIC-UHFFFAOYSA-N	chembl_36	424.5700000000002	3.450800000000002	50.26	0.391304347826087	O=C1CNC(=S)N1c1ccc(N2CCN(c3ccccc3)CC2)cc1	5.0	1.0	True	6.0
CHEMBL1213944	Cn1c(=O)c2c(nc(Oc3ccc4c(c3)OCO4)n2Cc2ccc(F)cc2)n(C)c1=O	InChI=1S/C21H17FN4O5/c1-24-18-17(19(27)25(2)21(24)28)26(10-12-3-5-13(22)6-4-12)20(23-18)31-14-7-8-15-16(9-14)30-11-29-15/h3-9H,10-11H2,1-2H3	MHBUFZBYNOVUEZ-UHFFFAOYSA-N	chembl_36	424.38800000000015	2.1420999999999992	89.51000000000002	0.19047619047619047	O=c1[nH]c(=O)c2c(nc(Oc3ccc4c(c3)OCO4)n2Cc2ccccc2)[nH]1	9.0	0.0	True	6.0
CHEMBL2183730	O=C(Nc1cc(Cl)cc(Cl)c1)[C@H]1CCCN(c2nc3nc(Cl)ccc3[nH]2)C1	InChI=1S/C18H16Cl3N5O/c19-11-6-12(20)8-13(7-11)22-17(27)10-2-1-5-26(9-10)18-23-14-3-4-15(21)24-16(14)25-18/h3-4,6-8,10H,1-2,5,9H2,(H,22,27)(H,23,24,25)/t10-/m0/s1	SWACRBVMHJMCAM-JTQLQIEISA-N	chembl_36	424.7190000000001	4.773200000000003	73.91	0.2777777777777778	O=C(Nc1ccccc1)[C@H]1CCCN(c2nc3ncccc3[nH]2)C1	4.0	2.0	True	6.0
CHEMBL1999326	CC(C)n1cc(C(=O)c2cncc(NC(=O)c3cc4ccccc4[nH]3)c2)c2cncnc21	InChI=1S/C24H20N6O2/c1-14(2)30-12-19(18-11-26-13-27-23(18)30)22(31)16-7-17(10-25-9-16)28-24(32)21-8-15-5-3-4-6-20(15)29-21/h3-14,29H,1-2H3,(H,28,32)	FCLAWUSGFQFBCE-UHFFFAOYSA-N	chembl_36	424.4640000000001	4.371800000000002	105.56	0.125	O=C(Nc1cncc(C(=O)c2c[nH]c3ncncc23)c1)c1cc2ccccc2[nH]1	6.0	2.0	True	6.0
CHEMBL668717	O=C(O)[C@@H]1CCCN(CCO/N=C(/c2ccc(F)cc2F)c2cc(F)ccc2F)C1	InChI=1S/C21H20F4N2O3/c22-14-4-6-18(24)17(10-14)20(16-5-3-15(23)11-19(16)25)26-30-9-8-27-7-1-2-13(12-27)21(28)29/h3-6,10-11,13H,1-2,7-9,12H2,(H,28,29)/b26-20-/t13-/m1/s1	DSSDBYLZLQBZJO-WLBMUGLSSA-N	chembl_36	424.3940000000001	3.808600000000003	62.129999999999995	0.3333333333333333	c1ccc(C(=NOCCN2CCCCC2)c2ccccc2)cc1	4.0	1.0	True	6.0
CHEMBL1060221	C[C@H](NC(=O)c1cccc2c1N(Cc1cccc(C#N)c1)CC2)c1ccc(C(=O)O)cc1	InChI=1S/C26H23N3O3/c1-17(20-8-10-22(11-9-20)26(31)32)28-25(30)23-7-3-6-21-12-13-29(24(21)23)16-19-5-2-4-18(14-19)15-27/h2-11,14,17H,12-13,16H2,1H3,(H,28,30)(H,31,32)/t17-/m0/s1	GANVCUYCBMCPIX-KRWDZBQOSA-N	chembl_36	425.48800000000017	4.3101800000000035	93.43	0.19230769230769232	O=C(NCc1ccccc1)c1cccc2c1N(Cc1ccccc1)CC2	4.0	2.0	True	6.0
CHEMBL2528231	Nc1n[nH]c(N2CCC(N3CCS(=O)(=O)C[C@@H]3Cc3ccc(Cl)cc3)CC2)n1	InChI=1S/C18H25ClN6O2S/c19-14-3-1-13(2-4-14)11-16-12-28(26,27)10-9-25(16)15-5-7-24(8-6-15)18-21-17(20)22-23-18/h1-4,15-16H,5-12H2,(H3,20,21,22,23)/t16-/m0/s1	CCZUIJXVLDHFRC-INIZCTEOSA-N	chembl_36	424.95800000000014	1.3508	108.21	0.5555555555555556	O=S1(=O)CCN(C2CCN(c3ncn[nH]3)CC2)[C@@H](Cc2ccccc2)C1	7.0	2.0	True	6.0
CHEMBL2895128	Cc1ncsc1CCOc1ncccc1C(F)(F)F	InChI=1S/C12H11F3N2OS/c1-8-10(19-7-17-8)4-6-18-11-9(12(13,14)15)3-2-5-16-11/h2-3,5,7H,4,6H2,1H3	MKFANGBBIPPCFY-UHFFFAOYSA-N	chembl_36	288.294	3.4868200000000025	35.010000000000005	0.3333333333333333	c1ccc(OCCc2cncs2)nc1	4.0	0.0	True	6.0
CHEMBL955410	Cc1nc2nc(COc3ccccc3)nn2c(C)c1Cl	InChI=1S/C14H13ClN4O/c1-9-13(15)10(2)19-14(16-9)17-12(18-19)8-20-11-6-4-3-5-7-11/h3-7H,8H2,1-2H3	VPKFJJXIQLLIRN-UHFFFAOYSA-N	chembl_36	288.73800000000006	2.9735400000000016	52.31	0.21428571428571427	c1ccc(OCc2nc3ncccn3n2)cc1	5.0	0.0	True	6.0
CHEMBL2662111	C[C@H]1COC(C)(C)CN1C(=O)Nc1ccc(C2CC2)cn1	InChI=1S/C16H23N3O2/c1-11-9-21-16(2,3)10-19(11)15(20)18-14-7-6-13(8-17-14)12-4-5-12/h6-8,11-12H,4-5,9-10H2,1-3H3,(H,17,18,20)/t11-/m0/s1	LVCNUMGEJJAYIJ-NSHDSACASA-N	chembl_36	289.379	2.9902000000000015	54.46	0.625	O=C(Nc1ccc(C2CC2)cn1)N1CCOCC1	3.0	1.0	True	6.0
CHEMBL1319447	C(=N/Nc1nnc2c(n1)[nH]c1ccccc12)\c1cccnc1	InChI=1S/C15H11N7/c1-2-6-12-11(5-1)13-14(18-12)19-15(22-20-13)21-17-9-10-4-3-7-16-8-10/h1-9H,(H2,18,19,21,22)/b17-9+	RSFGPHAYVGOZNX-RQZCQDPDSA-N	chembl_36	289.302	2.3471	91.74	0.0	C(=N/Nc1nnc2c(n1)[nH]c1ccccc12)\c1cccnc1	6.0	2.0	True	6.0
CHEMBL3144890	O=C1CC2(CCN(c3ccc([N+](=O)[O-])cc3)CC2)C(=O)N1	InChI=1S/C14H15N3O4/c18-12-9-14(13(19)15-12)5-7-16(8-6-14)10-1-3-11(4-2-10)17(20)21/h1-4H,5-9H2,(H,15,18,19)	ABDRQTZVJGPIIM-UHFFFAOYSA-N	chembl_36	289.291	1.2279	92.55000000000001	0.42857142857142855	O=C1CC2(CCN(c3ccccc3)CC2)C(=O)N1	5.0	1.0	True	6.0
CHEMBL776585	CCOc1ccc(OCC)c(NC(=O)Cn2cccc2)c1	InChI=1S/C16H20N2O3/c1-3-20-13-7-8-15(21-4-2)14(11-13)17-16(19)12-18-9-5-6-10-18/h5-11H,3-4,12H2,1-2H3,(H,17,19)	HWDGZPXIWFFMSQ-UHFFFAOYSA-N	chembl_36	288.347	2.924200000000001	52.49	0.3125	O=C(Cn1cccc1)Nc1ccccc1	4.0	1.0	True	6.0
CHEMBL1219790	C=CCn1c(SC)nnc1C1COc2ccccc2O1	InChI=1S/C14H15N3O2S/c1-3-8-17-13(15-16-14(17)20-2)12-9-18-10-6-4-5-7-11(10)19-12/h3-7,12H,1,8-9H2,2H3	MQRQMMSRNAJQHN-UHFFFAOYSA-N	chembl_36	289.36	2.698500000000001	49.17	0.2857142857142857	c1ccc2c(c1)OCC(c1nnc[nH]1)O2	6.0	0.0	True	6.0
CHEMBL2590661	N#Cc1ccc(CNC(=O)NCc2ccsc2)c(F)c1	InChI=1S/C14H12FN3OS/c15-13-5-10(6-16)1-2-12(13)8-18-14(19)17-7-11-3-4-20-9-11/h1-5,9H,7-8H2,(H2,17,18,19)	IZBYVSRNRAQRJO-UHFFFAOYSA-N	chembl_36	289.33500000000004	2.758280000000001	64.92	0.14285714285714285	O=C(NCc1ccccc1)NCc1ccsc1	3.0	2.0	True	6.0
CHEMBL2908875	O=c1oc(-c2cnccn2)nn1Cc1ccccc1Cl	InChI=1S/C13H9ClN4O2/c14-10-4-2-1-3-9(10)8-18-13(19)20-12(17-18)11-7-15-5-6-16-11/h1-7H,8H2	YPZAZETWQIWYFD-UHFFFAOYSA-N	chembl_36	288.69399999999996	1.9949999999999999	73.81	0.07692307692307693	O=c1oc(-c2cnccn2)nn1Cc1ccccc1	6.0	0.0	True	6.0
CHEMBL1899081	O=c1cc(N2CCNCC2)cnn1CCCn1cccn1	InChI=1S/C14H20N6O/c21-14-11-13(18-9-4-15-5-10-18)12-17-20(14)8-2-7-19-6-1-3-16-19/h1,3,6,11-12,15H,2,4-5,7-10H2	XYVPXBVXCJUQAC-UHFFFAOYSA-N	chembl_36	288.355	-0.060299999999999576	67.98	0.5	O=c1cc(N2CCNCC2)cnn1CCCn1cccn1	7.0	1.0	True	6.0
CHEMBL2846808	CC(C)Oc1ccc(COc2ccc3c(c2)CN(S(=O)(=O)CCCO)CC3)cc1C#N	InChI=1S/C23H28N2O5S/c1-17(2)30-23-7-4-18(12-20(23)14-24)16-29-22-6-5-19-8-9-25(15-21(19)13-22)31(27,28)11-3-10-26/h4-7,12-13,17,26H,3,8-11,15-16H2,1-2H3	ZNNSQUSDOUNKTM-UHFFFAOYSA-N	chembl_36	444.5530000000003	2.9947800000000013	99.86000000000001	0.43478260869565216	c1ccc(COc2ccc3c(c2)CNCC3)cc1	6.0	1.0	True	6.0
CHEMBL773215	Cc1c(NC(=O)c2cc(-n3cnnc3)ccc2Cl)cccc1-c1nc2ccccc2s1	InChI=1S/C23H16ClN5OS/c1-14-16(23-28-20-6-2-3-8-21(20)31-23)5-4-7-19(14)27-22(30)17-11-15(9-10-18(17)24)29-12-25-26-13-29/h2-13H,1H3,(H,27,30)	MCVXWJVUIFUNIG-UHFFFAOYSA-N	chembl_36	445.9350000000001	5.7581200000000035	72.7	0.043478260869565216	O=C(Nc1cccc(-c2nc3ccccc3s2)c1)c1cccc(-n2cnnc2)c1	6.0	1.0	True	6.0
CHEMBL985222	Cc1ccc(N=C(S)Nc2ccc(C(C)C)cc2)cc1S(=O)(=O)N1CCCCCC1	InChI=1S/C23H31N3O2S2/c1-17(2)19-9-12-20(13-10-19)24-23(29)25-21-11-8-18(3)22(16-21)30(27,28)26-14-6-4-5-7-15-26/h8-13,16-17H,4-7,14-15H2,1-3H3,(H2,24,25,29)	VCKSZZUSBYOEKT-UHFFFAOYSA-N	chembl_36	445.65400000000034	5.712520000000005	61.77	0.43478260869565216	O=S(=O)(c1cccc(N=CNc2ccccc2)c1)N1CCCCCC1	3.0	2.0	True	7.0
CHEMBL2436616	O=S(=O)(Nc1n[nH]c(SCc2ccc(O)cc2)n1)c1ccc(-c2ccccn2)s1	InChI=1S/C18H15N5O3S3/c24-13-6-4-12(5-7-13)11-27-18-20-17(21-22-18)23-29(25,26)16-9-8-15(28-16)14-3-1-2-10-19-14/h1-10,24H,11H2,(H2,20,21,22,23)	WIDKOHFXXLXMBH-UHFFFAOYSA-N	chembl_36	445.5510000000001	3.7269000000000014	120.86	0.05555555555555555	O=S(=O)(Nc1n[nH]c(SCc2ccccc2)n1)c1ccc(-c2ccccn2)s1	8.0	3.0	True	6.0
CHEMBL909694	COc1ccc(OCC(=O)NCCCCCCNC(=O)COc2ccc(OC)cc2)cc1	InChI=1S/C24H32N2O6/c1-29-19-7-11-21(12-8-19)31-17-23(27)25-15-5-3-4-6-16-26-24(28)18-32-22-13-9-20(30-2)10-14-22/h7-14H,3-6,15-18H2,1-2H3,(H,25,27)(H,26,28)	BNDQQOMJDAUUBW-UHFFFAOYSA-N	chembl_36	444.5280000000002	2.9544000000000006	95.12	0.4166666666666667	O=C(COc1ccccc1)NCCCCCCNC(=O)COc1ccccc1	6.0	2.0	True	6.0
CHEMBL1199538	O/N=C(\NCc1c(F)cccc1F)c1ccc(Oc2ccc3oc4ccccc4c3c2)nc1	InChI=1S/C25H17F2N3O3/c26-20-5-3-6-21(27)19(20)14-29-25(30-31)15-8-11-24(28-13-15)32-16-9-10-23-18(12-16)17-4-1-2-7-22(17)33-23/h1-13,31H,14H2,(H,29,30)	AOEBZWJJLQUTKL-UHFFFAOYSA-N	chembl_36	445.4250000000002	5.9771000000000045	79.88000000000001	0.04	N=C(NCc1ccccc1)c1ccc(Oc2ccc3oc4ccccc4c3c2)nc1	5.0	2.0	True	6.0
CHEMBL3136547	C[C@H]1OC(=O)c2ccc(Nc3cc4c(C(C)(C)N)cnc(OC5CC5)c4cn3)nc2C12CC2	InChI=1S/C25H27N5O3/c1-13-25(8-9-25)21-15(23(31)32-13)6-7-19(30-21)29-20-10-16-17(11-27-20)22(33-14-4-5-14)28-12-18(16)24(2,3)26/h6-7,10-14H,4-5,8-9,26H2,1-3H3,(H,27,29,30)/t13-/m1/s1	JCPIEMFKZSQUHI-CYBMUJFWSA-N	chembl_36	445.52300000000025	4.093900000000002	112.25	0.44	O=C1OCC2(CC2)c2nc(Nc3cc4ccnc(OC5CC5)c4cn3)ccc21	8.0	2.0	True	6.0
CHEMBL1472677	Cn1c(=O)c2c(nc(N3CCN(C(c4ccccc4)c4ccccc4)CC3)n2C)n(C)c1=O	InChI=1S/C25H28N6O2/c1-27-21-22(28(2)25(33)29(3)23(21)32)26-24(27)31-16-14-30(15-17-31)20(18-10-6-4-7-11-18)19-12-8-5-9-13-19/h4-13,20H,14-17H2,1-3H3	DISIDYDQLMTSAR-UHFFFAOYSA-N	chembl_36	444.53900000000027	1.8823	68.30000000000001	0.32	O=c1[nH]c(=O)c2[nH]c(N3CCN(C(c4ccccc4)c4ccccc4)CC3)nc2[nH]1	8.0	0.0	True	6.0
CHEMBL2734366	CN(C)c1cnc2ccc(-c3nc(Nc4ccc(N5CCNCC5)cn4)ncc3F)cc2n1	InChI=1S/C23H24FN9/c1-32(2)21-14-26-18-5-3-15(11-19(18)29-21)22-17(24)13-28-23(31-22)30-20-6-4-16(12-27-20)33-9-7-25-8-10-33/h3-6,11-14,25H,7-10H2,1-2H3,(H,27,28,30,31)	CVBIOKGKBZUACK-UHFFFAOYSA-N	chembl_36	445.5060000000002	2.8401000000000005	94.99000000000001	0.2608695652173913	c1cc(-c2ccc3nccnc3c2)nc(Nc2ccc(N3CCNCC3)cn2)n1	9.0	2.0	True	6.0
CHEMBL1238078	CCc1nc2c(OCc3ccc(OC)cc3)cccn2c1N(C)C(=O)c1ccc(OC)cc1	InChI=1S/C26H27N3O4/c1-5-22-25(28(2)26(30)19-10-14-21(32-4)15-11-19)29-16-6-7-23(24(29)27-22)33-17-18-8-12-20(31-3)13-9-18/h6-16H,5,17H2,1-4H3	QWPLEFBPPMJFGV-UHFFFAOYSA-N	chembl_36	445.51900000000023	4.769500000000004	65.30000000000001	0.23076923076923078	O=C(Nc1cnc2c(OCc3ccccc3)cccn12)c1ccccc1	6.0	0.0	True	6.0
CHEMBL3060342	O=C(O)c1c(O)c(=O)n(CC2CCOCC2)c2ccsc12	InChI=1S/C14H15NO5S/c16-11-10(14(18)19)12-9(3-6-21-12)15(13(11)17)7-8-1-4-20-5-2-8/h3,6,8,16H,1-2,4-5,7H2,(H,18,19)	AIQSVQKGWULOOE-UHFFFAOYSA-N	chembl_36	309.34299999999996	1.8934	88.76	0.42857142857142855	O=c1ccc2sccc2n1CC1CCOCC1	6.0	2.0	True	6.0
CHEMBL1871186	CN(c1ncc(S(N)(=O)=O)s1)C1CCc2ccccc21	InChI=1S/C13H15N3O2S2/c1-16(13-15-8-12(19-13)20(14,17)18)11-7-6-9-4-2-3-5-10(9)11/h2-5,8,11H,6-7H2,1H3,(H2,14,17,18)	XNLXSRKNQJIBMR-UHFFFAOYSA-N	chembl_36	309.416	1.9142	76.29	0.3076923076923077	c1ccc2c(c1)CCC2Nc1nccs1	5.0	1.0	True	6.0
CHEMBL836903	COC(=O)CSC1=C(C#N)C(c2ccsc2)CC(=O)N1	InChI=1S/C13H12N2O3S2/c1-18-12(17)7-20-13-10(5-14)9(4-11(16)15-13)8-2-3-19-6-8/h2-3,6,9H,4,7H2,1H3,(H,15,16)	DEUNITGWHVVPNT-UHFFFAOYSA-N	chembl_36	308.38400000000007	1.9929799999999998	79.19	0.3076923076923077	O=C1CC(c2ccsc2)C=CN1	6.0	1.0	True	6.0
CHEMBL2828148	Cc1ccc(N2CCC[C@H](Nc3ncnc4[nH]ccc34)C2)nn1	InChI=1S/C16H19N7/c1-11-4-5-14(22-21-11)23-8-2-3-12(9-23)20-16-13-6-7-17-15(13)18-10-19-16/h4-7,10,12H,2-3,8-9H2,1H3,(H2,17,18,19,20)/t12-/m0/s1	TXVFPEAAGHNXQS-LBPRGKRZSA-N	chembl_36	309.3770000000001	2.1372199999999992	82.61999999999999	0.375	c1cnnc(N2CCC[C@H](Nc3ncnc4[nH]ccc34)C2)c1	6.0	2.0	True	6.0
CHEMBL1824513	COc1ccc(-c2cccc3nc(NC(=O)C4CC4)nn23)cn1	InChI=1S/C16H15N5O2/c1-23-14-8-7-11(9-17-14)12-3-2-4-13-18-16(20-21(12)13)19-15(22)10-5-6-10/h2-4,7-10H,5-6H2,1H3,(H,19,20,22)	IDAKMDHTFHKJTR-UHFFFAOYSA-N	chembl_36	309.32899999999995	2.1483999999999996	81.41	0.25	O=C(Nc1nc2cccc(-c3cccnc3)n2n1)C1CC1	6.0	1.0	True	6.0
CHEMBL1700272	c1ccc(C2C/C(=N\N3CCOCC3)c3ccccc3O2)cc1	InChI=1S/C19H20N2O2/c1-2-6-15(7-3-1)19-14-17(20-21-10-12-22-13-11-21)16-8-4-5-9-18(16)23-19/h1-9,19H,10-14H2/b20-17+	ZJDMLNNDJAWQMT-LVZFUZTISA-N	chembl_36	308.38100000000003	3.2467000000000024	34.06	0.3157894736842105	c1ccc(C2C/C(=N\N3CCOCC3)c3ccccc3O2)cc1	4.0	0.0	True	6.0
CHEMBL1232630	CN1CCN(C(=O)CNC(=O)Cc2ccc(Cl)cc2)CC1	InChI=1S/C15H20ClN3O2/c1-18-6-8-19(9-7-18)15(21)11-17-14(20)10-12-2-4-13(16)5-3-12/h2-5H,6-11H2,1H3,(H,17,20)	VDRKDWUZQQHMQC-UHFFFAOYSA-N	chembl_36	309.7970000000001	0.7727000000000004	52.65	0.4666666666666667	O=C(Cc1ccccc1)NCC(=O)N1CCNCC1	3.0	1.0	True	6.0
CHEMBL1967100	Cc1ccc(Oc2coc(/C=C/c3ccoc3)cc2=O)c(C)c1	InChI=1S/C19H16O4/c1-13-3-6-18(14(2)9-13)23-19-12-22-16(10-17(19)20)5-4-15-7-8-21-11-15/h3-12H,1-2H3/b5-4+	OBYRUCCTJKUXEH-SNAWJCMRSA-N	chembl_36	308.3330000000001	4.812340000000003	52.580000000000005	0.10526315789473684	O=c1cc(/C=C/c2ccoc2)occ1Oc1ccccc1	4.0	0.0	True	6.0
CHEMBL2691025	NC(=O)C1(NCC(=O)NC2CCCCCCC2)CCCCC1	InChI=1S/C17H31N3O2/c18-16(22)17(11-7-4-8-12-17)19-13-15(21)20-14-9-5-2-1-3-6-10-14/h14,19H,1-13H2,(H2,18,22)(H,20,21)	NTIDRKYKVXUIHI-UHFFFAOYSA-N	chembl_36	309.45400000000006	1.9932999999999985	84.22	0.8823529411764706	O=C(CNC1CCCCC1)NC1CCCCCCC1	3.0	3.0	True	8.0
CHEMBL1899447	Cc1nnc(CN2CCN(C)C3(CCNC(=O)CC3)C2)s1	InChI=1S/C14H23N5OS/c1-11-16-17-13(21-11)9-19-8-7-18(2)14(10-19)4-3-12(20)15-6-5-14/h3-10H2,1-2H3,(H,15,20)	BSIRUCTUCFNXHB-UHFFFAOYSA-N	chembl_36	309.439	0.6328199999999997	61.36000000000001	0.7857142857142857	O=C1CCC2(CCN1)CN(Cc1nncs1)CCN2	6.0	1.0	True	7.0
CHEMBL81094	c1ccc(C2CN(CCCc3cccnc3)Cc3c2[nH]c2ccccc32)cc1	InChI=1S/C25H25N3/c1-2-10-20(11-3-1)22-17-28(15-7-9-19-8-6-14-26-16-19)18-23-21-12-4-5-13-24(21)27-25(22)23/h1-6,8,10-14,16,22,27H,7,9,15,17-18H2	JULFDEFXVAZHOF-UHFFFAOYSA-N	chembl_36	367.49600000000004	5.143200000000005	31.92	0.24	c1ccc(C2CN(CCCc3cccnc3)Cc3c2[nH]c2ccccc32)cc1	2.0	1.0	True	6.0
CHEMBL1144014	CN1CCCc2cc(Cn3cc(C(=O)O)c(=O)c4c(F)cccc43)ccc21	InChI=1S/C21H19FN2O3/c1-23-9-3-4-14-10-13(7-8-17(14)23)11-24-12-15(21(26)27)20(25)19-16(22)5-2-6-18(19)24/h2,5-8,10,12H,3-4,9,11H2,1H3,(H,26,27)	LYLCSJKMZCHIMB-UHFFFAOYSA-N	chembl_36	366.39200000000005	3.2695000000000016	62.54	0.23809523809523808	O=c1ccn(Cc2ccc3c(c2)CCCN3)c2ccccc12	4.0	1.0	True	6.0
CHEMBL1760412	COc1cccc(CN(C)C(=O)c2csc(-c3cccc(OC)c3)c2)c1	InChI=1S/C21H21NO3S/c1-22(13-15-6-4-8-18(10-15)24-2)21(23)17-12-20(26-14-17)16-7-5-9-19(11-16)25-3/h4-12,14H,13H2,1-3H3	BMKAKCKCPAQCSU-UHFFFAOYSA-N	chembl_36	367.4700000000001	4.704500000000004	38.769999999999996	0.19047619047619047	O=C(NCc1ccccc1)c1csc(-c2ccccc2)c1	4.0	0.0	True	6.0
CHEMBL1677191	CCc1cc(CNC(=O)c2ccc(OC)c(OCc3ccccc3)c2)on1	InChI=1S/C21H22N2O4/c1-3-17-12-18(27-23-17)13-22-21(24)16-9-10-19(25-2)20(11-16)26-14-15-7-5-4-6-8-15/h4-12H,3,13-14H2,1-2H3,(H,22,24)	LYIGXIPSVPHGFU-UHFFFAOYSA-N	chembl_36	366.41700000000003	3.7546000000000026	73.59	0.23809523809523808	O=C(NCc1ccno1)c1cccc(OCc2ccccc2)c1	5.0	1.0	True	6.0
CHEMBL1968041	O=C(Nc1ccc(N2C(=O)c3ccccc3C2=O)c(Cl)c1)c1cnc[nH]1	InChI=1S/C18H11ClN4O3/c19-13-7-10(22-16(24)14-8-20-9-21-14)5-6-15(13)23-17(25)11-3-1-2-4-12(11)18(23)26/h1-9H,(H,20,21)(H,22,24)	YIVMEYZFMUFIQM-UHFFFAOYSA-N	chembl_36	366.764	3.1160000000000014	95.16	0.0	O=C(Nc1ccc(N2C(=O)c3ccccc3C2=O)cc1)c1cnc[nH]1	4.0	2.0	True	6.0
CHEMBL877108	O=C(Nc1ccccc1)C1=C[C@H](c2ccccc2)C[C@H](OCCCCO)O1	InChI=1S/C22H25NO4/c24-13-7-8-14-26-21-16-18(17-9-3-1-4-10-17)15-20(27-21)22(25)23-19-11-5-2-6-12-19/h1-6,9-12,15,18,21,24H,7-8,13-14,16H2,(H,23,25)/t18-,21+/m0/s1	BGOHOSUKIBQUFI-GHTZIAJQSA-N	chembl_36	367.4450000000002	3.8283000000000027	67.79	0.3181818181818182	O=C(Nc1ccccc1)C1=C[C@H](c2ccccc2)CCO1	4.0	2.0	True	6.0
CHEMBL1934501	CCOC(=O)[C@]12CCCN(Cc3ccsc3)C[C@H]1CN(CCOC)C2	InChI=1S/C19H30N2O3S/c1-3-24-18(22)19-6-4-7-20(11-16-5-10-25-14-16)12-17(19)13-21(15-19)8-9-23-2/h5,10,14,17H,3-4,6-9,11-13,15H2,1-2H3/t17-,19-/m0/s1	FRCLVJJKSLMWCE-HKUYNNGSSA-N	chembl_36	366.5270000000002	2.4716000000000005	42.010000000000005	0.7368421052631579	c1cc(CN2CCCC3CNC[C@@H]3C2)cs1	6.0	0.0	True	7.0
CHEMBL2566504	CC(=O)Nc1ccc(S(=O)(=O)Cc2nnc(SCC3CC3)o2)cc1	InChI=1S/C15H17N3O4S2/c1-10(19)16-12-4-6-13(7-5-12)24(20,21)9-14-17-18-15(22-14)23-8-11-2-3-11/h4-7,11H,2-3,8-9H2,1H3,(H,16,19)	MVBLLKAJZVQHGW-UHFFFAOYSA-N	chembl_36	367.4520000000001	2.5040000000000004	102.16	0.4	O=S(=O)(Cc1nnc(SCC2CC2)o1)c1ccccc1	7.0	1.0	True	6.0
CHEMBL1696768	O=C(CNC(=O)c1cccs1)N/N=C/c1cccc(Br)c1	InChI=1S/C14H12BrN3O2S/c15-11-4-1-3-10(7-11)8-17-18-13(19)9-16-14(20)12-5-2-6-21-12/h1-8H,9H2,(H,16,20)(H,18,19)/b17-8+	XDGXLDQPSSIXMY-CAOOACKPSA-N	chembl_36	366.24000000000007	2.3907000000000007	70.56	0.07142857142857142	O=C(CNC(=O)c1cccs1)N/N=C/c1ccccc1	4.0	2.0	True	6.0
CHEMBL1949341	Cc1cc2nc(-c3ccc(-c4nnc(-c5ccncc5)o4)cc3)[nH]c2cc1C	InChI=1S/C22H17N5O/c1-13-11-18-19(12-14(13)2)25-20(24-18)15-3-5-16(6-4-15)21-26-27-22(28-21)17-7-9-23-10-8-17/h3-12H,1-2H3,(H,24,25)	SMCLPQQVVAWXMX-UHFFFAOYSA-N	chembl_36	367.4120000000001	4.958740000000003	80.49000000000001	0.09090909090909091	c1ccc2[nH]c(-c3ccc(-c4nnc(-c5ccncc5)o4)cc3)nc2c1	5.0	1.0	True	6.0
CHEMBL2178761	O=C(/C=C/c1cccnc1)Nc1ccc(S(=O)(=O)c2cncc(N3CCCC3)c2)cc1	InChI=1S/C23H22N4O3S/c28-23(10-5-18-4-3-11-24-15-18)26-19-6-8-21(9-7-19)31(29,30)22-14-20(16-25-17-22)27-12-1-2-13-27/h3-11,14-17H,1-2,12-13H2,(H,26,28)/b10-5+	LCQIWXYMSHHYEZ-BJMVGYQFSA-N	chembl_36	434.5210000000003	3.5615000000000023	92.25999999999999	0.17391304347826086	O=C(/C=C/c1cccnc1)Nc1ccc(S(=O)(=O)c2cncc(N3CCCC3)c2)cc1	6.0	1.0	True	6.0
CHEMBL940701	CCOc1ccc2nc(O)c(CN(CCc3ccccc3)C(=O)N3CCOCC3)cc2c1	InChI=1S/C25H29N3O4/c1-2-32-22-8-9-23-20(17-22)16-21(24(29)26-23)18-28(11-10-19-6-4-3-5-7-19)25(30)27-12-14-31-15-13-27/h3-9,16-17H,2,10-15,18H2,1H3,(H,26,29)	CFALBKWQXWRKRB-UHFFFAOYSA-N	chembl_36	435.5240000000002	3.836000000000003	75.13000000000001	0.36	O=C(N1CCOCC1)N(CCc1ccccc1)Cc1cnc2ccccc2c1	5.0	1.0	True	6.0
CHEMBL1838199	COc1ccccc1N1CCN(CCCNC(=O)CCCc2c[nH]c3ccccc23)CC1	InChI=1S/C26H34N4O2/c1-32-25-12-5-4-11-24(25)30-18-16-29(17-19-30)15-7-14-27-26(31)13-6-8-21-20-28-23-10-3-2-9-22(21)23/h2-5,9-12,20,28H,6-8,13-19H2,1H3,(H,27,31)	PDKZRJZOEVFDRV-UHFFFAOYSA-N	chembl_36	434.58400000000023	3.827700000000002	60.6	0.4230769230769231	O=C(CCCc1c[nH]c2ccccc12)NCCCN1CCN(c2ccccc2)CC1	4.0	2.0	True	6.0
CHEMBL134301	NC(=O)C(Cc1c[nH]cn1)NC(=O)[C@@H](Cc1ccccc1)NC(=O)OCc1ccccc1	InChI=1S/C23H25N5O4/c24-21(29)19(12-18-13-25-15-26-18)27-22(30)20(11-16-7-3-1-4-8-16)28-23(31)32-14-17-9-5-2-6-10-17/h1-10,13,15,19-20H,11-12,14H2,(H2,24,29)(H,25,26)(H,27,30)(H,28,31)/t19?,20-/m1/s1	YEEILQVFWQCOPU-GFOWMXPYSA-N	chembl_36	435.48400000000015	1.4600000000000009	139.2	0.21739130434782608	O=C(N[C@H](Cc1ccccc1)C(=O)NCCc1c[nH]cn1)OCc1ccccc1	5.0	4.0	True	6.0
CHEMBL2245191	COc1ccc(-n2c(-c3ccc(OCc4ccccc4)cc3)nc3ccccc3c2=O)cc1	InChI=1S/C28H22N2O3/c1-32-23-17-13-22(14-18-23)30-27(29-26-10-6-5-9-25(26)28(30)31)21-11-15-24(16-12-21)33-19-20-7-3-2-4-8-20/h2-18H,19H2,1H3	VRHJLLIQOLLIST-UHFFFAOYSA-N	chembl_36	434.4950000000001	5.640300000000005	53.35	0.07142857142857142	O=c1c2ccccc2nc(-c2ccc(OCc3ccccc3)cc2)n1-c1ccccc1	5.0	0.0	True	6.0
CHEMBL2846337	O=C(Cc1ccccc1OP(=O)(O)O)NCC[C@@H]1N[C@@H](C(=O)O)[C@@H](O)[C@H](O)[C@H]1O	InChI=1S/C16H23N2O10P/c19-11(7-8-3-1-2-4-10(8)28-29(25,26)27)17-6-5-9-13(20)15(22)14(21)12(18-9)16(23)24/h1-4,9,12-15,18,20-22H,5-7H2,(H,17,19)(H,23,24)(H2,25,26,27)/t9-,12+,13-,14+,15+/m0/s1	VETOJXZNHNEKLG-KGKICYMHSA-N	chembl_36	434.3380000000001	-2.285399999999998	205.87999999999997	0.5	O=C(Cc1ccccc1)NCC[C@H]1CCCCN1	8.0	8.0	True	6.0
CHEMBL3219812	CC(=O)Nc1cccc(-c2cccc(Cn3c(=O)c(O)c(C(=O)O)c4sccc43)c2)c1	InChI=1S/C23H18N2O5S/c1-13(26)24-17-7-3-6-16(11-17)15-5-2-4-14(10-15)12-25-18-8-9-31-21(18)19(23(29)30)20(27)22(25)28/h2-11,27H,12H2,1H3,(H,24,26)(H,29,30)	TXCNCRBZUZCDBS-UHFFFAOYSA-N	chembl_36	434.4730000000001	4.140500000000002	108.63000000000001	0.08695652173913043	O=c1ccc2sccc2n1Cc1cccc(-c2ccccc2)c1	6.0	3.0	True	6.0
CHEMBL1321851	C/C(Cn1nc([N+](=O)[O-])cc1C)=N\NC(=O)COc1c(Cl)cc(Cl)cc1Cl	InChI=1S/C15H14Cl3N5O4/c1-8(6-22-9(2)3-13(21-22)23(25)26)19-20-14(24)7-27-15-11(17)4-10(16)5-12(15)18/h3-5H,6-7H2,1-2H3,(H,20,24)/b19-8+	DXTICHFFNOYPMZ-UFWORHAWSA-N	chembl_36	434.66700000000014	3.631020000000002	111.64999999999999	0.26666666666666666	O=C(COc1ccccc1)NN=CCn1cccn1	7.0	1.0	True	6.0
CHEMBL2042977	C[C@@H]1CN(Cc2c[nH]nc2C2=CCN(C=O)CC2)CCN1c1ccc(C(F)(F)F)cn1	InChI=1S/C21H25F3N6O/c1-15-12-29(8-9-30(15)19-3-2-18(11-25-19)21(22,23)24)13-17-10-26-27-20(17)16-4-6-28(14-31)7-5-16/h2-4,10-11,14-15H,5-9,12-13H2,1H3,(H,26,27)/t15-/m1/s1	FKNRYRPIPKHSFE-OAHLLOKOSA-N	chembl_36	434.4660000000001	2.779700000000001	68.36000000000001	0.47619047619047616	C1=C(c2n[nH]cc2CN2CCN(c3ccccn3)CC2)CCNC1	5.0	1.0	True	6.0
CHEMBL2265968	C[C@@H](OC(=O)/C=C/c1ccc2c(c1)OCO2)[C@H]1C(=O)N/C1=C\C(=O)OCc1ccccc1	InChI=1S/C24H21NO7/c1-15(32-21(26)10-8-16-7-9-19-20(11-16)31-14-30-19)23-18(25-24(23)28)12-22(27)29-13-17-5-3-2-4-6-17/h2-12,15,23H,13-14H2,1H3,(H,25,28)/b10-8+,18-12-/t15-,23-/m1/s1	OHQTVNIACUZAMX-CYOFGDROSA-N	chembl_36	435.43200000000013	2.733500000000001	100.16000000000001	0.20833333333333334	O=C(/C=C1\NC(=O)[C@@H]1COC(=O)/C=C/c1ccc2c(c1)OCO2)OCc1ccccc1	7.0	1.0	True	6.0
CHEMBL794718	COc1cc(SC)ccc1C(=O)Nc1ccon1	InChI=1S/C12H12N2O3S/c1-16-10-7-8(18-2)3-4-9(10)12(15)13-11-5-6-17-14-11/h3-7H,1-2H3,(H,13,14,15)	QRLQJYYKGIGXHI-UHFFFAOYSA-N	chembl_36	264.306	2.6574	64.36	0.16666666666666666	O=C(Nc1ccon1)c1ccccc1	5.0	1.0	True	6.0
CHEMBL250361	O=C(NCCCn1cncn1)c1cccc(Cl)c1	InChI=1S/C12H13ClN4O/c13-11-4-1-3-10(7-11)12(18)15-5-2-6-17-9-14-8-16-17/h1,3-4,7-9H,2,5-6H2,(H,15,18)	SZTLQTUZHQJBBR-UHFFFAOYSA-N	chembl_36	264.716	1.7515999999999992	59.81	0.25	O=C(NCCCn1cncn1)c1ccccc1	4.0	1.0	True	6.0
CHEMBL1262442	O=C1NC(=O)C(c2ccc(-c3cccs3)s2)N1	InChI=1S/C11H8N2O2S2/c14-10-9(12-11(15)13-10)8-4-3-7(17-8)6-2-1-5-16-6/h1-5,9H,(H2,12,13,14,15)	GVQKGOLOKBVSKC-UHFFFAOYSA-N	chembl_36	264.33099999999996	2.3571	58.2	0.09090909090909091	O=C1NC(=O)C(c2ccc(-c3cccs3)s2)N1	4.0	2.0	True	5.0
CHEMBL1288445	O=C(Nc1c(O)[nH]c(=S)[nH]c1=O)c1ccccn1	InChI=1S/C10H8N4O3S/c15-7(5-3-1-2-4-11-5)12-6-8(16)13-10(18)14-9(6)17/h1-4H,(H,12,15)(H3,13,14,16,17,18)	ZOSVFKNOZVUAFZ-UHFFFAOYSA-N	chembl_36	264.266	0.7853899999999998	110.86999999999999	0.0	O=C(Nc1c[nH]c(=S)[nH]c1=O)c1ccccn1	5.0	4.0	True	6.0
CHEMBL1328890	C1CCC(CC2CCC(NC3=NCCO3)CC2)CC1	InChI=1S/C16H28N2O/c1-2-4-13(5-3-1)12-14-6-8-15(9-7-14)18-16-17-10-11-19-16/h13-15H,1-12H2,(H,17,18)	OIOMLUHKIJXKNB-UHFFFAOYSA-N	chembl_36	264.41299999999995	3.4914000000000023	33.620000000000005	0.9375	C1CCC(CC2CCC(NC3=NCCO3)CC2)CC1	3.0	1.0	True	6.0
CHEMBL2896634	O=C(NCc1ccccc1)Nc1cccc2[nH]ccc12	InChI=1S/C16H15N3O/c20-16(18-11-12-5-2-1-3-6-12)19-15-8-4-7-14-13(15)9-10-17-14/h1-10,17H,11H2,(H2,18,19,20)	WMTIIABHGUOAKA-UHFFFAOYSA-N	chembl_36	265.31600000000003	3.489600000000001	56.92	0.0625	O=C(NCc1ccccc1)Nc1cccc2[nH]ccc12	1.0	3.0	True	6.0
CHEMBL160008	CCCN1CCO[C@@H]2c3cc(O)ccc3SC[C@H]21	InChI=1S/C14H19NO2S/c1-2-5-15-6-7-17-14-11-8-10(16)3-4-13(11)18-9-12(14)15/h3-4,8,12,14,16H,2,5-7,9H2,1H3/t12-,14-/m1/s1	OMQYELRKBALQJF-TZMCWYRMSA-N	chembl_36	265.378	2.649800000000001	32.7	0.5714285714285714	c1ccc2c(c1)SC[C@H]1NCCO[C@H]21	4.0	1.0	True	6.0
CHEMBL2406315	Cc1cc(CNC(=O)C2(C)CCN(C)CC2)n(C)n1	InChI=1S/C14H24N4O/c1-11-9-12(18(4)16-11)10-15-13(19)14(2)5-7-17(3)8-6-14/h9H,5-8,10H2,1-4H3,(H,15,19)	NOTNHKCLRVQGGC-UHFFFAOYSA-N	chembl_36	264.37299999999993	1.0766199999999995	50.160000000000004	0.7142857142857143	O=C(NCc1ccn[nH]1)C1CCNCC1	4.0	1.0	True	6.0
CHEMBL671758	CN(C)c1ccc(C=CC=Cc2cccc[n+]2C)cc1	InChI=1S/C18H21N2/c1-19(2)17-13-11-16(12-14-17)8-4-5-9-18-10-6-7-15-20(18)3/h4-15H,1-3H3/q+1	AOSFRBLFEDGVIR-UHFFFAOYSA-N	chembl_36	265.38	3.303700000000002	7.12	0.16666666666666666	C(C=Cc1cccc[nH+]1)=Cc1ccccc1	1.0	0.0	True	6.0
CHEMBL573	CN1CCN2c3ccccc3Cc3ccccc3C2C1	InChI=1S/C18H20N2/c1-19-10-11-20-17-9-5-3-7-15(17)12-14-6-2-4-8-16(14)18(20)13-19/h2-9,18H,10-13H2,1H3	UEQUQVLFIPOEMF-UHFFFAOYSA-N	chembl_36	264.372	3.0839000000000016	6.48	0.3333333333333333	c1ccc2c(c1)Cc1ccccc1N1CCNCC21	2.0	0.0	True	7.0
CHEMBL462679	C=C1C(=O)O[C@H]2[C@H]1[C@@H](OC(=O)C(=C)[C@@H](O)CO)C[C@]1(C)[C@@H]2[C@H](C=O)CC[C@H]1O	InChI=1S/C20H26O8/c1-9(12(23)8-22)18(25)27-13-6-20(3)14(24)5-4-11(7-21)16(20)17-15(13)10(2)19(26)28-17/h7,11-17,22-24H,1-2,4-6,8H2,3H3/t11-,12-,13-,14+,15+,16+,17-,20-/m0/s1	OZJAAHIGUMFSHY-SQFWDQPPSA-N	chembl_36	394.42000000000013	-0.09860000000000019	130.35999999999999	0.65	C=C1C(=O)O[C@H]2[C@H]1CCC1CCCC[C@@H]12	8.0	3.0	True	6.0
CHEMBL814910	O=C(Nc1cccnc1Oc1ncnc2cc(Cl)ccc12)c1ccc(F)cc1	InChI=1S/C20H12ClFN4O2/c21-13-5-8-15-17(10-13)24-11-25-19(15)28-20-16(2-1-9-23-20)26-18(27)12-3-6-14(22)7-4-12/h1-11H,(H,26,27)	GKJHUGJNIZCQRE-UHFFFAOYSA-N	chembl_36	394.7930000000001	4.861900000000002	77.0	0.0	O=C(Nc1cccnc1Oc1ncnc2ccccc12)c1ccccc1	5.0	1.0	True	6.0
CHEMBL2194427	CC(=O)N[C@@H](C)c1ccc(OC2CCN(c3ccc(OCC4CC4)cc3)C2)cc1	InChI=1S/C24H30N2O3/c1-17(25-18(2)27)20-5-9-23(10-6-20)29-24-13-14-26(15-24)21-7-11-22(12-8-21)28-16-19-3-4-19/h5-12,17,19,24H,3-4,13-16H2,1-2H3,(H,25,27)/t17-,24?/m0/s1	HTXKDWUKUCOXAL-KEJDIYNNSA-N	chembl_36	394.5150000000002	4.330200000000004	50.8	0.4583333333333333	c1ccc(OC2CCN(c3ccc(OCC4CC4)cc3)C2)cc1	4.0	1.0	True	6.0
CHEMBL2532758	CCNc1nc(CN(C)C2CCCc3cccnc32)cc(N2CCN(C)CC2)n1	InChI=1S/C22H33N7/c1-4-23-22-25-18(15-20(26-22)29-13-11-27(2)12-14-29)16-28(3)19-9-5-7-17-8-6-10-24-21(17)19/h6,8,10,15,19H,4-5,7,9,11-14,16H2,1-3H3,(H,23,25,26)	SCGJNQQDLWWGHQ-UHFFFAOYSA-N	chembl_36	395.55500000000023	2.5646000000000004	60.42000000000001	0.5909090909090909	c1cnc2c(c1)CCCC2NCc1cc(N2CCNCC2)ncn1	7.0	1.0	True	6.0
CHEMBL450491	CN(C)c1cccc(C(=O)Nc2ccc(Cl)c(C(=O)Nc3cccnc3)c2)c1	InChI=1S/C21H19ClN4O2/c1-26(2)17-7-3-5-14(11-17)20(27)24-15-8-9-19(22)18(12-15)21(28)25-16-6-4-10-23-13-16/h3-13H,1-2H3,(H,24,27)(H,25,28)	FWDFANUPSHXNBN-UHFFFAOYSA-N	chembl_36	394.8620000000001	4.305600000000002	74.33000000000001	0.09523809523809523	O=C(Nc1cccc(C(=O)Nc2cccnc2)c1)c1ccccc1	4.0	2.0	True	6.0
CHEMBL2869311	[2H]C([2H])(Nc1c(CO)cnc2c(C3CC3)cc(C#N)cc12)c1ccc(OC)c(Cl)c1	InChI=1S/C22H20ClN3O2/c1-28-20-5-2-13(8-19(20)23)10-25-21-16(12-27)11-26-22-17(15-3-4-15)6-14(9-24)7-18(21)22/h2,5-8,11,15,27H,3-4,10,12H2,1H3,(H,25,26)/i10D2	FGBIHGKWPVSHSO-KBMKNGFXSA-N	chembl_36	395.88620355600005	4.750280000000003	78.17	0.2727272727272727	c1ccc(CNc2ccnc3c(C4CC4)cccc23)cc1	5.0	2.0	True	6.0
CHEMBL1818999	COc1cccc2c1CCCC2CCC(=O)N1CCC(c2ccc(F)cc2)CC1	InChI=1S/C25H30FNO2/c1-29-24-7-3-5-22-20(4-2-6-23(22)24)10-13-25(28)27-16-14-19(15-17-27)18-8-11-21(26)12-9-18/h3,5,7-9,11-12,19-20H,2,4,6,10,13-17H2,1H3	XDNVSYFRDWTFQH-UHFFFAOYSA-N	chembl_36	395.5180000000001	5.440600000000005	29.54	0.48	O=C(CCC1CCCc2ccccc21)N1CCC(c2ccccc2)CC1	2.0	0.0	True	6.0
CHEMBL1319861	COc1cc(S(=O)(=O)Nc2ccc(-c3csc(N)n3)cc2)ccc1Cl	InChI=1S/C16H14ClN3O3S2/c1-23-15-8-12(6-7-13(15)17)25(21,22)20-11-4-2-10(3-5-11)14-9-24-16(18)19-14/h2-9,20H,1H3,(H2,18,19)	NZAIUHBCINHWME-UHFFFAOYSA-N	chembl_36	395.89300000000014	3.855100000000002	94.31	0.0625	O=S(=O)(Nc1ccc(-c2cscn2)cc1)c1ccccc1	6.0	2.0	True	6.0
CHEMBL3188611	CC1(C)CN(Cc2nsc3cc(Nc4n[nH]c5cccnc45)cnc23)CCO1	InChI=1S/C19H21N7OS/c1-19(2)11-26(6-7-27-19)10-14-16-15(28-25-14)8-12(9-21-16)22-18-17-13(23-24-18)4-3-5-20-17/h3-5,8-9H,6-7,10-11H2,1-2H3,(H2,22,23,24)	HFEJMVJUCJHRAV-UHFFFAOYSA-N	chembl_36	395.4920000000002	3.317000000000002	91.85000000000001	0.3684210526315789	c1cnc2c(Nc3cnc4c(CN5CCOCC5)nsc4c3)n[nH]c2c1	8.0	2.0	True	6.0
CHEMBL1837486	CCCCOc1cccc2cc(C(=O)NC34CC5CC(CC(C5)C3)C4)c(=O)oc12	InChI=1S/C24H29NO4/c1-2-3-7-28-20-6-4-5-18-11-19(23(27)29-21(18)20)22(26)25-24-12-15-8-16(13-24)10-17(9-15)14-24/h4-6,11,15-17H,2-3,7-10,12-14H2,1H3,(H,25,26)	AYRVGOBUOADVRT-UHFFFAOYSA-N	chembl_36	395.49900000000025	4.670500000000004	68.53999999999999	0.5833333333333334	O=C(NC12CC3CC(CC(C3)C1)C2)c1cc2ccccc2oc1=O	4.0	1.0	True	6.0
CHEMBL2665324	O=C(NCCN1Cc2ccccc2O[C@H](c2ccccc2)C1)C1=CCCCC1	InChI=1S/C24H28N2O2/c27-24(20-11-5-2-6-12-20)25-15-16-26-17-21-13-7-8-14-22(21)28-23(18-26)19-9-3-1-4-10-19/h1,3-4,7-11,13-14,23H,2,5-6,12,15-18H2,(H,25,27)/t23-/m0/s1	DWPQRXJLRIRZPB-QHCPKHFHSA-N	chembl_36	376.5000000000003	4.238900000000004	41.57000000000001	0.375	O=C(NCCN1Cc2ccccc2O[C@H](c2ccccc2)C1)C1=CCCCC1	3.0	1.0	True	7.0
CHEMBL2926364	O=C(NCCCN1CCc2ccccc2C1)c1ccc(-c2ccccc2)s1	InChI=1S/C23H24N2OS/c26-23(22-12-11-21(27-22)19-8-2-1-3-9-19)24-14-6-15-25-16-13-18-7-4-5-10-20(18)17-25/h1-5,7-12H,6,13-17H2,(H,24,26)	HDRUKPNNMMHQHY-UHFFFAOYSA-N	chembl_36	376.5250000000001	4.593300000000005	32.34	0.2608695652173913	O=C(NCCCN1CCc2ccccc2C1)c1ccc(-c2ccccc2)s1	3.0	1.0	True	6.0
CHEMBL922886	O=C(CCc1ccccc1)NNC(=O)COc1ccc(Br)cc1	InChI=1S/C17H17BrN2O3/c18-14-7-9-15(10-8-14)23-12-17(22)20-19-16(21)11-6-13-4-2-1-3-5-13/h1-5,7-10H,6,11-12H2,(H,19,21)(H,20,22)	SHHHJMSBSKEXAR-UHFFFAOYSA-N	chembl_36	377.238	2.6081000000000003	67.43	0.17647058823529413	O=C(CCc1ccccc1)NNC(=O)COc1ccccc1	3.0	2.0	True	6.0
CHEMBL744875	Cc1cccc(NC(=O)Cn2nnc(-c3nc(-c4ccncc4)no3)c2N)c1	InChI=1S/C18H16N8O2/c1-11-3-2-4-13(9-11)21-14(27)10-26-16(19)15(23-25-26)18-22-17(24-28-18)12-5-7-20-8-6-12/h2-9H,10,19H2,1H3,(H,21,27)	MZSYXYXRVASPEV-UHFFFAOYSA-N	chembl_36	376.3800000000001	1.9194199999999997	137.64000000000001	0.1111111111111111	O=C(Cn1cc(-c2nc(-c3ccncc3)no2)nn1)Nc1ccccc1	9.0	2.0	True	6.0
CHEMBL1948101	CCOC(=O)/C(O)=C/C(=O)c1cn(Cc2ccccc2)c2ccccc2c1=O	InChI=1S/C22H19NO5/c1-2-28-22(27)20(25)12-19(24)17-14-23(13-15-8-4-3-5-9-15)18-11-7-6-10-16(18)21(17)26/h3-12,14,25H,2,13H2,1H3/b20-12-	YTOKTTBRIHJKPM-NDENLUEZSA-N	chembl_36	377.3960000000001	3.2375000000000025	85.6	0.13636363636363635	O=c1ccn(Cc2ccccc2)c2ccccc12	6.0	1.0	True	6.0
CHEMBL2072992	COc1ccc(S(=O)(=O)Nc2ccc3c(c2)CCC(=O)N3C)c(OC)c1	InChI=1S/C18H20N2O5S/c1-20-15-7-5-13(10-12(15)4-9-18(20)21)19-26(22,23)17-8-6-14(24-2)11-16(17)25-3/h5-8,10-11,19H,4,9H2,1-3H3	GVIOXIPLOUEGTN-UHFFFAOYSA-N	chembl_36	376.4340000000002	2.4136000000000006	84.94	0.2777777777777778	O=C1CCc2cc(NS(=O)(=O)c3ccccc3)ccc2N1	5.0	1.0	True	6.0
CHEMBL603155	Cc1cn(-c2ccc(Cn3cc(C(=O)O)c(=O)c4c(F)cccc43)cc2)cn1	InChI=1S/C21H16FN3O3/c1-13-9-25(12-23-13)15-7-5-14(6-8-15)10-24-11-16(21(27)28)20(26)19-17(22)3-2-4-18(19)24/h2-9,11-12H,10H2,1H3,(H,27,28)	BSDGSNNJEWOOHP-UHFFFAOYSA-N	chembl_36	377.375	3.381220000000001	77.11999999999999	0.09523809523809523	O=c1ccn(Cc2ccc(-n3ccnc3)cc2)c2ccccc12	5.0	1.0	True	6.0
CHEMBL2808841	CN1Cc2c(ncnc2N2CCC(NS(N)(=O)=O)CC2)NC1=O.Cl	InChI=1S/C12H19N7O3S.ClH/c1-18-6-9-10(16-12(18)20)14-7-15-11(9)19-4-2-8(3-5-19)17-23(13,21)22;/h7-8,17H,2-6H2,1H3,(H2,13,21,22)(H,14,15,16,20);1H	BIJDXKKTECXBRW-UHFFFAOYSA-N	chembl_36	377.8580000000001	-0.36239999999999883	133.54999999999998	0.5833333333333334	O=C1NCc2c(ncnc2N2CCCCC2)N1	6.0	3.0	True	6.0
CHEMBL2167173	CC1CC2[C@H](CC[C@]3(C)C(c4cccnc4)=CC[C@@H]23)[C@@]2(C)CCC(C)(O)C=C12	InChI=1S/C26H35NO/c1-17-14-19-21-8-7-20(18-6-5-13-27-16-18)25(21,3)10-9-22(19)26(4)12-11-24(2,28)15-23(17)26/h5-7,13,15-17,19,21-22,28H,8-12,14H2,1-4H3/t17?,19?,21-,22-,24?,25+,26+/m0/s1	SXENIWXABFIBSH-GWCAXZTESA-N	chembl_36	377.57200000000023	6.034700000000007	33.120000000000005	0.6538461538461539	C1=C2CCC3[C@H](CCC4C(c5cccnc5)=CC[C@H]43)C2CCC1	2.0	1.0	True	6.0
CHEMBL874403	CCOc1cccc2cc(-c3cn4c(n3)sc3cc(C)ccc34)c(=O)oc12	InChI=1S/C21H16N2O3S/c1-3-25-17-6-4-5-13-10-14(20(24)26-19(13)17)15-11-23-16-8-7-12(2)9-18(16)27-21(23)22-15/h4-11H,3H2,1-2H3	DIHJYZGZCUFRPV-UHFFFAOYSA-N	chembl_36	376.4370000000001	5.029520000000003	56.74	0.14285714285714285	O=c1oc2ccccc2cc1-c1cn2c(n1)sc1ccccc12	6.0	0.0	True	6.0
CHEMBL2266836	COc1cc2c(OCCN3CCCC3)nc3c4cc5c(cc4ccc3c2cc1OC)OCO5	InChI=1S/C26H26N2O5/c1-29-21-13-19-17-6-5-16-11-23-24(33-15-32-23)12-18(16)25(17)27-26(20(19)14-22(21)30-2)31-10-9-28-7-3-4-8-28/h5-6,11-14H,3-4,7-10,15H2,1-2H3	AXNFOXAWCCNLFG-UHFFFAOYSA-N	chembl_36	446.5030000000002	4.761700000000004	62.280000000000015	0.34615384615384615	c1ccc2c(c1)c(OCCN1CCCC1)nc1c3cc4c(cc3ccc21)OCO4	7.0	0.0	True	6.0
CHEMBL563598	Cc1ccc(S(=O)(=O)N(CCOCP(=O)(O)O)Cn2cc(C)c(=O)[nH]c2=O)cc1	InChI=1S/C16H22N3O8PS/c1-12-3-5-14(6-4-12)29(25,26)19(7-8-27-11-28(22,23)24)10-18-9-13(2)15(20)17-16(18)21/h3-6,9H,7-8,10-11H2,1-2H3,(H,17,20,21)(H2,22,23,24)	FSJQXPJTAXREIT-UHFFFAOYSA-N	chembl_36	447.4060000000001	-0.04635999999999968	158.99999999999997	0.375	O=c1ccn(CNS(=O)(=O)c2ccccc2)c(=O)[nH]1	7.0	3.0	True	6.0
CHEMBL3000848	COc1ccc(F)cc1-c1ccnc2[nH]c(C3=CCC(C(=O)NCc4nnn[nH]4)CC3)cc12	InChI=1S/C23H22FN7O2/c1-33-20-7-6-15(24)10-17(20)16-8-9-25-22-18(16)11-19(27-22)13-2-4-14(5-3-13)23(32)26-12-21-28-30-31-29-21/h2,6-11,14H,3-5,12H2,1H3,(H,25,27)(H,26,32)(H,28,29,30,31)	DNCXGWUHNADKTR-UHFFFAOYSA-N	chembl_36	447.4740000000002	3.390600000000001	121.47	0.2608695652173913	O=C(NCc1nnn[nH]1)C1CC=C(c2cc3c(-c4ccccc4)ccnc3[nH]2)CC1	6.0	3.0	True	6.0
CHEMBL3109366	Cc1ccc(N2CC3(CC(c4nnc5n4-c4ccc(Cl)cc4CN(C4CC4)C5)C3)C2)nc1	InChI=1S/C25H27ClN6/c1-16-2-7-22(27-11-16)31-14-25(15-31)9-18(10-25)24-29-28-23-13-30(20-4-5-20)12-17-8-19(26)3-6-21(17)32(23)24/h2-3,6-8,11,18,20H,4-5,9-10,12-15H2,1H3	CIULFEPQSJWADE-UHFFFAOYSA-N	chembl_36	446.9860000000004	4.486120000000003	50.080000000000005	0.48	c1ccc(N2CC3(CC(c4nnc5n4-c4ccccc4CN(C4CC4)C5)C3)C2)nc1	6.0	0.0	True	7.0
CHEMBL1029243	COc1ccc(Cn2c(SCc3ccc(C(=O)NC(C)C)cc3)nc3cccnc32)cc1	InChI=1S/C25H26N4O2S/c1-17(2)27-24(30)20-10-6-19(7-11-20)16-32-25-28-22-5-4-14-26-23(22)29(25)15-18-8-12-21(31-3)13-9-18/h4-14,17H,15-16H2,1-3H3,(H,27,30)	NEEQCRRVLRUAOC-UHFFFAOYSA-N	chembl_36	446.5760000000001	4.918700000000004	69.03999999999999	0.24	c1ccc(CSc2nc3cccnc3n2Cc2ccccc2)cc1	6.0	1.0	True	6.0
CHEMBL2089791	O=C(N/N=C/c1ccc(OCc2ccc(C(F)(F)F)cc2)cc1)c1cc(O)c(O)c(O)c1	InChI=1S/C22H17F3N2O5/c23-22(24,25)16-5-1-14(2-6-16)12-32-17-7-3-13(4-8-17)11-26-27-21(31)15-9-18(28)20(30)19(29)10-15/h1-11,28-30H,12H2,(H,27,31)/b26-11+	CUERTSCVCSCXSN-KBKYJPHKSA-N	chembl_36	446.3810000000001	4.165100000000003	111.38000000000001	0.09090909090909091	O=C(N/N=C/c1ccc(OCc2ccccc2)cc1)c1ccccc1	6.0	4.0	True	6.0
CHEMBL2765152	CCN(C)S(=O)(=O)Nc1cccc(-c2nc(C(C)(C)C)sc2-c2ccnc(N)n2)c1	InChI=1S/C20H26N6O2S2/c1-6-26(5)30(27,28)25-14-9-7-8-13(12-14)16-17(15-10-11-22-19(21)23-15)29-18(24-16)20(2,3)4/h7-12,25H,6H2,1-5H3,(H2,21,22,23)	CCAHZIIOLWWMSS-UHFFFAOYSA-N	chembl_36	446.6020000000002	3.755200000000001	114.1	0.35	c1ccc(-c2ncsc2-c2ccncn2)cc1	7.0	2.0	True	6.0
CHEMBL1727326	O=C(/C=C/c1ccc([N+](=O)[O-])s1)Nc1ccc(S(=O)(=O)Nc2nccnc2O)cc1	InChI=1S/C17H13N5O6S2/c23-14(7-3-12-4-8-15(29-12)22(25)26)20-11-1-5-13(6-2-11)30(27,28)21-16-17(24)19-10-9-18-16/h1-10H,(H,18,21)(H,19,24)(H,20,23)/b7-3+	WHPGQSMARDUDDD-XVNBXDOJSA-N	chembl_36	447.4540000000001	2.6046000000000005	164.42	0.0	O=C(/C=C/c1cccs1)Nc1ccc(S(=O)(=O)Nc2cnccn2)cc1	9.0	3.0	True	6.0
CHEMBL2099950	N#CCC1(n2cc(C(N)=O)c(Nc3ccnc(F)c3)n2)CCN(CCc2ccccc2)CC1	InChI=1S/C24H26FN7O/c25-21-16-19(6-12-28-21)29-23-20(22(27)33)17-32(30-23)24(8-11-26)9-14-31(15-10-24)13-7-18-4-2-1-3-5-18/h1-6,12,16-17H,7-10,13-15H2,(H2,27,33)(H,28,29,30)	KEAOUUQUSGAOOE-UHFFFAOYSA-N	chembl_36	447.5180000000003	3.207180000000002	112.86	0.3333333333333333	c1ccc(CCN2CCC(n3ccc(Nc4ccncc4)n3)CC2)cc1	7.0	2.0	True	6.0
CHEMBL2127884	O=C(O)C[C@@H]1CC(c2cccc(Cl)c2)[C@@H](c2ccc(Cl)cc2)N(CC2CCC2)C1=O	InChI=1S/C24H25Cl2NO3/c25-19-9-7-16(8-10-19)23-21(17-5-2-6-20(26)11-17)12-18(13-22(28)29)24(30)27(23)14-15-3-1-4-15/h2,5-11,15,18,21,23H,1,3-4,12-14H2,(H,28,29)/t18-,21?,23+/m0/s1	BOAYDMWBLSRUAD-YNQOFTOOSA-N	chembl_36	446.37400000000025	5.941600000000005	57.61	0.4166666666666667	O=C1CCC(c2ccccc2)[C@@H](c2ccccc2)N1CC1CCC1	2.0	1.0	True	6.0
CHEMBL1103736	O=C(c1ccco1)N1CCN(Cc2nnc(-c3cccc(Br)c3)o2)CC1	InChI=1S/C18H17BrN4O3/c19-14-4-1-3-13(11-14)17-21-20-16(26-17)12-22-6-8-23(9-7-22)18(24)15-5-2-10-25-15/h1-5,10-11H,6-9,12H2	QFNKCWCILPGQAD-UHFFFAOYSA-N	chembl_36	417.2630000000001	3.0501000000000014	75.61000000000001	0.2777777777777778	O=C(c1ccco1)N1CCN(Cc2nnc(-c3ccccc3)o2)CC1	6.0	0.0	True	6.0
CHEMBL3263893	CCc1c(-c2ccnc(C)c2)[nH]c2ccc(C3CCN(C(=O)C4CCNC4)CC3)cc12	InChI=1S/C26H32N4O/c1-3-22-23-15-19(4-5-24(23)29-25(22)20-7-11-28-17(2)14-20)18-8-12-30(13-9-18)26(31)21-6-10-27-16-21/h4-5,7,11,14-15,18,21,27,29H,3,6,8-10,12-13,16H2,1-2H3	OEBYTMLIFWUQHE-UHFFFAOYSA-N	chembl_36	416.56900000000024	4.416220000000003	61.02	0.46153846153846156	O=C(C1CCNC1)N1CCC(c2ccc3[nH]c(-c4ccncc4)cc3c2)CC1	3.0	2.0	True	6.0
CHEMBL2965140	C[C@@H]1CC[C@@H](Oc2nccc3c2ncn3C)CN1C(=O)c1ccccc1-n1nccn1	InChI=1S/C22H23N7O2/c1-15-7-8-16(31-21-20-19(9-10-23-21)27(2)14-24-20)13-28(15)22(30)17-5-3-4-6-18(17)29-25-11-12-26-29/h3-6,9-12,14-16H,7-8,13H2,1-2H3/t15-,16-/m1/s1	PVHZNQMNBWCUEQ-HZPDHXFCSA-N	chembl_36	417.4730000000001	2.621100000000001	90.96000000000001	0.3181818181818182	O=C(c1ccccc1-n1nccn1)N1CCC[C@@H](Oc2nccc3[nH]cnc23)C1	8.0	0.0	True	6.0
CHEMBL3259567	COCCCNC(=O)c1ccc(-n2ncc(-c3ccc(C#N)cc3C3CC3)c2O)nc1	InChI=1S/C23H23N5O3/c1-31-10-2-9-25-22(29)17-6-8-21(26-13-17)28-23(30)20(14-27-28)18-7-3-15(12-24)11-19(18)16-4-5-16/h3,6-8,11,13-14,16,30H,2,4-5,9-10H2,1H3,(H,25,29)	IOUYOUICUYNBKV-UHFFFAOYSA-N	chembl_36	417.4690000000002	3.155280000000001	113.06	0.30434782608695654	c1ccc(-n2cc(-c3ccccc3C3CC3)cn2)nc1	7.0	2.0	True	6.0
CHEMBL223532	COc1ccc(CCC[C@H]2C(=O)O[C@@H]3O[C@@]4(C)CCC5[C@H](C)CC[C@@H]2[C@]53OO4)cc1	InChI=1S/C24H32O6/c1-15-7-12-20-18(6-4-5-16-8-10-17(26-3)11-9-16)21(25)27-22-24(20)19(15)13-14-23(2,28-22)29-30-24/h8-11,15,18-20,22H,4-7,12-14H2,1-3H3/t15-,18-,19?,20+,22-,23-,24-/m1/s1	WXOUGPOKGHVWJU-OAMMNRCDSA-N	chembl_36	416.51400000000024	4.406500000000004	63.22000000000001	0.7083333333333334	O=C1O[C@@H]2OC3CCC4CCC[C@@H]([C@H]1CCCc1ccccc1)[C@]42OO3	6.0	0.0	True	7.0
CHEMBL2184609	CCCCC(O)c1ccc(N2C(=O)CC[C@@H]2COCc2ccc(C(=O)O)s2)cc1	InChI=1S/C22H27NO5S/c1-2-3-4-19(24)15-5-7-16(8-6-15)23-17(9-12-21(23)25)13-28-14-18-10-11-20(29-18)22(26)27/h5-8,10-11,17,19,24H,2-4,9,12-14H2,1H3,(H,26,27)/t17-,19?/m1/s1	LFGZMZXZOVNLKZ-DUSLRRAJSA-N	chembl_36	417.5270000000001	4.382100000000004	87.07000000000001	0.45454545454545453	O=C1CC[C@H](COCc2cccs2)N1c1ccccc1	5.0	2.0	True	6.0
CHEMBL2943014	Cc1cc(CO)c2cccc(Cc3cccc(NC(=O)CCC4CCNCC4)c3)c2n1	InChI=1S/C26H31N3O2/c1-18-14-22(17-30)24-7-3-5-21(26(24)28-18)15-20-4-2-6-23(16-20)29-25(31)9-8-19-10-12-27-13-11-19/h2-7,14,16,19,27,30H,8-13,15,17H2,1H3,(H,29,31)	HJGHSZLMKVTMQV-UHFFFAOYSA-N	chembl_36	417.5530000000003	4.344620000000003	74.25	0.38461538461538464	O=C(CCC1CCNCC1)Nc1cccc(Cc2cccc3cccnc23)c1	4.0	3.0	True	6.0
CHEMBL3065498	CCc1ccc2c(C)nnc(N[C@H](C)c3ccc(-c4ccccc4CNC)s3)c2c1	InChI=1S/C25H28N4S/c1-5-18-10-11-20-16(2)28-29-25(22(20)14-18)27-17(3)23-12-13-24(30-23)21-9-7-6-8-19(21)15-26-4/h6-14,17,26H,5,15H2,1-4H3,(H,27,29)/t17-/m1/s1	ZYZWUGAIMMWVTR-QGZVFWFLSA-N	chembl_36	416.5940000000001	6.121620000000005	49.84	0.28	c1ccc(-c2ccc(CNc3nncc4ccccc34)s2)cc1	5.0	2.0	True	6.0
CHEMBL2759019	CC[C@@H]1CN2CC[C@]3(O)c4c(cccc4OC)N[C@@H]3[C@@H]2C[C@@H]1/C(=C\OC)C(=O)OC	InChI=1S/C23H32N2O5/c1-5-14-12-25-10-9-23(27)20-17(7-6-8-19(20)29-3)24-21(23)18(25)11-15(14)16(13-28-2)22(26)30-4/h6-8,13-15,18,21,24,27H,5,9-12H2,1-4H3/b16-13+/t14-,15+,18+,21-,23+/m1/s1	QXFXDJATKPXTFF-LIMHOZKTSA-N	chembl_36	416.5180000000002	2.5006000000000004	80.26	0.6086956521739131	c1ccc2c(c1)N[C@H]1C2CCN2CCCC[C@@H]12	7.0	2.0	True	6.0
CHEMBL1177400	COc1cc2c(cc1OC)CN(CCCN1CCc3ccccc3C1=O)CC2.Cl	InChI=1S/C23H28N2O3.ClH/c1-27-21-14-18-8-12-24(16-19(18)15-22(21)28-2)10-5-11-25-13-9-17-6-3-4-7-20(17)23(25)26;/h3-4,6-7,14-15H,5,8-13,16H2,1-2H3;1H	GUDQKYOQRDDURP-UHFFFAOYSA-N	chembl_36	416.9490000000001	3.5723000000000034	42.010000000000005	0.43478260869565216	O=C1c2ccccc2CCN1CCCN1CCc2ccccc2C1	4.0	0.0	True	6.0
CHEMBL958231	CN1CCN(c2ncc3nc(-c4ccccc4)c(=O)n(Cc4cccs4)c3n2)CC1	InChI=1S/C22H22N6OS/c1-26-9-11-27(12-10-26)22-23-14-18-20(25-22)28(15-17-8-5-13-30-17)21(29)19(24-18)16-6-3-2-4-7-16/h2-8,13-14H,9-12,15H2,1H3	UDOROTLWKKPXOU-UHFFFAOYSA-N	chembl_36	418.5260000000002	2.7151000000000005	67.15	0.2727272727272727	O=c1c(-c2ccccc2)nc2cnc(N3CCNCC3)nc2n1Cc1cccs1	8.0	0.0	True	6.0
CHEMBL2518454	COc1ccc(-c2ccccc2N2CCN(CCCCOc3cnccn3)CC2)cc1	InChI=1S/C25H30N4O2/c1-30-22-10-8-21(9-11-22)23-6-2-3-7-24(23)29-17-15-28(16-18-29)14-4-5-19-31-25-20-26-12-13-27-25/h2-3,6-13,20H,4-5,14-19H2,1H3	NPKVQHQXWXOCJP-UHFFFAOYSA-N	chembl_36	418.5410000000001	4.1334000000000035	50.72	0.36	c1ccc(-c2ccccc2N2CCN(CCCCOc3cnccn3)CC2)cc1	6.0	0.0	True	6.0
CHEMBL181036	COC(=O)CC(c1ccc(OC)c(OC)c1)N1C(=O)c2cc3ccccc3cc2C1=O	InChI=1S/C24H21NO6/c1-29-20-9-8-16(12-21(20)30-2)19(13-22(26)31-3)25-23(27)17-10-14-6-4-5-7-15(14)11-18(17)24(25)28/h4-12,19H,13H2,1-3H3	CRCKHUCOOURRKN-UHFFFAOYSA-N	chembl_36	419.43300000000016	3.757400000000003	82.14000000000001	0.20833333333333334	O=C1c2cc3ccccc3cc2C(=O)N1Cc1ccccc1	6.0	0.0	True	6.0
CHEMBL594425	Cc1ccc(-c2cc(Cc3ccco3)c3c(ncn4c(=O)c5ccccc5nc34)n2)cc1	InChI=1S/C26H18N4O2/c1-16-8-10-17(11-9-16)22-14-18(13-19-5-4-12-32-19)23-24(28-22)27-15-30-25(23)29-21-7-3-2-6-20(21)26(30)31/h2-12,14-15H,13H2,1H3	UEEGZGQTPVRBQM-UHFFFAOYSA-N	chembl_36	418.4560000000002	4.9501200000000045	73.29	0.07692307692307693	O=c1c2ccccc2nc2c3c(Cc4ccco4)cc(-c4ccccc4)nc3ncn12	6.0	0.0	True	6.0
CHEMBL318196	CC(C)N(C)C(=O)Cn1c(-c2ccccc2)c(C2CCCC2)c2ccc(C(=O)O)cc21	InChI=1S/C26H30N2O3/c1-17(2)27(3)23(29)16-28-22-15-20(26(30)31)13-14-21(22)24(18-9-7-8-10-18)25(28)19-11-5-4-6-12-19/h4-6,11-15,17-18H,7-10,16H2,1-3H3,(H,30,31)	ODUPBQDLVFZYMO-UHFFFAOYSA-N	chembl_36	418.53700000000026	5.530900000000006	62.540000000000006	0.38461538461538464	c1ccc(-c2[nH]c3ccccc3c2C2CCCC2)cc1	3.0	1.0	True	6.0
CHEMBL3097150	CNC1CCN(c2cnc(C#CC3(O)CCCC3)c(-c3ccc(C#N)c(F)c3)n2)CC1	InChI=1S/C24H26FN5O/c1-27-19-7-12-30(13-8-19)22-16-28-21(6-11-24(31)9-2-3-10-24)23(29-22)17-4-5-18(15-26)20(25)14-17/h4-5,14,16,19,27,31H,2-3,7-10,12-13H2,1H3	JJQDSQGNBFMJJH-UHFFFAOYSA-N	chembl_36	419.50400000000013	2.999180000000001	85.07000000000001	0.4583333333333333	C(#CC1CCCC1)c1ncc(N2CCCCC2)nc1-c1ccccc1	6.0	2.0	True	6.0
CHEMBL583647	O=C(NCC1CCCO1)c1cnc(N2CCN(c3ncccn3)CC2)c2ccccc12	InChI=1S/C23H26N6O2/c30-22(27-15-17-5-3-14-31-17)20-16-26-21(19-7-2-1-6-18(19)20)28-10-12-29(13-11-28)23-24-8-4-9-25-23/h1-2,4,6-9,16-17H,3,5,10-15H2,(H,27,30)	ICBWBJFJZDWPIC-UHFFFAOYSA-N	chembl_36	418.50100000000015	2.2602	83.48	0.391304347826087	O=C(NCC1CCCO1)c1cnc(N2CCN(c3ncccn3)CC2)c2ccccc12	7.0	1.0	True	6.0
CHEMBL807593	Cc1[nH]c2ccc(F)cc2c1CCN(Cc1cccnc1)C(S)=Nc1ccccc1	InChI=1S/C24H23FN4S/c1-17-21(22-14-19(25)9-10-23(22)27-17)11-13-29(16-18-6-5-12-26-15-18)24(30)28-20-7-3-2-4-8-20/h2-10,12,14-15,27H,11,13,16H2,1H3,(H,28,30)	ZGDSZWKCPJYSGM-UHFFFAOYSA-N	chembl_36	418.541	5.6726200000000055	44.28	0.16666666666666666	C(=Nc1ccccc1)N(CCc1c[nH]c2ccccc12)Cc1cccnc1	2.0	2.0	True	6.0
CHEMBL323413	Cc1nccn1-c1ccc(Sc2cccc(C3(C(N)=O)CC4CCC(C3)O4)c2)cc1	InChI=1S/C24H25N3O2S/c1-16-26-11-12-27(16)18-5-9-21(10-6-18)30-22-4-2-3-17(13-22)24(23(25)28)14-19-7-8-20(15-24)29-19/h2-6,9-13,19-20H,7-8,14-15H2,1H3,(H2,25,28)	NJAUDUPYDIZYIU-UHFFFAOYSA-N	chembl_36	419.55000000000024	4.3964200000000035	70.14	0.3333333333333333	c1cc(Sc2ccc(-n3ccnc3)cc2)cc(C2CC3CCC(C2)O3)c1	5.0	1.0	True	6.0
CHEMBL2953095	CNCCN1CCC(NC(=O)c2ccc3c(Nc4ccc(CN)cc4)ncnc3c2)C1	InChI=1S/C23H29N7O/c1-25-9-11-30-10-8-19(14-30)29-23(31)17-4-7-20-21(12-17)26-15-27-22(20)28-18-5-2-16(13-24)3-6-18/h2-7,12,15,19,25H,8-11,13-14,24H2,1H3,(H,29,31)(H,26,27,28)	RMIWGHBRLVZTBB-UHFFFAOYSA-N	chembl_36	419.5330000000002	1.8556000000000004	108.2	0.34782608695652173	O=C(NC1CCNC1)c1ccc2c(Nc3ccccc3)ncnc2c1	7.0	4.0	True	6.0
CHEMBL2588920	Cc1[nH]c2c(-c3nc([C@H]4CCOC4)no3)cccc2c1C	InChI=1S/C16H17N3O2/c1-9-10(2)17-14-12(9)4-3-5-13(14)16-18-15(19-21-16)11-6-7-20-8-11/h3-5,11,17H,6-8H2,1-2H3/t11-/m0/s1	WFKZBUXSMUMUDB-NSHDSACASA-N	chembl_36	283.331	3.3386400000000016	63.94	0.375	c1cc(-c2nc([C@H]3CCOC3)no2)c2[nH]ccc2c1	4.0	1.0	True	6.0
CHEMBL2425855	COc1ccc2cc(C(=O)Nc3ccnn3C)cnc2c1	InChI=1S/C15H14N4O2/c1-19-14(5-6-17-19)18-15(20)11-7-10-3-4-12(21-2)8-13(10)16-9-11/h3-9H,1-2H3,(H,18,20)	QAYXJBXIBUHDHV-UHFFFAOYSA-N	chembl_36	282.30300000000005	2.2291999999999996	69.03999999999999	0.13333333333333333	O=C(Nc1ccn[nH]1)c1cnc2ccccc2c1	5.0	1.0	True	6.0
CHEMBL1682580	Oc1ccc2ccccc2c1/C=N/c1ccc(Cl)cn1	InChI=1S/C16H11ClN2O/c17-12-6-8-16(18-9-12)19-10-14-13-4-2-1-3-11(13)5-7-15(14)20/h1-10,20H/b19-10+	MBTVWUYRVPSNKS-VXLYETTFSA-N	chembl_36	282.72999999999996	4.344400000000002	45.480000000000004	0.0	C(=N/c1ccccn1)\c1cccc2ccccc12	3.0	1.0	True	6.0
CHEMBL358457	COC(=O)c1cncc(OCC#Cc2cccc(C)n2)c1	InChI=1S/C16H14N2O3/c1-12-5-3-6-14(18-12)7-4-8-21-15-9-13(10-17-11-15)16(19)20-2/h3,5-6,9-11H,8H2,1-2H3	DMHNTPJBZAHQGU-UHFFFAOYSA-N	chembl_36	282.299	2.0021199999999997	61.31	0.1875	C(#Cc1ccccn1)COc1cccnc1	5.0	0.0	True	6.0
CHEMBL129791	C=Cc1ccc2ccn(CCN3CCCN(C)CC3)c2c1	InChI=1S/C18H25N3/c1-3-16-5-6-17-7-10-21(18(17)15-16)14-13-20-9-4-8-19(2)11-12-20/h3,5-7,10,15H,1,4,8-9,11-14H2,2H3	SWVGDUGMBSNJAG-UHFFFAOYSA-N	chembl_36	283.419	2.921800000000001	11.41	0.4444444444444444	c1ccc2c(c1)ccn2CCN1CCCNCC1	3.0	0.0	True	7.0
CHEMBL683697	COc1ccc2c(c1)[n+]([O-])c(C#N)c(-c1ccco1)[n+]2[O-]	InChI=1S/C14H9N3O4/c1-20-9-4-5-10-11(7-9)16(18)12(8-15)14(17(10)19)13-3-2-6-21-13/h2-7H,1H3	GNOAYWBCSSSJMN-UHFFFAOYSA-N	chembl_36	283.243	1.24688	100.03999999999999	0.07142857142857142	c1coc(-c2c[nH+]c3ccccc3[nH+]2)c1	5.0	0.0	True	6.0
CHEMBL598203	COC(=O)NCCc1n[nH]c2c1C(=O)C=C(Cl)C2=O	InChI=1S/C11H10ClN3O4/c1-19-11(18)13-3-2-6-8-7(16)4-5(12)10(17)9(8)15-14-6/h4H,2-3H2,1H3,(H,13,18)(H,14,15)	GVJPUFUYXMLQOG-UHFFFAOYSA-N	chembl_36	283.67100000000005	0.8099000000000002	101.14999999999998	0.2727272727272727	O=C1C=CC(=O)c2[nH]ncc21	5.0	2.0	True	6.0
CHEMBL372434	Nc1nc(Cl)c2nnn([C@H]3CCCC[C@H]3CO)c2n1	InChI=1S/C11H15ClN6O/c12-9-8-10(15-11(13)14-9)18(17-16-8)7-4-2-1-3-6(7)5-19/h6-7,19H,1-5H2,(H2,13,14,15)/t6-,7-/m0/s1	FMDBFSNPYUOKOO-BQBZGAKWSA-N	chembl_36	282.73499999999996	1.1804999999999999	102.74000000000001	0.6363636363636364	c1ncc2nnn(C3CCCCC3)c2n1	7.0	2.0	True	6.0
CHEMBL1216456	Fc1ccc(OCCOCCNC[C@H]2CCCO2)cc1	InChI=1S/C15H22FNO3/c16-13-3-5-14(6-4-13)20-11-10-18-9-7-17-12-15-2-1-8-19-15/h3-6,15,17H,1-2,7-12H2/t15-/m1/s1	RHCPJGMOPIMKFS-OAHLLOKOSA-N	chembl_36	283.34299999999996	1.9896999999999998	39.72	0.6	c1ccc(OCCOCCNC[C@H]2CCCO2)cc1	4.0	1.0	True	6.0
CHEMBL1696795	COc1ccc(C/C(C)=N/NC(=O)c2ccncc2)cc1	InChI=1S/C16H17N3O2/c1-12(11-13-3-5-15(21-2)6-4-13)18-19-16(20)14-7-9-17-10-8-14/h3-10H,11H2,1-2H3,(H,19,20)/b18-12+	PYRMDSIEVHGAQM-LDADJPATSA-N	chembl_36	283.331	2.4386	63.58	0.1875	O=C(N/N=C/Cc1ccccc1)c1ccncc1	4.0	1.0	True	6.0
CHEMBL2045475	CSc1nn2cc(-c3cc4cc(OCc5ccccc5)ccc4o3)nc2s1	InChI=1S/C20H15N3O2S2/c1-26-20-22-23-11-16(21-19(23)27-20)18-10-14-9-15(7-8-17(14)25-18)24-12-13-5-3-2-4-6-13/h2-11H,12H2,1H3	NRTGTFZWKYTXRJ-UHFFFAOYSA-N	chembl_36	393.4930000000001	5.504900000000003	52.56	0.1	c1ccc(COc2ccc3oc(-c4cn5ncsc5n4)cc3c2)cc1	7.0	0.0	True	6.0
CHEMBL1481058	CO[C@@H]1[C@H]2OC(C)(C)O[C@H]2O[C@@H]1[C@H](CC(N)=O)NC(=O)Nc1ccc(C)cc1	InChI=1S/C19H27N3O6/c1-10-5-7-11(8-6-10)21-18(24)22-12(9-13(20)23)14-15(25-4)16-17(26-14)28-19(2,3)27-16/h5-8,12,14-17H,9H2,1-4H3,(H2,20,23)(H2,21,22,24)/t12-,14+,15-,16+,17+/m0/s1	UGROMOFSWOIZRV-BMQFZULRSA-N	chembl_36	393.4400000000001	1.2519200000000004	121.13999999999999	0.5789473684210527	O=C(NC[C@@H]1C[C@H]2OCO[C@H]2O1)Nc1ccccc1	6.0	3.0	True	6.0
CHEMBL405069	CC(C)(C)n1cc(C(=O)O)c(=O)c2cc([N+](=O)[O-])c(N3CCSCC3)nc21	InChI=1S/C17H20N4O5S/c1-17(2,3)20-9-11(16(23)24)13(22)10-8-12(21(25)26)15(18-14(10)20)19-4-6-27-7-5-19/h8-9H,4-7H2,1-3H3,(H,23,24)	JXUFOWKAVJVLQD-UHFFFAOYSA-N	chembl_36	392.4370000000002	2.3111000000000006	118.57	0.47058823529411764	O=c1cc[nH]c2nc(N3CCSCC3)ccc12	8.0	1.0	True	6.0
CHEMBL2162706	Cc1cc(N)nc(C)c1CNC(=O)c1cnn(Cc2nc3ccccc3s2)c1	InChI=1S/C20H20N6OS/c1-12-7-18(21)24-13(2)15(12)9-22-20(27)14-8-23-26(10-14)11-19-25-16-5-3-4-6-17(16)28-19/h3-8,10H,9,11H2,1-2H3,(H2,21,24)(H,22,27)	JYZQONPRENTMRB-UHFFFAOYSA-N	chembl_36	392.4880000000001	3.0651400000000013	98.71999999999998	0.2	O=C(NCc1cccnc1)c1cnn(Cc2nc3ccccc3s2)c1	7.0	2.0	True	6.0
CHEMBL2620811	COCCN1C(=O)CN(C2CCN(CC(=O)Nc3cccc(F)c3)CC2)C1=O	InChI=1S/C19H25FN4O4/c1-28-10-9-23-18(26)13-24(19(23)27)16-5-7-22(8-6-16)12-17(25)21-15-4-2-3-14(20)11-15/h2-4,11,16H,5-10,12-13H2,1H3,(H,21,25)	LXQNNLFHWOFGNV-UHFFFAOYSA-N	chembl_36	392.4310000000001	1.1391999999999998	82.19	0.5263157894736842	O=C1CN(C2CCN(CC(=O)Nc3ccccc3)CC2)C(=O)N1	5.0	1.0	True	6.0
CHEMBL3049352	C[C@@H]1CN(CCc2nc3c4ccc5c(c4nc(N)n3n2)OC(F)(F)O5)CCO1	InChI=1S/C17H18F2N6O3/c1-9-8-24(6-7-26-9)5-4-12-21-15-10-2-3-11-14(28-17(18,19)27-11)13(10)22-16(20)25(15)23-12/h2-3,9H,4-8H2,1H3,(H2,20,22)/t9-/m1/s1	RHZTZICJIDXCBK-SECBINFHSA-N	chembl_36	392.36600000000016	1.4444	100.03000000000002	0.47058823529411764	c1cc2c(ncn3nc(CCN4CCOCC4)nc23)c2c1OCO2	9.0	1.0	True	6.0
CHEMBL3215650	Cc1ccc2nc(N3CCC(NC4CCOC4)CC3)c(-c3noc(C)n3)cc2c1	InChI=1S/C22H27N5O2/c1-14-3-4-20-16(11-14)12-19(21-23-15(2)29-26-21)22(25-20)27-8-5-17(6-9-27)24-18-7-10-28-13-18/h3-4,11-12,17-18,24H,5-10,13H2,1-2H3	JDGRQEQVUDTNEF-UHFFFAOYSA-N	chembl_36	393.49100000000016	3.248940000000002	76.31	0.5	c1ccc2nc(N3CCC(NC4CCOC4)CC3)c(-c3ncon3)cc2c1	7.0	1.0	True	6.0
CHEMBL1225737	NC(=O)c1cc(S(=O)(=O)N2CCOCC2)ccc1Sc1ccccc1N	InChI=1S/C17H19N3O4S2/c18-14-3-1-2-4-16(14)25-15-6-5-12(11-13(15)17(19)21)26(22,23)20-7-9-24-10-8-20/h1-6,11H,7-10,18H2,(H2,19,21)	OMIKULJDXBTNKG-UHFFFAOYSA-N	chembl_36	393.49000000000007	1.5398000000000003	115.72	0.23529411764705882	O=S(=O)(c1ccc(Sc2ccccc2)cc1)N1CCOCC1	6.0	2.0	True	6.0
CHEMBL49488	COc1ccc(CNc2nc(Cl)c(SC)c(N3CCN(C)CC3)n2)cc1	InChI=1S/C18H24ClN5OS/c1-23-8-10-24(11-9-23)17-15(26-3)16(19)21-18(22-17)20-12-13-4-6-14(25-2)7-5-13/h4-7H,8-12H2,1-3H3,(H,20,21,22)	TXJNAWKLGORABF-UHFFFAOYSA-N	chembl_36	393.9440000000002	3.224400000000002	53.52	0.4444444444444444	c1ccc(CNc2nccc(N3CCNCC3)n2)cc1	7.0	1.0	True	6.0
CHEMBL604039	C=C1C[C@@]23CC[C@H]4[C@@](C)(CCC[C@@]4(C)C(=O)OCc4ccccc4)[C@@H]2CC[C@@H]1C3	InChI=1S/C27H36O2/c1-19-16-27-15-12-22-25(2,23(27)11-10-21(19)17-27)13-7-14-26(22,3)24(28)29-18-20-8-5-4-6-9-20/h4-6,8-9,21-23H,1,7,10-18H2,2-3H3/t21-,22+,23+,25-,26-,27-/m1/s1	UIOSQOUZXUEMII-FARUWLQISA-N	chembl_36	392.5830000000001	6.698900000000006	26.3	0.6666666666666666	C=C1C[C@@]23CC[C@@H]4C(C(=O)OCc5ccccc5)CCCC4[C@@H]2CC[C@@H]1C3	2.0	0.0	True	6.0
CHEMBL1212152	O=C(CCCOc1ccccc1)Nc1cccnc1	InChI=1S/C15H16N2O2/c18-15(17-13-6-4-10-16-12-13)9-5-11-19-14-7-2-1-3-8-14/h1-4,6-8,10,12H,5,9,11H2,(H,17,18)	JVNRDRVMFZWCCA-UHFFFAOYSA-N	chembl_36	256.305	2.8793000000000006	51.22	0.2	O=C(CCCOc1ccccc1)Nc1cccnc1	3.0	1.0	True	6.0
CHEMBL97579	CCn1nc(C)c2cc3c(C)nn(CC)c3c(C)c21	InChI=1S/C15H20N4/c1-6-18-14-9(3)15-13(8-12(14)10(4)16-18)11(5)17-19(15)7-2/h8H,6-7H2,1-5H3	RLAUKBPMLLPAJY-UHFFFAOYSA-N	chembl_36	256.35299999999995	3.351060000000002	35.64	0.4666666666666667	c1n[nH]c2cc3[nH]ncc3cc12	4.0	0.0	True	6.0
CHEMBL2694908	CC1=C(C(=O)Nc2nnc3cc(C)ccn23)CCC1	InChI=1S/C14H16N4O/c1-9-6-7-18-12(8-9)16-17-14(18)15-13(19)11-5-3-4-10(11)2/h6-8H,3-5H2,1-2H3,(H,15,17,19)	VIAXAWRGIRFRBQ-UHFFFAOYSA-N	chembl_36	256.30899999999997	2.4766200000000005	59.290000000000006	0.35714285714285715	O=C(Nc1nnc2ccccn12)C1=CCCC1	4.0	1.0	True	6.0
CHEMBL2628852	Cc1noc(C)c1[C@@H](C)CNc1cc(C#N)ccn1	InChI=1S/C14H16N4O/c1-9(14-10(2)18-19-11(14)3)8-17-13-6-12(7-15)4-5-16-13/h4-6,9H,8H2,1-3H3,(H,16,17)/t9-/m0/s1	OSBLBJMUDFTMRX-VIFPVBQESA-N	chembl_36	256.30899999999997	2.773720000000001	74.74000000000001	0.35714285714285715	c1ccc(NCCc2cnoc2)nc1	5.0	1.0	True	6.0
CHEMBL1868478	COCCN1CCN(CC2(O)CCCCC2)CC1	InChI=1S/C14H28N2O2/c1-18-12-11-15-7-9-16(10-8-15)13-14(17)5-3-2-4-6-14/h17H,2-13H2,1H3	GUNDDDRNEIVMMP-UHFFFAOYSA-N	chembl_36	256.38999999999993	0.9455999999999996	35.94	1.0	C1CCC(CN2CCNCC2)CC1	4.0	1.0	True	6.0
CHEMBL2221114	Cc1ccccc1C(=O)/C=C/c1ccc([N+](=O)[O-])o1	InChI=1S/C14H11NO4/c1-10-4-2-3-5-12(10)13(16)8-6-11-7-9-14(19-11)15(17)18/h2-9H,1H3/b8-6+	XHBGBVFPRGHTBU-SOFGYWHQSA-N	chembl_36	257.245	3.3923200000000024	73.35	0.07142857142857142	O=C(/C=C/c1ccco1)c1ccccc1	4.0	0.0	True	6.0
CHEMBL997827	O=c1[nH]c2ccc(NCc3ccccc3F)cc2[nH]1	InChI=1S/C14H12FN3O/c15-11-4-2-1-3-9(11)8-16-10-5-6-12-13(7-10)18-14(19)17-12/h1-7,16H,8H2,(H2,17,18,19)	MDENFWWYXYNIHM-UHFFFAOYSA-N	chembl_36	257.268	2.6074	60.68	0.07142857142857142	O=c1[nH]c2ccc(NCc3ccccc3)cc2[nH]1	2.0	3.0	True	6.0
CHEMBL2092531	c1ccc(C(=C2CCOCC2)c2cccs2)cc1	InChI=1S/C16H16OS/c1-2-5-13(6-3-1)16(15-7-4-12-18-15)14-8-10-17-11-9-14/h1-7,12H,8-11H2	IBNRYLFQLTYQFW-UHFFFAOYSA-N	chembl_36	256.37	4.360400000000003	9.23	0.25	c1ccc(C(=C2CCOCC2)c2cccs2)cc1	2.0	0.0	True	6.0
CHEMBL2445766	CCOc1cccc2cc(-c3ccno3)c(=O)oc12	InChI=1S/C14H11NO4/c1-2-17-12-5-3-4-9-8-10(11-6-7-15-19-11)14(16)18-13(9)12/h3-8H,2H2,1H3	SUZRYBUXWOQEOZ-UHFFFAOYSA-N	chembl_36	257.24499999999995	2.846700000000001	65.47	0.14285714285714285	O=c1oc2ccccc2cc1-c1ccno1	5.0	0.0	True	6.0
CHEMBL847422	CCOC(=O)c1cnc2nc3ccccc3n2c1O	InChI=1S/C13H11N3O3/c1-2-19-12(18)8-7-14-13-15-9-5-3-4-6-10(9)16(13)11(8)17/h3-7,17H,2H2,1H3	IQHIYAXDFZCZGG-UHFFFAOYSA-N	chembl_36	257.24899999999997	1.7648000000000001	76.72	0.15384615384615385	c1ccc2c(c1)nc1ncccn12	6.0	1.0	True	6.0
CHEMBL1680064	Cc1nn(-c2ccccc2)c(O)c1/C=N/c1nn[nH]n1	InChI=1S/C12H11N7O/c1-8-10(7-13-12-14-17-18-15-12)11(20)19(16-8)9-5-3-2-4-6-9/h2-7,20H,1H3,(H,14,15,17,18)/b13-7+	RXAQBRYTDLSDIJ-NTUHNPAUSA-N	chembl_36	269.268	1.1500199999999998	104.86999999999999	0.08333333333333333	C(=N/c1nn[nH]n1)\c1cnn(-c2ccccc2)c1	7.0	2.0	True	6.0
CHEMBL1032900	NC(=N\c1ccc(N)cc1)/C(N)=N/c1ccc(N)cc1	InChI=1S/C14H16N6/c15-9-1-5-11(6-2-9)19-13(17)14(18)20-12-7-3-10(16)4-8-12/h1-8H,15-16H2,(H2,17,19)(H2,18,20)	INGGFJSDOBBHRR-UHFFFAOYSA-N	chembl_36	268.32399999999996	1.5285999999999997	128.79999999999998	0.0	C(/C=N/c1ccccc1)=N\c1ccccc1	4.0	4.0	True	6.0
CHEMBL1045726	C[N+]1(CCCCCCC(=O)C=NO)CCCCCC1	InChI=1S/C15H28N2O2/c1-17(12-8-4-5-9-13-17)11-7-3-2-6-10-15(18)14-16-19/h14H,2-13H2,1H3/p+1	QPPLIMXYLDUVMD-UHFFFAOYSA-O	chembl_36	269.409	2.986600000000002	49.66	0.8666666666666667	C1CCC[NH2+]CC1	3.0	1.0	True	7.0
CHEMBL60827	O=C1c2ccccc2O[C@@H]2CSc3ccccc3[C@H]12	InChI=1S/C16H12O2S/c17-16-10-5-1-3-7-12(10)18-13-9-19-14-8-4-2-6-11(14)15(13)16/h1-8,13,15H,9H2/t13-,15+/m1/s1	ZYONBXQBNSQFOW-HIFRSBDPSA-N	chembl_36	268.337	3.519800000000002	26.3	0.1875	O=C1c2ccccc2O[C@@H]2CSc3ccccc3[C@H]12	3.0	0.0	True	6.0
CHEMBL2881787	Cc1[nH]c2ncnc(NC(=O)c3cncnc3)c2c1C	InChI=1S/C13H12N6O/c1-7-8(2)18-11-10(7)12(17-6-16-11)19-13(20)9-3-14-5-15-4-9/h3-6H,1-2H3,(H2,16,17,18,19,20)	OLQBCGSTNBERCY-UHFFFAOYSA-N	chembl_36	268.28000000000003	1.6170399999999998	96.45	0.15384615384615385	O=C(Nc1ncnc2[nH]ccc12)c1cncnc1	5.0	2.0	True	6.0
CHEMBL2453019	CSc1ncc(CNC(=O)[C@H]2CC[C@@H](N)C2)n1C	InChI=1S/C12H20N4OS/c1-16-10(7-15-12(16)18-2)6-14-11(17)8-3-4-9(13)5-8/h7-9H,3-6,13H2,1-2H3,(H,14,17)/t8-,9+/m0/s1	HBIQUPZKDSTXGP-DTWKUNHWSA-N	chembl_36	268.38599999999997	0.8855999999999996	72.94	0.6666666666666666	O=C(NCc1cnc[nH]1)C1CCCC1	5.0	2.0	True	5.0
CHEMBL2448600	O=C(NCC1(O)CCNC1)Nc1ccccc1Cl	InChI=1S/C12H16ClN3O2/c13-9-3-1-2-4-10(9)16-11(17)15-8-12(18)5-6-14-7-12/h1-4,14,18H,5-8H2,(H2,15,16,17)	WYUMPJUHFYVRGK-UHFFFAOYSA-N	chembl_36	269.732	1.1858999999999993	73.39	0.4166666666666667	O=C(NCC1CCNC1)Nc1ccccc1	3.0	4.0	True	6.0
CHEMBL64275	COc1c(-c2nn[nH]n2)oc2c3ccccc3n(C)c12	InChI=1S/C13H11N5O2/c1-18-8-6-4-3-5-7(8)10-9(18)11(19-2)12(20-10)13-14-16-17-15-13/h3-6H,1-2H3,(H,14,15,16,17)	DUUYWVFGLXQTMD-UHFFFAOYSA-N	chembl_36	269.264	2.1131999999999995	81.76000000000002	0.15384615384615385	c1ccc2c(c1)[nH]c1cc(-c3nn[nH]n3)oc12	6.0	1.0	True	6.0
CHEMBL2292936	C[C@H]1C[C@H]2CSC(N)=N[C@@]2(c2nccs2)CO1	InChI=1S/C11H15N3OS2/c1-7-4-8-5-17-10(12)14-11(8,6-15-7)9-13-2-3-16-9/h2-3,7-8H,4-6H2,1H3,(H2,12,14)/t7-,8-,11-/m0/s1	YOPGYXJUSAZXEE-LAEOZQHASA-N	chembl_36	269.39500000000004	1.8249000000000002	60.5	0.6363636363636364	C1=N[C@@]2(c3nccs3)COCC[C@H]2CS1	6.0	1.0	True	6.0
CHEMBL1103331	O=C(Nc1ccccc1)c1n[nH]c(Cn2cncn2)n1	InChI=1S/C12H11N7O/c20-12(15-9-4-2-1-3-5-9)11-16-10(17-18-11)6-19-8-13-7-14-19/h1-5,7-8H,6H2,(H,15,20)(H,16,17,18)	YUEYNGCSXFERPR-UHFFFAOYSA-N	chembl_36	269.268	0.6967999999999996	101.38	0.08333333333333333	O=C(Nc1ccccc1)c1n[nH]c(Cn2cncn2)n1	6.0	2.0	True	6.0
CHEMBL2045428	COc1nn2cc(-c3nc4ccc(F)cc4s3)nc2s1	InChI=1S/C12H7FN4OS2/c1-18-12-16-17-5-8(15-11(17)20-12)10-14-7-3-2-6(13)4-9(7)19-10/h2-5H,1H3	LPWHLHODPBVAFE-UHFFFAOYSA-N	chembl_36	306.34700000000004	3.215200000000001	52.31	0.08333333333333333	c1ccc2sc(-c3cn4ncsc4n3)nc2c1	7.0	0.0	True	6.0
CHEMBL574599	O=C(c1cccs1)c1no[n+]([O-])c1C(=O)c1cccs1	InChI=1S/C12H6N2O4S2/c15-11(7-3-1-5-19-7)9-10(14(17)18-13-9)12(16)8-4-2-6-20-8/h1-6H	RUQGCDMXFBOTMW-UHFFFAOYSA-N	chembl_36	306.32399999999996	1.8930000000000002	87.11000000000001	0.0	O=C(c1cccs1)c1no[nH+]c1C(=O)c1cccs1	7.0	0.0	True	5.0
CHEMBL1974994	COc1ccc(Nc2nc3c(-c4cn[nH]c4)cccn3n2)cc1	InChI=1S/C16H14N6O/c1-23-13-6-4-12(5-7-13)19-16-20-15-14(11-9-17-18-10-11)3-2-8-22(15)21-16/h2-10H,1H3,(H,17,18)(H,19,21)	AEQSIQIRYJGIBG-UHFFFAOYSA-N	chembl_36	306.32900000000006	2.8716	80.13	0.0625	c1ccc(Nc2nc3c(-c4cn[nH]c4)cccn3n2)cc1	6.0	2.0	True	6.0
CHEMBL2086362	CC(C)=N/N=C1\SCC(=O)N1Cc1ccccc1[N+](=O)[O-]	InChI=1S/C13H14N4O3S/c1-9(2)14-15-13-16(12(18)8-21-13)7-10-5-3-4-6-11(10)17(19)20/h3-6H,7-8H2,1-2H3/b15-13-	JXXRXUFWXVFVKZ-SQFISAMPSA-N	chembl_36	306.34700000000004	2.4220000000000006	88.17	0.3076923076923077	N=C1SCC(=O)N1Cc1ccccc1	6.0	0.0	True	6.0
CHEMBL951389	Cc1nonc1OCCNCCNc1ccccc1[N+](=O)[O-]	InChI=1S/C13H17N5O4/c1-10-13(17-22-16-10)21-9-8-14-6-7-15-11-4-2-3-5-12(11)18(19)20/h2-5,14-15H,6-9H2,1H3	BLKKBTRIZZEWLJ-UHFFFAOYSA-N	chembl_36	307.31000000000006	1.3667199999999995	115.35000000000002	0.38461538461538464	c1ccc(NCCNCCOc2cnon2)cc1	8.0	2.0	True	6.0
CHEMBL282051	O=C(Cn1cnc2ccccc21)Nc1cccc2c1CNC2=O	InChI=1S/C17H14N4O2/c22-16(9-21-10-19-14-5-1-2-7-15(14)21)20-13-6-3-4-11-12(13)8-18-17(11)23/h1-7,10H,8-9H2,(H,18,23)(H,20,22)	YNLCXACGNWLNAO-UHFFFAOYSA-N	chembl_36	306.32500000000005	1.9183999999999999	76.02000000000001	0.11764705882352941	O=C(Cn1cnc2ccccc21)Nc1cccc2c1CNC2=O	4.0	2.0	True	6.0
CHEMBL434546	Cc1cn2cc(C(F)(F)F)cc2c(C#Cc2cccs2)n1	InChI=1S/C15H9F3N2S/c1-10-8-20-9-11(15(16,17)18)7-14(20)13(19-10)5-4-12-3-2-6-21-12/h2-3,6-9H,1H3	GXAKNKZUSRILPP-UHFFFAOYSA-N	chembl_36	306.31199999999995	4.122820000000002	17.3	0.13333333333333333	C(#Cc1nccn2cccc12)c1cccs1	3.0	0.0	True	6.0
CHEMBL757214	COc1cc(NC(=O)COc2ccc(F)cc2)nc(OC)n1	InChI=1S/C14H14FN3O4/c1-20-13-7-11(17-14(18-13)21-2)16-12(19)8-22-10-5-3-9(15)4-6-10/h3-7H,8H2,1-2H3,(H,16,17,18,19)	LXLOSGUKCQRVPN-UHFFFAOYSA-N	chembl_36	307.28100000000006	1.6503999999999999	82.57000000000001	0.21428571428571427	O=C(COc1ccccc1)Nc1ccncn1	6.0	1.0	True	6.0
CHEMBL1611474	O=C(N1CCOCC1)N1c2ccccc2C=Cc2ccccc21	InChI=1S/C19H18N2O2/c22-19(20-11-13-23-14-12-20)21-17-7-3-1-5-15(17)9-10-16-6-2-4-8-18(16)21/h1-10H,11-14H2	IKGKISMYZNTZPV-UHFFFAOYSA-N	chembl_36	306.36500000000007	3.7607000000000035	32.78	0.21052631578947367	O=C(N1CCOCC1)N1c2ccccc2C=Cc2ccccc21	2.0	0.0	True	7.0
CHEMBL275710	CCCN1Cc2cccc3nc(O)n(c23)C(c2ccccc2)C1	InChI=1S/C19H21N3O/c1-2-11-21-12-15-9-6-10-16-18(15)22(19(23)20-16)17(13-21)14-7-4-3-5-8-14/h3-10,17H,2,11-13H2,1H3,(H,20,23)	KNWKLRLXJUXIEP-UHFFFAOYSA-N	chembl_36	307.39700000000005	3.5569000000000015	41.29	0.3157894736842105	c1ccc(C2CNCc3cccc4ncn2c34)cc1	4.0	1.0	True	7.0
CHEMBL3265567	Cc1nnc2n1-c1ccccc1C(c1ccc(Cl)cc1)=C[C@@H]2CC(=O)OC(C)(C)C	InChI=1S/C24H24ClN3O2/c1-15-26-27-23-17(14-22(29)30-24(2,3)4)13-20(16-9-11-18(25)12-10-16)19-7-5-6-8-21(19)28(15)23/h5-13,17H,14H2,1-4H3/t17-/m1/s1	QZAGERDWTFYJKG-QGZVFWFLSA-N	chembl_36	421.9280000000002	5.489820000000005	57.010000000000005	0.2916666666666667	C1=C(c2ccccc2)c2ccccc2-n2cnnc2C1	5.0	0.0	True	7.0
CHEMBL2041388	CN(C(=O)c1ccc2c(c1)CCCN2C(=O)c1ccc(O)cc1O)c1cccc(F)c1	InChI=1S/C24H21FN2O4/c1-26(18-6-2-5-17(25)13-18)23(30)16-7-10-21-15(12-16)4-3-11-27(21)24(31)20-9-8-19(28)14-22(20)29/h2,5-10,12-14,28-29H,3-4,11H2,1H3	BPZOUMFIFRETCA-UHFFFAOYSA-N	chembl_36	420.44000000000005	4.106500000000003	81.08000000000001	0.16666666666666666	O=C(Nc1ccccc1)c1ccc2c(c1)CCCN2C(=O)c1ccccc1	4.0	2.0	True	6.0
CHEMBL119239	NC(=O)C1(NC(=O)CCCOc2ccc(Cl)cc2Cl)CCc2ccccc2C1	InChI=1S/C21H22Cl2N2O3/c22-16-7-8-18(17(23)12-16)28-11-3-6-19(26)25-21(20(24)27)10-9-14-4-1-2-5-15(14)13-21/h1-2,4-5,7-8,12H,3,6,9-11,13H2,(H2,24,27)(H,25,26)	OZZIMKCUBHQQRG-UHFFFAOYSA-N	chembl_36	421.3240000000002	3.681600000000003	81.42	0.3333333333333333	O=C(CCCOc1ccccc1)NC1CCc2ccccc2C1	3.0	2.0	True	6.0
CHEMBL2192897	Cc1ccccc1CNS(=O)(=O)c1ccc(-c2nc3cc(C(N)=O)ccc3[nH]2)cc1	InChI=1S/C22H20N4O3S/c1-14-4-2-3-5-17(14)13-24-30(28,29)18-9-6-15(7-10-18)22-25-19-11-8-16(21(23)27)12-20(19)26-22/h2-12,24H,13H2,1H3,(H2,23,27)(H,25,26)	HSJSRWDTQSEZSV-UHFFFAOYSA-N	chembl_36	420.49400000000014	3.1157200000000005	117.94	0.09090909090909091	O=S(=O)(NCc1ccccc1)c1ccc(-c2nc3ccccc3[nH]2)cc1	4.0	3.0	True	6.0
CHEMBL1439395	NC(=O)C1CCN(C(=O)c2ccc(NCc3cnc4nc(N)nc(N)c4n3)cc2)CC1	InChI=1S/C20H23N9O2/c21-16-15-18(28-20(23)27-16)25-10-14(26-15)9-24-13-3-1-12(2-4-13)19(31)29-7-5-11(6-8-29)17(22)30/h1-4,10-11,24H,5-9H2,(H2,22,30)(H4,21,23,25,27,28)	LMKXBYYGJWCTTQ-UHFFFAOYSA-N	chembl_36	421.46500000000026	0.5337999999999995	179.03000000000003	0.3	O=C(c1ccc(NCc2cnc3ncncc3n2)cc1)N1CCCCC1	9.0	4.0	True	6.0
CHEMBL813905	COc1cccc(-c2nn(C)c3sc(C(=O)Nc4ccc5c(c4)OCCO5)cc23)c1	InChI=1S/C22H19N3O4S/c1-25-22-16(20(24-25)13-4-3-5-15(10-13)27-2)12-19(30-22)21(26)23-14-6-7-17-18(11-14)29-9-8-28-17/h3-7,10-12H,8-9H2,1-2H3,(H,23,26)	XJQBQSLFCKTQGW-UHFFFAOYSA-N	chembl_36	421.47800000000024	4.333900000000003	74.61000000000001	0.18181818181818182	O=C(Nc1ccc2c(c1)OCCO2)c1cc2c(-c3ccccc3)n[nH]c2s1	7.0	1.0	True	6.0
CHEMBL3180213	NCC1CC2CCC(C1)N2c1nc(N)c(-c2cccc(Cl)c2Cl)c(C(N)=O)n1	InChI=1S/C19H22Cl2N6O/c20-13-3-1-2-12(15(13)21)14-16(18(24)28)25-19(26-17(14)23)27-10-4-5-11(27)7-9(6-10)8-22/h1-3,9-11H,4-8,22H2,(H2,24,28)(H2,23,25,26)	QHFUWZIWTDVEBE-UHFFFAOYSA-N	chembl_36	421.33200000000016	2.837600000000001	124.14999999999999	0.42105263157894735	c1ccc(-c2cnc(N3C4CCCC3CC4)nc2)cc1	6.0	3.0	True	6.0
CHEMBL2717588	C=CC(=O)Nc1ccc2c(ccn2Cc2ccc(-c3cccc(C(F)(F)F)c3)cc2)c1	InChI=1S/C25H19F3N2O/c1-2-24(31)29-22-10-11-23-20(15-22)12-13-30(23)16-17-6-8-18(9-7-17)19-4-3-5-21(14-19)25(26,27)28/h2-15H,1,16H2,(H,29,31)	UYYDFAAPPUCZSG-UHFFFAOYSA-N	chembl_36	420.434	6.499900000000004	34.03	0.08	c1ccc(-c2ccc(Cn3ccc4ccccc43)cc2)cc1	2.0	1.0	True	6.0
CHEMBL1998685	COc1ccc2c(c1)CC[C@@H]2NC(=O)C(C)Oc1cc(C)c2c(C3CC3)nn(C)c2n1	InChI=1S/C24H28N4O3/c1-13-11-20(26-23-21(13)22(15-5-6-15)27-28(23)3)31-14(2)24(29)25-19-10-7-16-12-17(30-4)8-9-18(16)19/h8-9,11-12,14-15,19H,5-7,10H2,1-4H3,(H,25,29)/t14?,19-/m0/s1	QXVOQEVRXUTGSY-PKDNWHCCSA-N	chembl_36	420.5130000000002	3.7337200000000026	78.27	0.4583333333333333	O=C(COc1ccc2c(C3CC3)n[nH]c2n1)N[C@H]1CCc2ccccc21	6.0	1.0	True	6.0
CHEMBL1616520	CSc1nc2c(Cc3ccccc3)cccn2c(=N)c1S(=O)(=O)c1ccccc1	InChI=1S/C22H19N3O2S2/c1-28-22-19(29(26,27)18-12-6-3-7-13-18)20(23)25-14-8-11-17(21(25)24-22)15-16-9-4-2-5-10-16/h2-14,23H,15H2,1H3	OTEMCZFGFGQNIJ-UHFFFAOYSA-N	chembl_36	421.54700000000014	3.959270000000002	75.29	0.09090909090909091	N=c1c(S(=O)(=O)c2ccccc2)cnc2c(Cc3ccccc3)cccn12	6.0	1.0	True	6.0
CHEMBL2385126	CCCCOP(=S)(S)OCCCC.CN1CCC[C@H]1c1cccnc1	InChI=1S/C10H14N2.C8H19O2PS2/c1-12-7-3-5-10(12)9-4-2-6-11-8-9;1-3-5-7-9-11(12,13)10-8-6-4-2/h2,4,6,8,10H,3,5,7H2,1H3;3-8H2,1-2H3,(H,12,13)/t10-;/m0./s1	LKCYWPLFCGYASL-PPHPATTJSA-N	chembl_36	404.58200000000016	5.622400000000006	34.59	0.7222222222222222	c1cncc([C@@H]2CCCN2)c1	5.0	1.0	True	6.0
CHEMBL1738515	CC1CCN(c2ccc(NC(=O)c3ccc4ccccc4c3O)cc2[N+](=O)[O-])CC1	InChI=1S/C23H23N3O4/c1-15-10-12-25(13-11-15)20-9-7-17(14-21(20)26(29)30)24-23(28)19-8-6-16-4-2-3-5-18(16)22(19)27/h2-9,14-15,27H,10-13H2,1H3,(H,24,28)	MNRJKJZSAJQJIX-UHFFFAOYSA-N	chembl_36	405.4540000000002	4.942200000000005	95.71000000000001	0.2608695652173913	O=C(Nc1ccc(N2CCCCC2)cc1)c1ccc2ccccc2c1	5.0	2.0	True	6.0
CHEMBL2613699	CC[C@@H](C(=O)Nc1c(-c2cccc(F)c2F)nc2cc(C)ccn12)c1ccccc1	InChI=1S/C24H21F2N3O/c1-3-17(16-8-5-4-6-9-16)24(30)28-23-22(18-10-7-11-19(25)21(18)26)27-20-14-15(2)12-13-29(20)23/h4-14,17H,3H2,1-2H3,(H,28,30)/t17-/m1/s1	ZTBGVWOSXCZQSS-QGZVFWFLSA-N	chembl_36	405.4480000000001	5.720220000000005	46.400000000000006	0.16666666666666666	O=C(Cc1ccccc1)Nc1c(-c2ccccc2)nc2ccccn12	3.0	1.0	True	6.0
CHEMBL333254	COC(=O)c1nc(-c2csc([C@@H](NC(=O)CCC=C(C)C)C(C)C)n2)oc1C	InChI=1S/C20H27N3O4S/c1-11(2)8-7-9-15(24)22-16(12(3)4)19-21-14(10-28-19)18-23-17(13(5)27-18)20(25)26-6/h8,10,12,16H,7,9H2,1-6H3,(H,22,24)/t16-/m0/s1	BUHONUFPWUSPEC-INIZCTEOSA-N	chembl_36	405.52000000000015	4.452820000000004	94.32	0.5	c1coc(-c2cscn2)n1	7.0	1.0	True	5.0
CHEMBL937021	Cc1ccc(Cn2c(C(=O)O)c(CNC3CCCCCC3)c3ccc(C)cc32)cc1	InChI=1S/C26H32N2O2/c1-18-9-12-20(13-10-18)17-28-24-15-19(2)11-14-22(24)23(25(28)26(29)30)16-27-21-7-5-3-4-6-8-21/h9-15,21,27H,3-8,16-17H2,1-2H3,(H,29,30)	GMPWMEZZTFNZHL-UHFFFAOYSA-N	chembl_36	404.5540000000002	5.817040000000006	54.260000000000005	0.4230769230769231	c1ccc(Cn2cc(CNC3CCCCCC3)c3ccccc32)cc1	3.0	2.0	True	7.0
CHEMBL6074	O=C1c2ccccc2CCCN1CCN1CCC(n2c(=O)oc3ccccc32)CC1	InChI=1S/C24H27N3O3/c28-23-20-8-2-1-6-18(20)7-5-13-26(23)17-16-25-14-11-19(12-15-25)27-21-9-3-4-10-22(21)30-24(27)29/h1-4,6,8-10,19H,5,7,11-17H2	ZJZWZRUFZGPXBV-UHFFFAOYSA-N	chembl_36	405.49800000000016	3.320000000000002	58.690000000000005	0.4166666666666667	O=C1c2ccccc2CCCN1CCN1CCC(n2c(=O)oc3ccccc32)CC1	5.0	0.0	True	7.0
CHEMBL1499667	Cc1ccc2oc(=O)c3ccc(-c4cc5c(ccc6ccccc65)oc4=O)nc3c2c1	InChI=1S/C26H15NO4/c1-14-6-10-23-20(12-14)24-17(25(28)31-23)8-9-21(27-24)19-13-18-16-5-3-2-4-15(16)7-11-22(18)30-26(19)29/h2-13H,1H3	OWHUVBNGSINPAT-UHFFFAOYSA-N	chembl_36	405.40900000000016	5.576220000000005	73.31	0.038461538461538464	O=c1oc2ccc3ccccc3c2cc1-c1ccc2c(=O)oc3ccccc3c2n1	5.0	0.0	True	6.0
CHEMBL3108328	COc1cc(NC2CCN(C)CC2)ccc1-c1cc(Nc2cnc(C#N)cn2)n[nH]1	InChI=1S/C21H24N8O/c1-29-7-5-14(6-8-29)25-15-3-4-17(19(9-15)30-2)18-10-20(28-27-18)26-21-13-23-16(11-22)12-24-21/h3-4,9-10,12-14,25H,5-8H2,1-2H3,(H2,24,26,27,28)	OPMMJEJEIGVOOH-UHFFFAOYSA-N	chembl_36	404.47800000000007	2.9966800000000005	114.78	0.3333333333333333	c1cnc(Nc2cc(-c3ccc(NC4CCNCC4)cc3)[nH]n2)cn1	8.0	3.0	True	6.0
CHEMBL554733	COC(=O)[C@@H]1C=C[C@@H]2C[C@H]3[C@H](CCCCCCCc4ccccc4)[C@H]4C=C[C@@H]1[C@@H]2[C@H]43	InChI=1S/C28H36O2/c1-30-28(29)24-15-14-20-18-25-21(22-16-17-23(24)26(20)27(22)25)13-9-4-2-3-6-10-19-11-7-5-8-12-19/h5,7-8,11-12,14-17,20-27H,2-4,6,9-10,13,18H2,1H3/t20-,21-,22-,23+,24-,25+,26-,27-/m1/s1	OVQNZDVEWYMACH-SVIYCKGTSA-N	chembl_36	404.594	6.229200000000007	26.3	0.6071428571428571	C1=C[C@@H]2C[C@H]3[C@H](CCCCCCCc4ccccc4)[C@H]4C=C[C@@H](C1)[C@@H]2[C@H]43	2.0	0.0	True	6.0
CHEMBL1688302	O=C(O)c1cccc(Cn2c(Cl)c(/C=N/NC(=O)c3ccco3)sc2=O)c1	InChI=1S/C17H12ClN3O5S/c18-14-13(8-19-20-15(22)12-5-2-6-26-12)27-17(25)21(14)9-10-3-1-4-11(7-10)16(23)24/h1-8H,9H2,(H,20,22)(H,23,24)/b19-8+	MCBICAFGJMQRBB-UFWORHAWSA-N	chembl_36	405.81900000000013	2.6666000000000007	113.9	0.058823529411764705	O=C(N/N=C/c1cn(Cc2ccccc2)c(=O)s1)c1ccco1	7.0	2.0	True	6.0
CHEMBL441241	COC(=O)[C@]1(c2cccc(OCc3ccc(Cl)c(Cl)c3)c2)C[C@H]1C(=O)NO	InChI=1S/C19H17Cl2NO5/c1-26-18(24)19(9-14(19)17(23)22-25)12-3-2-4-13(8-12)27-10-11-5-6-15(20)16(21)7-11/h2-8,14,25H,9-10H2,1H3,(H,22,23)/t14-,19-/m0/s1	DURBSUHKVDBUEW-LIRRHRJNSA-N	chembl_36	410.25300000000004	3.5085000000000024	84.86	0.2631578947368421	c1ccc(COc2cccc(C3CC3)c2)cc1	5.0	2.0	True	6.0
CHEMBL894028	NC1=C(c2nc(-c3cccc([N+](=O)[O-])c3)cs2)C(=O)CN1NC(=O)c1ccco1	InChI=1S/C18H13N5O5S/c19-16-15(13(24)8-22(16)21-17(25)14-5-2-6-28-14)18-20-12(9-29-18)10-3-1-4-11(7-10)23(26)27/h1-7,9H,8,19H2,(H,21,25)	DWNDJELRQBVAMC-UHFFFAOYSA-N	chembl_36	411.39900000000017	2.1683000000000003	144.60000000000002	0.05555555555555555	O=C1CN(NC(=O)c2ccco2)C=C1c1nc(-c2ccccc2)cs1	9.0	2.0	True	6.0
CHEMBL2894568	O=C(c1ccsc1NS(=O)(=O)Cc1ccccc1[N+](=O)[O-])N1CCOCC1	InChI=1S/C16H17N3O6S2/c20-16(18-6-8-25-9-7-18)13-5-10-26-15(13)17-27(23,24)11-12-3-1-2-4-14(12)19(21)22/h1-5,10,17H,6-9,11H2	ANEJDCPQFUEOQW-UHFFFAOYSA-N	chembl_36	411.46100000000024	2.0706000000000007	118.85	0.3125	O=C(c1ccsc1NS(=O)(=O)Cc1ccccc1)N1CCOCC1	7.0	1.0	True	6.0
CHEMBL853133	O=C(COc1ccc(Cl)cc1)Nc1cnn(Cc2c(Cl)cccc2Cl)c1	InChI=1S/C18H14Cl3N3O2/c19-12-4-6-14(7-5-12)26-11-18(25)23-13-8-22-24(9-13)10-15-16(20)2-1-3-17(15)21/h1-9H,10-11H2,(H,23,25)	DXAFGAUCVQWGFJ-UHFFFAOYSA-N	chembl_36	410.6880000000001	4.909100000000003	56.15	0.1111111111111111	O=C(COc1ccccc1)Nc1cnn(Cc2ccccc2)c1	4.0	1.0	True	6.0
CHEMBL829210	O=[N+]([O-])c1ccc(S(=O)(=O)Nc2ccc(S(=O)(=O)N3CCCC3)cc2)cc1	InChI=1S/C16H17N3O6S2/c20-19(21)14-5-9-15(10-6-14)26(22,23)17-13-3-7-16(8-4-13)27(24,25)18-11-1-2-12-18/h3-10,17H,1-2,11-12H2	YESCJUUHMHKYOW-UHFFFAOYSA-N	chembl_36	411.46100000000024	2.1801000000000004	126.68999999999998	0.25	O=S(=O)(Nc1ccc(S(=O)(=O)N2CCCC2)cc1)c1ccccc1	6.0	1.0	True	6.0
CHEMBL2686023	COCCN(CC(=O)N1N=C(c2cccn2C)C[C@H]1c1ccccc1)C(=O)C(C)C	InChI=1S/C23H30N4O3/c1-17(2)23(29)26(13-14-30-4)16-22(28)27-21(18-9-6-5-7-10-18)15-19(24-27)20-11-8-12-25(20)3/h5-12,17,21H,13-16H2,1-4H3/t21-/m0/s1	YDWPMJGURLLMDT-NRFANRHFSA-N	chembl_36	410.51800000000014	2.833800000000001	67.14	0.43478260869565216	c1ccc([C@@H]2CC(c3ccc[nH]3)=NN2)cc1	5.0	0.0	True	6.0
CHEMBL3110685	CC(C)c1ccccc1-c1ncc2[nH]c(=O)n(Cc3cccc(-n4cccn4)c3)c2n1	InChI=1S/C24H22N6O/c1-16(2)19-9-3-4-10-20(19)22-25-14-21-23(28-22)29(24(31)27-21)15-17-7-5-8-18(13-17)30-12-6-11-26-30/h3-14,16H,15H2,1-2H3,(H,27,31)	VRSQUVMWLCPBPM-UHFFFAOYSA-N	chembl_36	410.48100000000005	4.144000000000002	81.39	0.16666666666666666	O=c1[nH]c2cnc(-c3ccccc3)nc2n1Cc1cccc(-n2cccn2)c1	6.0	1.0	True	6.0
CHEMBL470216	CC(C)CCc1cc(NCc2cccc3ccccc23)nc(NCc2ccccc2)n1	InChI=1S/C27H30N4/c1-20(2)15-16-24-17-26(31-27(30-24)29-18-21-9-4-3-5-10-21)28-19-23-13-8-12-22-11-6-7-14-25(22)23/h3-14,17,20H,15-16,18-19H2,1-2H3,(H2,28,29,30,31)	XKPAFRODLILISU-UHFFFAOYSA-N	chembl_36	410.5650000000001	6.442600000000006	49.84	0.25925925925925924	c1ccc(CNc2nccc(NCc3cccc4ccccc34)n2)cc1	4.0	2.0	True	6.0
CHEMBL1342084	Cc1c(-c2ccc(Cc3ccc(OC(F)(F)F)cc3)cc2)[nH]c2ncccc2c1=O	InChI=1S/C23H17F3N2O2/c1-14-20(28-22-19(21(14)29)3-2-12-27-22)17-8-4-15(5-9-17)13-16-6-10-18(11-7-16)30-23(24,25)26/h2-12H,13H2,1H3,(H,27,28,29)	CPYQEWIUVUICCV-UHFFFAOYSA-N	chembl_36	410.39500000000004	5.387920000000004	54.98	0.13043478260869565	O=c1cc(-c2ccc(Cc3ccccc3)cc2)[nH]c2ncccc12	3.0	1.0	True	6.0
CHEMBL1207907	CCOC(=O)N1CCC(N2CCN(Cc3ccc(F)c(F)c3)C(CCO)C2)CC1	InChI=1S/C21H31F2N3O3/c1-2-29-21(28)24-8-5-17(6-9-24)26-11-10-25(18(15-26)7-12-27)14-16-3-4-19(22)20(23)13-16/h3-4,13,17-18,27H,2,5-12,14-15H2,1H3	HYGBYTUMTXTIIE-UHFFFAOYSA-N	chembl_36	411.4930000000002	2.4543	56.25	0.6666666666666666	c1ccc(CN2CCN(C3CCNCC3)CC2)cc1	5.0	1.0	True	6.0
CHEMBL2893586	CSc1ccc(-c2cn3ccnc3c(NCCc3ccncc3)n2)cc1	InChI=1S/C20H19N5S/c1-26-17-4-2-16(3-5-17)18-14-25-13-12-23-20(25)19(24-18)22-11-8-15-6-9-21-10-7-15/h2-7,9-10,12-14H,8,11H2,1H3,(H,22,24)	GXDYJQSHQQKLBH-UHFFFAOYSA-N	chembl_36	361.474	4.1678000000000015	55.11	0.15	c1ccc(-c2cn3ccnc3c(NCCc3ccncc3)n2)cc1	6.0	1.0	True	6.0
CHEMBL2187159	O=c1c2cn[nH]c2c2ccc(-c3cc[n+]([O-])cc3)cc2n1CC(F)(F)F	InChI=1S/C17H11F3N4O2/c18-17(19,20)9-24-14-7-11(10-3-5-23(26)6-4-10)1-2-12(14)15-13(16(24)25)8-21-22-15/h1-8H,9H2,(H,21,22)	VZFUSHBMJSDDAJ-UHFFFAOYSA-N	chembl_36	360.2950000000001	2.740500000000001	77.62	0.11764705882352941	O=c1[nH]c2cc(-c3cc[nH+]cc3)ccc2c2[nH]ncc12	4.0	1.0	True	6.0
CHEMBL2974144	CC1(C(=O)Nc2ccccc2)CN(C(=O)c2cc(-c3ccccc3)on2)C1	InChI=1S/C21H19N3O3/c1-21(20(26)22-16-10-6-3-7-11-16)13-24(14-21)19(25)17-12-18(27-23-17)15-8-4-2-5-9-15/h2-12H,13-14H2,1H3,(H,22,26)	PFWPSFXHZLEHCN-UHFFFAOYSA-N	chembl_36	361.40100000000007	3.442400000000002	75.44	0.19047619047619047	O=C(Nc1ccccc1)C1CN(C(=O)c2cc(-c3ccccc3)on2)C1	4.0	1.0	True	6.0
CHEMBL2669006	COc1ccccc1NS(=O)(=O)c1ccc(-c2nnc(C3CC3)o2)o1	InChI=1S/C16H15N3O5S/c1-22-12-5-3-2-4-11(12)19-25(20,21)14-9-8-13(23-14)16-18-17-15(24-16)10-6-7-10/h2-5,8-10,19H,6-7H2,1H3	UXPFDNOMBAOZCO-UHFFFAOYSA-N	chembl_36	361.37900000000013	3.016400000000001	107.46	0.25	O=S(=O)(Nc1ccccc1)c1ccc(-c2nnc(C3CC3)o2)o1	7.0	1.0	True	6.0
CHEMBL710179	Cc1nc2c(C#N)c(C)c(-c3ccccc3)c(N3CC[C@H](N(C)C)C3)c2o1	InChI=1S/C22H24N4O/c1-14-18(12-23)20-22(27-15(2)24-20)21(19(14)16-8-6-5-7-9-16)26-11-10-17(13-26)25(3)4/h5-9,17H,10-11,13H2,1-4H3/t17-/m0/s1	RRBWECFUUVXSMX-KRWDZBQOSA-N	chembl_36	360.4610000000002	4.123620000000003	56.300000000000004	0.36363636363636365	c1ccc(-c2ccc3ncoc3c2N2CCCC2)cc1	5.0	0.0	True	6.0
CHEMBL2884744	COc1ccccc1-c1nccnc1N[C@H]1CCN(Cc2ccccc2)C1	InChI=1S/C22H24N4O/c1-27-20-10-6-5-9-19(20)21-22(24-13-12-23-21)25-18-11-14-26(16-18)15-17-7-3-2-4-8-17/h2-10,12-13,18H,11,14-16H2,1H3,(H,24,25)/t18-/m0/s1	KAZOFKSRLKMOQY-SFHVURJKSA-N	chembl_36	360.4610000000001	3.838600000000003	50.28000000000001	0.2727272727272727	c1ccc(CN2CC[C@H](Nc3nccnc3-c3ccccc3)C2)cc1	5.0	1.0	True	6.0
CHEMBL124303	CCCCNc1nc(N2CCCCC2CCO)nc2c1ncn2C(C)C	InChI=1S/C19H32N6O/c1-4-5-10-20-17-16-18(25(13-21-16)14(2)3)23-19(22-17)24-11-7-6-8-15(24)9-12-26/h13-15,26H,4-12H2,1-3H3,(H,20,22,23)	NYQYYSIFCSDYGN-UHFFFAOYSA-N	chembl_36	360.50600000000003	3.360500000000002	79.1	0.7368421052631579	c1nc2cnc(N3CCCCC3)nc2[nH]1	7.0	2.0	True	6.0
CHEMBL3049051	COc1cc(CNC2CC2)ccc1-c1cc(Nc2cnc(C#N)cn2)n[nH]1	InChI=1S/C19H19N7O/c1-27-17-6-12(9-21-13-3-4-13)2-5-15(17)16-7-18(26-25-16)24-19-11-22-14(8-20)10-23-19/h2,5-7,10-11,13,21H,3-4,9H2,1H3,(H2,23,24,25,26)	CLNUFSHIWZUAGQ-UHFFFAOYSA-N	chembl_36	361.40900000000005	2.7425800000000002	111.53999999999999	0.2631578947368421	c1cnc(Nc2cc(-c3ccc(CNC4CC4)cc3)[nH]n2)cn1	7.0	3.0	True	6.0
CHEMBL1495901	O=C(O)c1ccccc1Nc1nnc(COc2ccccc2Cl)s1	InChI=1S/C16H12ClN3O3S/c17-11-6-2-4-8-13(11)23-9-14-19-20-16(24-14)18-12-7-3-1-5-10(12)15(21)22/h1-8H,9H2,(H,18,20)(H,21,22)	MKHAEYOPCFKCMK-UHFFFAOYSA-N	chembl_36	361.80999999999995	4.212300000000002	84.34	0.0625	c1ccc(Nc2nnc(COc3ccccc3)s2)cc1	6.0	2.0	True	6.0
CHEMBL1700841	Cc1ccc(S(=O)(=O)/N=C(/c2ccc(F)cc2)N2CCCCC2)cc1	InChI=1S/C19H21FN2O2S/c1-15-5-11-18(12-6-15)25(23,24)21-19(22-13-3-2-4-14-22)16-7-9-17(20)10-8-16/h5-12H,2-4,13-14H2,1H3/b21-19-	UAHAGJBAMIJEIH-VZCXRCSSSA-N	chembl_36	360.45400000000024	3.7555200000000033	49.74	0.3157894736842105	O=S(=O)(/N=C(/c1ccccc1)N1CCCCC1)c1ccccc1	2.0	0.0	True	6.0
CHEMBL2606012	CC(C)N1C(=O)CC(C(=O)NOC2CCCCO2)C1c1ccc(Cl)c(F)c1	InChI=1S/C19H24ClFN2O4/c1-11(2)23-16(24)10-13(18(23)12-6-7-14(20)15(21)9-12)19(25)22-27-17-5-3-4-8-26-17/h6-7,9,11,13,17-18H,3-5,8,10H2,1-2H3,(H,22,25)	VYDNAPBBRRZFAC-UHFFFAOYSA-N	chembl_36	398.8620000000001	3.3515000000000015	67.87	0.5789473684210527	O=C1CC(C(=O)NOC2CCCCO2)C(c2ccccc2)N1	4.0	1.0	True	6.0
CHEMBL170107	C[C@H](NC(=O)[C@@H](O)c1cc(F)cc(F)c1)C(=O)N[C@H](CO)CC1CCCCC1	InChI=1S/C20H28F2N2O4/c1-12(19(27)24-17(11-25)7-13-5-3-2-4-6-13)23-20(28)18(26)14-8-15(21)10-16(22)9-14/h8-10,12-13,17-18,25-26H,2-7,11H2,1H3,(H,23,28)(H,24,27)/t12-,17-,18-/m0/s1	CLQYFTAZKJQQES-IGNZVWTISA-N	chembl_36	398.4500000000002	1.950399999999999	98.66000000000001	0.6	O=C(CNC(=O)Cc1ccccc1)NCCC1CCCCC1	4.0	4.0	True	6.0
CHEMBL1447664	CCNC(=O)NCc1nc(-c2nc(C)cs2)c(-c2ccc3ncsc3c2)[nH]1	InChI=1S/C18H18N6OS2/c1-3-19-18(25)20-7-14-23-15(16(24-14)17-22-10(2)8-26-17)11-4-5-12-13(6-11)27-9-21-12/h4-6,8-9H,3,7H2,1-2H3,(H,23,24)(H2,19,20,25)	ZMARITQPIIULMX-UHFFFAOYSA-N	chembl_36	398.51700000000005	3.937420000000002	95.59	0.2222222222222222	c1csc(-c2nc[nH]c2-c2ccc3ncsc3c2)n1	6.0	3.0	True	6.0
CHEMBL2496096	CN(C)CCN1C(=O)c2ccccc2C(=O)N(Cc2ccccc2)c2ccccc21	InChI=1S/C25H25N3O2/c1-26(2)16-17-27-22-14-8-9-15-23(22)28(18-19-10-4-3-5-11-19)25(30)21-13-7-6-12-20(21)24(27)29/h3-15H,16-18H2,1-2H3	YAFWXROGGMNEFK-UHFFFAOYSA-N	chembl_36	399.4940000000001	4.055400000000003	43.86000000000001	0.2	O=C1Nc2ccccc2N(Cc2ccccc2)C(=O)c2ccccc21	3.0	0.0	True	8.0
CHEMBL303473	COC(=O)c1cnc(S)n1C(c1ccc(Cl)c(Cl)c1)C1CCCCC1	InChI=1S/C18H20Cl2N2O2S/c1-24-17(23)15-10-21-18(25)22(15)16(11-5-3-2-4-6-11)12-7-8-13(19)14(20)9-12/h7-11,16H,2-6H2,1H3,(H,21,25)	FPCRKXFYSDXECP-UHFFFAOYSA-N	chembl_36	399.3430000000003	5.434900000000003	44.12	0.4444444444444444	c1ccc(C(C2CCCCC2)n2ccnc2)cc1	5.0	1.0	True	6.0
CHEMBL2705546	CCc1nc2c(c(OC3CCN(C(=O)c4ccn(CC)n4)CC3)n1)CCOCC2	InChI=1S/C21H29N5O3/c1-3-19-22-17-9-14-28-13-8-16(17)20(23-19)29-15-5-10-25(11-6-15)21(27)18-7-12-26(4-2)24-18/h7,12,15H,3-6,8-11,13-14H2,1-2H3	JWXWGPLNFGNVJH-UHFFFAOYSA-N	chembl_36	399.4950000000003	2.0542	82.37	0.6190476190476191	O=C(c1cc[nH]n1)N1CCC(Oc2ncnc3c2CCOCC3)CC1	7.0	0.0	True	7.0
CHEMBL2269546	CC(=O)n1cc(C(=O)Nc2cc(C(=O)O)cc(-c3ccccc3)c2)c2ccccc21	InChI=1S/C24H18N2O4/c1-15(27)26-14-21(20-9-5-6-10-22(20)26)23(28)25-19-12-17(11-18(13-19)24(29)30)16-7-3-2-4-8-16/h2-14H,1H3,(H,25,28)(H,29,30)	SQPMJEJHAGKYPU-UHFFFAOYSA-N	chembl_36	398.41800000000006	4.9189000000000025	88.4	0.041666666666666664	O=C(Nc1cccc(-c2ccccc2)c1)c1c[nH]c2ccccc12	4.0	2.0	True	6.0
CHEMBL1464460	CCC(=O)N1N=C(c2ccc(-c3ccc(F)cc3)o2)OC1c1ccccc1Cl	InChI=1S/C21H16ClFN2O3/c1-2-19(26)25-21(15-5-3-4-6-16(15)22)28-20(24-25)18-12-11-17(27-18)13-7-9-14(23)10-8-13/h3-12,21H,2H2,1H3	XIFHQTRLUFDSNP-UHFFFAOYSA-N	chembl_36	398.82100000000014	5.368300000000003	55.040000000000006	0.14285714285714285	c1ccc(-c2ccc(C3=NNC(c4ccccc4)O3)o2)cc1	4.0	0.0	True	6.0
CHEMBL1243241	CC(C)(C)c1ccc(C(=O)N2[C@H](COCc3ccccc3)C=CS2(=O)=O)cc1	InChI=1S/C22H25NO4S/c1-22(2,3)19-11-9-18(10-12-19)21(24)23-20(13-14-28(23,25)26)16-27-15-17-7-5-4-6-8-17/h4-14,20H,15-16H2,1-3H3/t20-/m0/s1	BXIGMKCVONYOLW-FQEVSTJZSA-N	chembl_36	399.51200000000006	3.868800000000004	63.68	0.3181818181818182	O=C(c1ccccc1)N1[C@H](COCc2ccccc2)C=CS1(=O)=O	4.0	0.0	True	6.0
CHEMBL126625	O=C(N[C@H]1CC[C@H](CCN2CCN(c3ccccn3)CC2)CC1)c1cccs1	InChI=1S/C22H30N4OS/c27-22(20-4-3-17-28-20)24-19-8-6-18(7-9-19)10-12-25-13-15-26(16-14-25)21-5-1-2-11-23-21/h1-5,11,17-19H,6-10,12-16H2,(H,24,27)/t18-,19-	ZSOAASMDFMEZPH-WGSAOQKQSA-N	chembl_36	398.5760000000002	3.644000000000003	48.470000000000006	0.5454545454545454	O=C(N[C@H]1CC[C@H](CCN2CCN(c3ccccn3)CC2)CC1)c1cccs1	5.0	1.0	True	6.0
CHEMBL2154209	CC(C)CN1C[C@H](CCCCN)N=C(SCCC(N)=O)c2nn(CC(C)C)cc21	InChI=1S/C21H38N6OS/c1-15(2)11-26-13-17(7-5-6-9-22)24-21(29-10-8-19(23)28)20-18(26)14-27(25-20)12-16(3)4/h14-17H,5-13,22H2,1-4H3,(H2,23,28)/t17-/m0/s1	BXAOBODAUFERDG-KRWDZBQOSA-N	chembl_36	422.6430000000002	2.8679000000000006	102.53	0.7619047619047619	C1=NCCNc2c[nH]nc21	7.0	2.0	True	7.0
CHEMBL470262	COC(=O)[C@@H]1C[C@@H](OC(=O)c2ccc(Cl)cc2)CN1S(=O)(=O)c1ccccc1	InChI=1S/C19H18ClNO6S/c1-26-19(23)17-11-15(27-18(22)13-7-9-14(20)10-8-13)12-21(17)28(24,25)16-5-3-2-4-6-16/h2-10,15,17H,11-12H2,1H3/t15-,17+/m1/s1	KJSDVSGSFRRLSV-WBVHZDCISA-N	chembl_36	423.87400000000014	2.5016000000000007	89.97999999999999	0.2631578947368421	O=C(O[C@@H]1CCN(S(=O)(=O)c2ccccc2)C1)c1ccccc1	6.0	0.0	True	6.0
CHEMBL1093696	COc1cccc(-n2c(Cc3cc(O)nc(O)n3)nnc2SCc2cccnc2)c1	InChI=1S/C20H18N6O3S/c1-29-16-6-2-5-15(10-16)26-17(8-14-9-18(27)23-19(28)22-14)24-25-20(26)30-12-13-4-3-7-21-11-13/h2-7,9-11H,8,12H2,1H3,(H2,22,23,27,28)	NKBPDXYDFHIVKQ-UHFFFAOYSA-N	chembl_36	422.47000000000014	2.755200000000001	119.07000000000001	0.15	c1ccc(-n2c(Cc3ccncn3)nnc2SCc2cccnc2)cc1	10.0	2.0	True	6.0
CHEMBL1500067	CC1=C2C(=O)[C@H]3[C@@H](CC=C4CC(=O)CC[C@@]43C)[C@@H]2CC[C@]12O[C@@H]1C[C@H](C)CN[C@H]1[C@H]2C	InChI=1S/C27H37NO3/c1-14-11-21-24(28-13-14)16(3)27(31-21)10-8-19-20-6-5-17-12-18(29)7-9-26(17,4)23(20)25(30)22(19)15(27)2/h5,14,16,19-21,23-24,28H,6-13H2,1-4H3/t14-,16+,19-,20-,21+,23+,24-,26-,27-/m0/s1	XTNZUJAWYJIUPN-WKWNSBFHSA-N	chembl_36	423.59700000000015	4.3891000000000036	55.400000000000006	0.7777777777777778	O=C1CCC2C(=CC[C@H]3[C@@H]4CC[C@]5(C=C4C(=O)[C@H]23)C[C@@H]2NCCC[C@H]2O5)C1	4.0	1.0	True	6.0
CHEMBL2056100	CC12CCN(C(=O)Cn3cnc4ccccc43)C1N(Cc1ccccc1)c1ccccc12	InChI=1S/C27H26N4O/c1-27-15-16-30(25(32)18-29-19-28-22-12-6-8-14-24(22)29)26(27)31(17-20-9-3-2-4-10-20)23-13-7-5-11-21(23)27/h2-14,19,26H,15-18H2,1H3	JOPYJOGKZZNQSP-UHFFFAOYSA-N	chembl_36	422.5320000000002	4.572800000000004	41.370000000000005	0.25925925925925924	O=C(Cn1cnc2ccccc21)N1CCC2c3ccccc3N(Cc3ccccc3)C21	4.0	0.0	True	6.0
CHEMBL871131	COC(=O)[C@@H]1C[C@@]2(O)[C@H](O)[C@H](O)[C@H](O)C[C@H]2N1Cc1ccc(N2CCOCC2)cc1	InChI=1S/C21H30N2O7/c1-29-20(27)15-11-21(28)17(10-16(24)18(25)19(21)26)23(15)12-13-2-4-14(5-3-13)22-6-8-30-9-7-22/h2-5,15-19,24-26,28H,6-12H2,1H3/t15-,16+,17+,18+,19+,21-/m0/s1	VPSIOGVYJRUCTJ-JSNLTNBWSA-N	chembl_36	422.4780000000003	-1.1433999999999978	122.93	0.6666666666666666	c1cc(N2CCOCC2)ccc1CN1CCC2CCCC[C@H]21	9.0	4.0	True	6.0
CHEMBL2687018	COc1ccc(Cc2c(C)nc(C)nc2N2CCN(C(=O)c3cccs3)CC2)cc1	InChI=1S/C23H26N4O2S/c1-16-20(15-18-6-8-19(29-3)9-7-18)22(25-17(2)24-16)26-10-12-27(13-11-26)23(28)21-5-4-14-30-21/h4-9,14H,10-13,15H2,1-3H3	VWBVHNFARRXJQB-UHFFFAOYSA-N	chembl_36	422.55400000000014	3.7167400000000024	58.56000000000001	0.34782608695652173	O=C(c1cccs1)N1CCN(c2ncncc2Cc2ccccc2)CC1	6.0	0.0	True	6.0
CHEMBL1382294	O=S(=O)(NCC1CCCO1)c1ccc(-c2ccc(CN3CCOCC3)cc2)s1	InChI=1S/C20H26N2O4S2/c23-28(24,21-14-18-2-1-11-26-18)20-8-7-19(27-20)17-5-3-16(4-6-17)15-22-9-12-25-13-10-22/h3-8,18,21H,1-2,9-15H2	YOYXDHVRNQEXGI-UHFFFAOYSA-N	chembl_36	422.57200000000023	2.704600000000001	67.87	0.5	O=S(=O)(NCC1CCCO1)c1ccc(-c2ccc(CN3CCOCC3)cc2)s1	6.0	1.0	True	6.0
CHEMBL825075	CC(C)[C@@H](C(=O)NC1CCCC1)N1C(=O)N2CCc3c([nH]c4ccccc34)[C@@]2(C)C1=O	InChI=1S/C24H30N4O3/c1-14(2)19(21(29)25-15-8-4-5-9-15)28-22(30)24(3)20-17(12-13-27(24)23(28)31)16-10-6-7-11-18(16)26-20/h6-7,10-11,14-15,19,26H,4-5,8-9,12-13H2,1-3H3,(H,25,29)/t19-,24-/m0/s1	TWWDUCZHWZOWLK-CYFREDJKSA-N	chembl_36	422.5290000000001	3.2868000000000013	85.50999999999999	0.5416666666666666	O=C(CN1C(=O)C2c3[nH]c4ccccc4c3CCN2C1=O)NC1CCCC1	3.0	2.0	True	6.0
CHEMBL412876	C[N+](C)(CCc1ccc(NC(=O)c2ccc(Cl)c(Cl)c2)cc1)C1CCOCC1	InChI=1S/C22H26Cl2N2O2/c1-26(2,19-10-13-28-14-11-19)12-9-16-3-6-18(7-4-16)25-22(27)17-5-8-20(23)21(24)15-17/h3-8,15,19H,9-14H2,1-2H3/p+1	IZXDURNSQNFEDC-UHFFFAOYSA-O	chembl_36	422.3760000000002	5.043600000000005	38.33	0.4090909090909091	O=C(Nc1ccc(CC[NH2+]C2CCOCC2)cc1)c1ccccc1	2.0	1.0	True	6.0
CHEMBL309036	CC(C)C(=O)NC[C@@H]1CC1c1cccc2oc(CCCCc3ccccc3)cc12	InChI=1S/C26H31NO2/c1-18(2)26(28)27-17-20-15-23(20)22-13-8-14-25-24(22)16-21(29-25)12-7-6-11-19-9-4-3-5-10-19/h3-5,8-10,13-14,16,18,20,23H,6-7,11-12,15,17H2,1-2H3,(H,27,28)/t20-,23?/m0/s1	AHGFMBBXRSYTSB-AJZOCDQUSA-N	chembl_36	389.53900000000016	5.873900000000006	42.24	0.4230769230769231	c1ccc(CCCCc2cc3c(C4CC4)cccc3o2)cc1	2.0	1.0	True	6.0
CHEMBL2874076	O[C@@H]1[C@H](O)C=C[C@H]1Cn1cnc2c(NCc3cccc(F)c3)nc(Cl)nc21	InChI=1S/C18H17ClFN5O2/c19-18-23-16(21-7-10-2-1-3-12(20)6-10)14-17(24-18)25(9-22-14)8-11-4-5-13(26)15(11)27/h1-6,9,11,13,15,26-27H,7-8H2,(H,21,23,24)/t11-,13+,15-/m0/s1	XATXBZCIGWXHSD-LNSITVRQSA-N	chembl_36	389.8180000000001	2.1387	96.09	0.2777777777777778	C1=C[C@@H](Cn2cnc3c(NCc4ccccc4)ncnc32)CC1	7.0	3.0	True	6.0
CHEMBL733284	Cc1ccc(S(=O)(=O)CCc2nnc(NC(=O)c3cnccn3)s2)cc1	InChI=1S/C16H15N5O3S2/c1-11-2-4-12(5-3-11)26(23,24)9-6-14-20-21-16(25-14)19-15(22)13-10-17-7-8-18-13/h2-5,7-8,10H,6,9H2,1H3,(H,19,21,22)	RWWFWGNGFVNFCT-UHFFFAOYSA-N	chembl_36	389.46200000000005	1.90522	114.80000000000001	0.1875	O=C(Nc1nnc(CCS(=O)(=O)c2ccccc2)s1)c1cnccn1	8.0	1.0	True	6.0
CHEMBL2218942	c1ccc(OCCNCC2COC(c3ccccc3)(c3ccccc3)CO2)cc1	InChI=1S/C25H27NO3/c1-4-10-21(11-5-1)25(22-12-6-2-7-13-22)20-28-24(19-29-25)18-26-16-17-27-23-14-8-3-9-15-23/h1-15,24,26H,16-20H2	BQBVUOHGBBXQLG-UHFFFAOYSA-N	chembl_36	389.4950000000001	4.014200000000002	39.72	0.28	c1ccc(OCCNCC2COC(c3ccccc3)(c3ccccc3)CO2)cc1	4.0	1.0	True	6.0
CHEMBL2422429	COc1ccc(Cn2cc(CNC(=O)c3cc(-c4ccccc4)on3)nn2)cc1	InChI=1S/C21H19N5O3/c1-28-18-9-7-15(8-10-18)13-26-14-17(23-25-26)12-22-21(27)19-11-20(29-24-19)16-5-3-2-4-6-16/h2-11,14H,12-13H2,1H3,(H,22,27)	YRWPZUKGWIFYNE-UHFFFAOYSA-N	chembl_36	389.415	2.920000000000001	95.07	0.14285714285714285	O=C(NCc1cn(Cc2ccccc2)nn1)c1cc(-c2ccccc2)on1	7.0	1.0	True	6.0
CHEMBL2629539	CC(C)c1ccc(NC(=O)[C@H]2C[C@H]3CCCN3[C@@]23C(=O)Nc2ccccc23)cc1	InChI=1S/C24H27N3O2/c1-15(2)16-9-11-17(12-10-16)25-22(28)20-14-18-6-5-13-27(18)24(20)19-7-3-4-8-21(19)26-23(24)29/h3-4,7-12,15,18,20H,5-6,13-14H2,1-2H3,(H,25,28)(H,26,29)/t18-,20-,24-/m1/s1	KNLAEBGKXUCZJK-DRMXPCRNSA-N	chembl_36	389.499	4.080400000000003	61.440000000000005	0.4166666666666667	O=C(Nc1ccccc1)[C@H]1C[C@H]2CCCN2[C@@]12C(=O)Nc1ccccc12	3.0	2.0	True	6.0
CHEMBL1106924	CCN(CC)C1CCN(C(=O)c2cc(COc3ccccc3SC)on2)C1	InChI=1S/C20H27N3O3S/c1-4-22(5-2)15-10-11-23(13-15)20(24)17-12-16(26-21-17)14-25-18-8-6-7-9-19(18)27-3/h6-9,12,15H,4-5,10-11,13-14H2,1-3H3	SMUMRCWTNKFRFA-UHFFFAOYSA-N	chembl_36	389.52100000000013	3.5318000000000023	58.81	0.5	O=C(c1cc(COc2ccccc2)on1)N1CCCC1	6.0	0.0	True	6.0
CHEMBL1486329	C=CCOC(=O)Nc1ccc(Oc2ccc(NC(=O)c3cccnc3)cc2)cc1	InChI=1S/C22H19N3O4/c1-2-14-28-22(27)25-18-7-11-20(12-8-18)29-19-9-5-17(6-10-19)24-21(26)16-4-3-13-23-15-16/h2-13,15H,1,14H2,(H,24,26)(H,25,27)	VWYCXFWJZWGAJX-UHFFFAOYSA-N	chembl_36	389.41100000000006	4.860700000000003	89.55	0.045454545454545456	O=C(Nc1ccc(Oc2ccccc2)cc1)c1cccnc1	5.0	2.0	True	6.0
CHEMBL863669	COCCCn1c(Cc2ccccc2)nnc1SCC(=O)N1CCCCC1	InChI=1S/C20H28N4O2S/c1-26-14-8-13-24-18(15-17-9-4-2-5-10-17)21-22-20(24)27-16-19(25)23-11-6-3-7-12-23/h2,4-5,9-10H,3,6-8,11-16H2,1H3	NCDDBGLPOGKXHB-UHFFFAOYSA-N	chembl_36	388.5370000000004	3.0100000000000016	60.25	0.55	O=C(CSc1nnc(Cc2ccccc2)[nH]1)N1CCCCC1	6.0	0.0	True	6.0
CHEMBL2942730	Cc1cc(CO)c2cccc(Cc3ccccc3C(=O)N3CCCNCC3)c2n1	InChI=1S/C24H27N3O2/c1-17-14-20(16-28)21-9-4-7-19(23(21)26-17)15-18-6-2-3-8-22(18)24(29)27-12-5-10-25-11-13-27/h2-4,6-9,14,25,28H,5,10-13,15-16H2,1H3	ADHUHRWZMIRSPQ-UHFFFAOYSA-N	chembl_36	389.49900000000025	3.061820000000001	65.46000000000001	0.3333333333333333	O=C(c1ccccc1Cc1cccc2cccnc12)N1CCCNCC1	4.0	2.0	True	7.0
CHEMBL334550	COc1ccc(CCC(C)(C)N)cc1-c1[nH]nc2nc(Nc3ccc(F)cc3F)ncc12	InChI=1S/C23H24F2N6O/c1-23(2,26)9-8-13-4-7-19(32-3)15(10-13)20-16-12-27-22(29-21(16)31-30-20)28-18-6-5-14(24)11-17(18)25/h4-7,10-12H,8-9,26H2,1-3H3,(H2,27,28,29,30,31)	QOCLBFVPBRJSKH-UHFFFAOYSA-N	chembl_36	438.4820000000001	4.720200000000003	101.74	0.2608695652173913	c1ccc(Nc2ncc3c(-c4ccccc4)[nH]nc3n2)cc1	6.0	3.0	True	6.0
CHEMBL2648944	FC(F)(F)c1cccc(C2(c3nnc(Cc4cccc5ccccc45)o3)CCOCC2)c1	InChI=1S/C25H21F3N2O2/c26-25(27,28)20-9-4-8-19(16-20)24(11-13-31-14-12-24)23-30-29-22(32-23)15-18-7-3-6-17-5-1-2-10-21(17)18/h1-10,16H,11-15H2	QKEJIJXHKDUMPX-UHFFFAOYSA-N	chembl_36	438.44900000000024	5.928900000000004	48.150000000000006	0.28	c1ccc(C2(c3nnc(Cc4cccc5ccccc45)o3)CCOCC2)cc1	4.0	0.0	True	6.0
CHEMBL937161	Cc1ccc(NC(=O)C2CCCN(S(=O)(=O)c3ccc4nc(O)ccc4c3)C2)c(C)c1	InChI=1S/C23H25N3O4S/c1-15-5-8-20(16(2)12-15)25-23(28)18-4-3-11-26(14-18)31(29,30)19-7-9-21-17(13-19)6-10-22(27)24-21/h5-10,12-13,18H,3-4,11,14H2,1-2H3,(H,24,27)(H,25,28)	PXBPSRNGJDBGTJ-UHFFFAOYSA-N	chembl_36	439.53700000000015	3.5966400000000025	99.60000000000001	0.30434782608695654	O=C(Nc1ccccc1)C1CCCN(S(=O)(=O)c2ccc3ncccc3c2)C1	5.0	2.0	True	6.0
CHEMBL2238651	COc1cccc(C(=O)Nc2cc(Cl)c(Oc3cnc4ccccc4c3)c(Cl)c2)c1	InChI=1S/C23H16Cl2N2O3/c1-29-17-7-4-6-15(10-17)23(28)27-16-11-19(24)22(20(25)12-16)30-18-9-14-5-2-3-8-21(14)26-13-18/h2-13H,1H3,(H,27,28)	JCOSYWDYHIZYQG-UHFFFAOYSA-N	chembl_36	439.2980000000001	6.594800000000005	60.45	0.043478260869565216	O=C(Nc1ccc(Oc2cnc3ccccc3c2)cc1)c1ccccc1	4.0	1.0	True	6.0
CHEMBL2169069	O=C(NC[C@H]1CC[C@H](CN2CCN(c3nsc4ccccc34)CC2)CC1)c1ccco1	InChI=1S/C24H30N4O2S/c29-24(21-5-3-15-30-21)25-16-18-7-9-19(10-8-18)17-27-11-13-28(14-12-27)23-20-4-1-2-6-22(20)31-26-23/h1-6,15,18-19H,7-14,16-17H2,(H,25,29)/t18-,19-	UXEHMYRJTUKZNV-WGSAOQKQSA-N	chembl_36	438.59700000000026	4.247700000000004	61.61000000000001	0.5	O=C(NC[C@H]1CC[C@H](CN2CCN(c3nsc4ccccc34)CC2)CC1)c1ccco1	6.0	1.0	True	6.0
CHEMBL1203732	N#Cc1ccnc(N2CCC(NC(c3ccc(C(F)(F)F)cc3)c3cccnc3)CC2)n1	InChI=1S/C23H21F3N6/c24-23(25,26)18-5-3-16(4-6-18)21(17-2-1-10-28-15-17)30-19-8-12-32(13-9-19)22-29-11-7-20(14-27)31-22/h1-7,10-11,15,19,21,30H,8-9,12-13H2	MKYKBFDSLDCIBN-UHFFFAOYSA-N	chembl_36	438.45700000000016	4.110080000000003	77.73	0.30434782608695654	c1ccc(C(NC2CCN(c3ncccn3)CC2)c2cccnc2)cc1	6.0	1.0	True	6.0
CHEMBL1511530	O=C1N=C2C(=C1NCCCc1ccccc1)c1ccc(N3CCSCC3)c3cccc2c13	InChI=1S/C27H25N3OS/c31-27-26(28-13-5-8-18-6-2-1-3-7-18)24-20-11-12-22(30-14-16-32-17-15-30)19-9-4-10-21(23(19)20)25(24)29-27/h1-4,6-7,9-12H,5,8,13-17H2,(H,28,29,31)	UIMDYSCARYVYQT-UHFFFAOYSA-N	chembl_36	439.5840000000003	4.669400000000005	44.7	0.25925925925925924	O=C1N=C2C(=C1NCCCc1ccccc1)c1ccc(N3CCSCC3)c3cccc2c13	4.0	1.0	True	6.0
CHEMBL1072331	O=C(O)c1ccc2c(c1)nc(Nc1cccc(C(F)(F)F)c1)c1nc(NC3CC3)ncc12	InChI=1S/C22H16F3N5O2/c23-22(24,25)12-2-1-3-14(9-12)27-19-18-16(10-26-21(30-18)28-13-5-6-13)15-7-4-11(20(31)32)8-17(15)29-19/h1-4,7-10,13H,5-6H2,(H,27,29)(H,31,32)(H,26,28,30)	UXZATHOFDZQOMY-UHFFFAOYSA-N	chembl_36	439.39700000000016	5.212900000000002	100.03	0.18181818181818182	c1ccc(Nc2nc3ccccc3c3cnc(NC4CC4)nc23)cc1	6.0	3.0	True	6.0
CHEMBL3062306	C[C@H](Nc1ncnc2[nH]cnc12)c1nc2cccc(Cl)c2c(=O)n1C1CCN(C)CC1	InChI=1S/C21H23ClN8O/c1-12(27-19-17-18(24-10-23-17)25-11-26-19)20-28-15-5-3-4-14(22)16(15)21(31)30(20)13-6-8-29(2)9-7-13/h3-5,10-13H,6-9H2,1-2H3,(H2,23,24,25,26,27)/t12-/m0/s1	MABPZKZTDLDNNH-LBPRGKRZSA-N	chembl_36	438.9230000000003	3.1560000000000015	104.62000000000002	0.38095238095238093	O=c1c2ccccc2nc(CNc2ncnc3[nH]cnc23)n1C1CCNCC1	8.0	2.0	True	6.0
CHEMBL2099838	N#Cc1ccnc2[nH]cc(C(=O)c3c(F)ccc(NS(=O)(=O)c4cccnc4)c3F)c12	InChI=1S/C20H11F2N5O3S/c21-14-3-4-15(27-31(29,30)12-2-1-6-24-9-12)18(22)17(14)19(28)13-10-26-20-16(13)11(8-23)5-7-25-20/h1-7,9-10,27H,(H,25,26)	VJLBLADBINDMEV-UHFFFAOYSA-N	chembl_36	439.40300000000013	3.1395800000000014	128.59999999999997	0.0	O=C(c1cccc(NS(=O)(=O)c2cccnc2)c1)c1c[nH]c2ncccc12	6.0	2.0	True	6.0
CHEMBL3219211	Cc1ccc(-c2ccc(CN3[C@@H]4CC[C@H]3[C@@H](N)C4)cc2-c2ccc(C#N)c(F)c2)c(F)c1	InChI=1S/C27H25F2N3/c1-16-2-7-22(25(29)10-16)21-8-3-17(15-32-20-6-9-27(32)26(31)13-20)11-23(21)18-4-5-19(14-30)24(28)12-18/h2-5,7-8,10-12,20,26-27H,6,9,13,15,31H2,1H3/t20-,26+,27+/m1/s1	KPYWXDBMUKCOJZ-PHXCCWLDSA-N	chembl_36	429.5140000000001	5.542900000000005	53.05	0.2962962962962963	c1ccc(-c2ccc(CN3[C@H]4CC[C@@H]3CC4)cc2-c2ccccc2)cc1	3.0	1.0	True	6.0
CHEMBL3164595	CN(C)C(=O)N[C@@H]1CCCN(c2cnc(C(N)=O)c(Nc3ccc([N+](=O)[O-])cc3)n2)C1	InChI=1S/C19H24N8O4/c1-25(2)19(29)23-13-4-3-9-26(11-13)15-10-21-16(17(20)28)18(24-15)22-12-5-7-14(8-6-12)27(30)31/h5-8,10,13H,3-4,9,11H2,1-2H3,(H2,20,28)(H,22,24)(H,23,29)/t13-/m1/s1	BQFKCOUOLATBON-CYBMUJFWSA-N	chembl_36	428.45300000000015	1.4672999999999996	159.62	0.3684210526315789	c1ccc(Nc2cncc(N3CCCCC3)n2)cc1	8.0	3.0	True	6.0
CHEMBL1119047	COc1ccccc1N1CCN(CCCCNC(=O)c2ccc(OCCF)cc2)CC1	InChI=1S/C24H32FN3O3/c1-30-23-7-3-2-6-22(23)28-17-15-27(16-18-28)14-5-4-13-26-24(29)20-8-10-21(11-9-20)31-19-12-25/h2-3,6-11H,4-5,12-19H2,1H3,(H,26,29)	KIAANALRJGLJFT-UHFFFAOYSA-N	chembl_36	429.5360000000002	3.375700000000002	54.040000000000006	0.4583333333333333	O=C(NCCCCN1CCN(c2ccccc2)CC1)c1ccccc1	5.0	1.0	True	6.0
CHEMBL714081	COc1cc(-c2cnc(N)c(N3CC[C@@H](C(=O)O)[C@@H](C4CC4)C3)n2)cc(OC)c1OC	InChI=1S/C22H28N4O5/c1-29-17-8-13(9-18(30-2)19(17)31-3)16-10-24-20(23)21(25-16)26-7-6-14(22(27)28)15(11-26)12-4-5-12/h8-10,12,14-15H,4-7,11H2,1-3H3,(H2,23,24)(H,27,28)/t14-,15-/m1/s1	VULRUXSWMVFYTN-HUUCEWRRSA-N	chembl_36	428.48900000000026	2.6887000000000008	120.03000000000002	0.5	c1ccc(-c2cncc(N3CCC[C@@H](C4CC4)C3)n2)cc1	8.0	2.0	True	6.0
CHEMBL862780	CCOc1ccc2nc(N3CCCC(C(=O)NCc4ccccc4Cl)C3)sc2c1	InChI=1S/C22H24ClN3O2S/c1-2-28-17-9-10-19-20(12-17)29-22(25-19)26-11-5-7-16(14-26)21(27)24-13-15-6-3-4-8-18(15)23/h3-4,6,8-10,12,16H,2,5,7,11,13-14H2,1H3,(H,24,27)	FVTGJIOOEIUQMP-UHFFFAOYSA-N	chembl_36	429.9730000000001	4.881200000000004	54.46	0.36363636363636365	O=C(NCc1ccccc1)C1CCCN(c2nc3ccccc3s2)C1	5.0	1.0	True	6.0
CHEMBL754940	CCN(CC)C(CNC(=O)CSc1nnnn1-c1ccc(C)c(C)c1)c1ccco1	InChI=1S/C21H28N6O2S/c1-5-26(6-2)18(19-8-7-11-29-19)13-22-20(28)14-30-21-23-24-25-27(21)17-10-9-15(3)16(4)12-17/h7-12,18H,5-6,13-14H2,1-4H3,(H,22,28)	WBACEDIGGIVOOS-UHFFFAOYSA-N	chembl_36	428.5620000000002	3.163540000000001	89.08	0.42857142857142855	O=C(CSc1nnnn1-c1ccccc1)NCCc1ccco1	8.0	1.0	True	6.0
CHEMBL2000134	CC(=O)N[C@@H](C)c1ccc(O[C@@H]2CCN(c3ncnc(NCC4CC4)c3Cl)C2)cc1	InChI=1S/C22H28ClN5O2/c1-14(27-15(2)29)17-5-7-18(8-6-17)30-19-9-10-28(12-19)22-20(23)21(25-13-26-22)24-11-16-3-4-16/h5-8,13-14,16,19H,3-4,9-12H2,1-2H3,(H,27,29)(H,24,25,26)/t14-,19+/m0/s1	RIERUWCQQSOLBA-IFXJQAMLSA-N	chembl_36	429.9520000000002	3.806700000000003	79.38	0.5	c1ccc(O[C@@H]2CCN(c3cc(NCC4CC4)ncn3)C2)cc1	6.0	2.0	True	6.0
CHEMBL522367	CCn1cc(C(=O)O)c(=O)c2cc(F)c(N3CCN(CN4N=C(C)CC4=O)CC3)cc21	InChI=1S/C21H24FN5O4/c1-3-25-11-15(21(30)31)20(29)14-9-16(22)18(10-17(14)25)26-6-4-24(5-7-26)12-27-19(28)8-13(2)23-27/h9-11H,3-8,12H2,1-2H3,(H,30,31)	IOUVUUMDKABZJQ-UHFFFAOYSA-N	chembl_36	429.4520000000002	1.5464	98.44999999999999	0.42857142857142855	O=C1CC=NN1CN1CCN(c2ccc3c(=O)cc[nH]c3c2)CC1	7.0	1.0	True	6.0
CHEMBL640975	CC(C)(O)C1Cc2cc(CCC(=O)O)c(O[C@@H]3O[C@H](CO)[C@@H](O)[C@H](O)[C@H]3O)cc2O1	InChI=1S/C20H28O10/c1-20(2,27)14-6-10-5-9(3-4-15(22)23)11(7-12(10)28-14)29-19-18(26)17(25)16(24)13(8-21)30-19/h5,7,13-14,16-19,21,24-27H,3-4,6,8H2,1-2H3,(H,22,23)/t13-,14?,16-,17+,18-,19-/m1/s1	KSRAFVSVWQIUDE-IMGWSGCXSA-N	chembl_36	428.4340000000001	-1.0430999999999988	166.14	0.65	c1cc2c(cc1O[C@H]1CCCCO1)OCC2	9.0	6.0	True	6.0
CHEMBL3155148	O=C(Nc1cc(-c2[nH]c3c(c2Nc2ccccc2)C(=O)CCC3)ccn1)c1ccsn1	InChI=1S/C23H19N5O2S/c29-18-8-4-7-16-20(18)22(25-15-5-2-1-3-6-15)21(26-16)14-9-11-24-19(13-14)27-23(30)17-10-12-31-28-17/h1-3,5-6,9-13,25-26H,4,7-8H2,(H,24,27,30)	KMIDWBCGAXUVNS-UHFFFAOYSA-N	chembl_36	429.5050000000002	5.048100000000002	99.77000000000001	0.13043478260869565	O=C(Nc1cc(-c2[nH]c3c(c2Nc2ccccc2)C(=O)CCC3)ccn1)c1ccsn1	6.0	3.0	True	6.0
CHEMBL1318543	Cc1nnc(N)nc1/C=C/c1c(O)ccc2ccccc12	InChI=1S/C16H14N4O/c1-10-14(18-16(17)20-19-10)8-7-13-12-5-3-2-4-11(12)6-9-15(13)21/h2-9,21H,1H3,(H2,17,18,20)/b8-7+	RNOYWVKBBRCCNT-BQYQJAHWSA-N	chembl_36	278.31500000000005	2.7914200000000005	84.92	0.0625	C(=C/c1cccc2ccccc12)\c1cnncn1	5.0	2.0	True	6.0
CHEMBL2644035	Cc1nnsc1C(=O)NCc1nccc(N(C)C)n1	InChI=1S/C11H14N6OS/c1-7-10(19-16-15-7)11(18)13-6-8-12-5-4-9(14-8)17(2)3/h4-5H,6H2,1-3H3,(H,13,18)	LOLBNUJAOHYXMS-UHFFFAOYSA-N	chembl_36	278.341	0.6325199999999997	83.9	0.36363636363636365	O=C(NCc1ncccn1)c1cnns1	7.0	1.0	True	6.0
CHEMBL296916	Nc1nc(-c2ccncc2)cc2nc(-c3ccco3)nn12	InChI=1S/C14H10N6O/c15-14-17-10(9-3-5-16-6-4-9)8-12-18-13(19-20(12)14)11-2-1-7-21-11/h1-8H,(H2,15,17)	NHZYHGYDBWKPRJ-UHFFFAOYSA-N	chembl_36	278.275	2.0284999999999993	95.13	0.0	c1coc(-c2nc3cc(-c4ccncc4)ncn3n2)c1	7.0	1.0	True	6.0
CHEMBL31385	CC1(C)C(=O)Nc2cc3[nH]c(-c4cccnc4)nc3cc21	InChI=1S/C16H14N4O/c1-16(2)10-6-12-13(7-11(10)20-15(16)21)19-14(18-12)9-4-3-5-17-8-9/h3-8H,1-2H3,(H,18,19)(H,20,21)	KEQWRYOXXCUXDV-UHFFFAOYSA-N	chembl_36	278.315	2.8546000000000005	70.67	0.1875	O=C1Cc2cc3nc(-c4cccnc4)[nH]c3cc2N1	3.0	2.0	True	6.0
CHEMBL807022	Clc1ccc(-c2csc(-c3cccnc3)n2)s1	InChI=1S/C12H7ClN2S2/c13-11-4-3-10(17-11)9-7-16-12(15-9)8-2-1-5-14-6-8/h1-7H	UHTILJKZSOYRID-UHFFFAOYSA-N	chembl_36	278.789	4.5870000000000015	25.78	0.0	c1cncc(-c2nc(-c3cccs3)cs2)c1	4.0	0.0	True	6.0
CHEMBL1278270	Nc1nc(COC(=O)c2ccccc2[N+](=O)[O-])cs1	InChI=1S/C11H9N3O4S/c12-11-13-7(6-19-11)5-18-10(15)8-3-1-2-4-9(8)14(16)17/h1-4,6H,5H2,(H2,12,13)	FZIFDZYVDBBSTA-UHFFFAOYSA-N	chembl_36	279.277	1.9905	108.35000000000002	0.09090909090909091	O=C(OCc1cscn1)c1ccccc1	7.0	1.0	True	6.0
CHEMBL2591128	Cc1ccc(C)c(C(=O)CN2Cc3ccccc3C2=N)c1	InChI=1S/C18H18N2O/c1-12-7-8-13(2)16(9-12)17(21)11-20-10-14-5-3-4-6-15(14)18(20)19/h3-9,19H,10-11H2,1-2H3	WQXRJZIKXUMAFA-UHFFFAOYSA-N	chembl_36	278.35499999999996	3.3273100000000015	44.160000000000004	0.2222222222222222	N=C1c2ccccc2CN1CC(=O)c1ccccc1	2.0	1.0	True	6.0
CHEMBL2638152	c1ccc(C2CCN(c3ncnc4[nH]ccc34)CC2)nc1	InChI=1S/C16H17N5/c1-2-7-17-14(3-1)12-5-9-21(10-6-12)16-13-4-8-18-15(13)19-11-20-16/h1-4,7-8,11-12H,5-6,9-10H2,(H,18,19,20)	KXXYIIVGOKYWME-UHFFFAOYSA-N	chembl_36	279.347	2.7369000000000003	57.7	0.3125	c1ccc(C2CCN(c3ncnc4[nH]ccc34)CC2)nc1	4.0	1.0	True	6.0
CHEMBL1318855	CC(=O)n1c(/C=N/c2ccccc2)c(O)c2ccccc21	InChI=1S/C17H14N2O2/c1-12(20)19-15-10-6-5-9-14(15)17(21)16(19)11-18-13-7-3-2-4-8-13/h2-11,21H,1H3/b18-11+	GDTVTHHTVHGYRO-WOJGMQOQSA-N	chembl_36	278.31100000000004	3.757600000000002	54.59	0.058823529411764705	C(=N/c1ccccc1)\c1cc2ccccc2[nH]1	4.0	1.0	True	6.0
CHEMBL844462	Cl.c1ccc(Cn2nnnc2CN2CCCC2)cc1	InChI=1S/C13H17N5.ClH/c1-2-6-12(7-3-1)10-18-13(14-15-16-18)11-17-8-4-5-9-17;/h1-3,6-7H,4-5,8-11H2;1H	VEKZQPFBVJRBRL-UHFFFAOYSA-N	chembl_36	279.775	1.7389999999999994	46.84	0.46153846153846156	c1ccc(Cn2nnnc2CN2CCCC2)cc1	5.0	0.0	True	6.0
CHEMBL736880	O=C(CSc1nnc(Nc2ccccc2F)s1)NCc1ccco1	InChI=1S/C15H13FN4O2S2/c16-11-5-1-2-6-12(11)18-14-19-20-15(24-14)23-9-13(21)17-8-10-4-3-7-22-10/h1-7H,8-9H2,(H,17,21)(H,18,19)	BIOYSHGCYYKKQU-UHFFFAOYSA-N	chembl_36	364.4270000000001	3.4223000000000017	80.05	0.13333333333333333	O=C(CSc1nnc(Nc2ccccc2)s1)NCc1ccco1	7.0	2.0	True	6.0
CHEMBL2000670	N#Cc1cn(-c2ccc(C(=O)O)cc2)cc1-c1cccc(-c2ccccc2)c1	InChI=1S/C24H16N2O2/c25-14-21-15-26(22-11-9-18(10-12-22)24(27)28)16-23(21)20-8-4-7-19(13-20)17-5-2-1-3-6-17/h1-13,15-16H,(H,27,28)	SZLPVSVSBXDHNW-UHFFFAOYSA-N	chembl_36	364.40400000000005	5.381180000000004	66.02	0.0	c1ccc(-c2cccc(-c3ccn(-c4ccccc4)c3)c2)cc1	3.0	1.0	True	6.0
CHEMBL1603933	C[C@H]1CN(CCCc2ccccc2)[C@@H]2C[C@@H](N)C[C@@]1(c1cccc(O)c1)C2	InChI=1S/C24H32N2O/c1-18-17-26(12-6-9-19-7-3-2-4-8-19)22-14-21(25)15-24(18,16-22)20-10-5-11-23(27)13-20/h2-5,7-8,10-11,13,18,21-22,27H,6,9,12,14-17,25H2,1H3/t18-,21+,22+,24+/m0/s1	DBPFGWTUHBQYTM-UCIDMZFESA-N	chembl_36	364.53300000000013	4.094300000000002	49.489999999999995	0.5	c1ccc(CCCN2CC[C@@]3(c4ccccc4)CCC[C@@H]2C3)cc1	3.0	2.0	True	6.0
CHEMBL1073472	O=C(O)c1cc(CN2CCC(c3cncnc3)CC2)c2ccccn2c1=O	InChI=1S/C20H20N4O3/c25-19-17(20(26)27)9-15(18-3-1-2-6-24(18)19)12-23-7-4-14(5-8-23)16-10-21-13-22-11-16/h1-3,6,9-11,13-14H,4-5,7-8,12H2,(H,26,27)	LQVSAENUYZVNNO-UHFFFAOYSA-N	chembl_36	364.40500000000014	2.1673	87.79999999999998	0.3	O=c1ccc(CN2CCC(c3cncnc3)CC2)c2ccccn12	6.0	1.0	True	6.0
CHEMBL1289850	COc1ccc2cc(NC(=O)N/N=C\c3ccc([N+](=O)[O-])cc3)ccc2c1	InChI=1S/C19H16N4O4/c1-27-18-9-5-14-10-16(6-4-15(14)11-18)21-19(24)22-20-12-13-2-7-17(8-3-13)23(25)26/h2-12H,1H3,(H2,21,22,24)/b20-12-	IUNFBMDULNORTL-NDENLUEZSA-N	chembl_36	364.3610000000001	3.912200000000002	105.86000000000001	0.05263157894736842	O=C(N/N=C\c1ccccc1)Nc1ccc2ccccc2c1	5.0	2.0	True	6.0
CHEMBL2450752	COc1ccc(-c2cc(=O)n3cc(N4CCNCC4)ccc3c2)cc1OC	InChI=1S/C21H23N3O3/c1-26-19-6-3-15(12-20(19)27-2)16-11-17-4-5-18(14-24(17)21(25)13-16)23-9-7-22-8-10-23/h3-6,11-14,22H,7-10H2,1-2H3	SYRSPSGKCFPBOC-UHFFFAOYSA-N	chembl_36	365.4330000000001	2.3933	55.21000000000001	0.2857142857142857	O=c1cc(-c2ccccc2)cc2ccc(N3CCNCC3)cn12	6.0	1.0	True	6.0
CHEMBL2140354	CN1C2COCC1CC(NC(=O)c1nn(CC(F)F)c3ncccc13)C2	InChI=1S/C17H21F2N5O2/c1-23-11-5-10(6-12(23)9-26-8-11)21-17(25)15-13-3-2-4-20-16(13)24(22-15)7-14(18)19/h2-4,10-12,14H,5-9H2,1H3,(H,21,25)	SHLOAYVJKKXAEI-UHFFFAOYSA-N	chembl_36	365.38400000000007	1.2877999999999998	72.28	0.5882352941176471	O=C(NC1CC2COCC(C1)N2)c1n[nH]c2ncccc12	6.0	1.0	True	6.0
CHEMBL1681938	CC(C/C=N/NC(=O)COc1cc(Cl)ccc1Cl)c1ccccc1	InChI=1S/C18H18Cl2N2O2/c1-13(14-5-3-2-4-6-14)9-10-21-22-18(23)12-24-17-11-15(19)7-8-16(17)20/h2-8,10-11,13H,9,12H2,1H3,(H,22,23)/b21-10+	CZSWVNDZTKDIRN-UFFVCSGVSA-N	chembl_36	365.26000000000005	4.668000000000004	50.69	0.2222222222222222	O=C(COc1ccccc1)N/N=C/CCc1ccccc1	3.0	1.0	True	6.0
CHEMBL1866515	O=C(NCCCN1CCOCC1)Nc1cnc2cc(Cl)ccc2c1O	InChI=1S/C17H21ClN4O3/c18-12-2-3-13-14(10-12)20-11-15(16(13)23)21-17(24)19-4-1-5-22-6-8-25-9-7-22/h2-3,10-11H,1,4-9H2,(H,20,23)(H2,19,21,24)	RBEPVKXZSJRABM-UHFFFAOYSA-N	chembl_36	364.83300000000014	2.4376	86.72000000000001	0.4117647058823529	O=C(NCCCN1CCOCC1)Nc1cnc2ccccc2c1	5.0	3.0	True	6.0
CHEMBL2485954	COc1cccc(Cn2cnc3sc(-c4ccnc(N)c4)cc3c2=O)c1	InChI=1S/C19H16N4O2S/c1-25-14-4-2-3-12(7-14)10-23-11-22-18-15(19(23)24)9-16(26-18)13-5-6-21-17(20)8-13/h2-9,11H,10H2,1H3,(H2,20,21)	PBRPSSPCDCQDDX-UHFFFAOYSA-N	chembl_36	364.4300000000001	3.1591000000000005	83.03	0.10526315789473684	O=c1c2cc(-c3ccncc3)sc2ncn1Cc1ccccc1	7.0	1.0	True	6.0
CHEMBL6535	CC(C)(C)C(=O)Oc1ccc(C(=O)OCc2cc(=O)c(OC(=O)C(C)(C)C)co2)cc1	InChI=1S/C23H26O8/c1-22(2,3)20(26)30-15-9-7-14(8-10-15)19(25)29-12-16-11-17(24)18(13-28-16)31-21(27)23(4,5)6/h7-11,13H,12H2,1-6H3	OIOPWVBGXLODGI-UHFFFAOYSA-N	chembl_36	430.4530000000002	3.8998000000000035	109.11000000000003	0.391304347826087	O=C(OCc1cc(=O)cco1)c1ccccc1	8.0	0.0	True	6.0
CHEMBL1575454	C/C(=C(\c1ccccc1)c1ccc(OCCN2CCN(C)CC2)cc1)c1ccc(F)cc1	InChI=1S/C28H31FN2O/c1-22(23-8-12-26(29)13-9-23)28(24-6-4-3-5-7-24)25-10-14-27(15-11-25)32-21-20-31-18-16-30(2)17-19-31/h3-15H,16-21H2,1-2H3/b28-22-	UGLQIGLKVHHAFJ-SLMZUGIISA-N	chembl_36	430.56700000000006	5.430900000000006	15.71	0.2857142857142857	C(=C(c1ccccc1)c1ccc(OCCN2CCNCC2)cc1)c1ccccc1	3.0	0.0	True	6.0
CHEMBL918750	Cl.Fc1ccccc1COc1ccc(Br)cc1CNCC1CCCO1	InChI=1S/C19H21BrFNO2.ClH/c20-16-7-8-19(24-13-14-4-1-2-6-18(14)21)15(10-16)11-22-12-17-5-3-9-23-17;/h1-2,4,6-8,10,17,22H,3,5,9,11-13H2;1H	GIHRBQLRDJPONH-UHFFFAOYSA-N	chembl_36	430.7450000000002	4.857600000000004	30.49	0.3684210526315789	c1ccc(COc2ccccc2CNCC2CCCO2)cc1	3.0	1.0	True	6.0
CHEMBL2956195	COc1cc2nc(C)nc(NC(C)c3ccc(-c4ccccc4C#N)s3)c2cc1OC	InChI=1S/C24H22N4O2S/c1-14(22-9-10-23(31-22)17-8-6-5-7-16(17)13-25)26-24-18-11-20(29-3)21(30-4)12-19(18)27-15(2)28-24/h5-12,14H,1-4H3,(H,26,27,28)	RHTSSDWPIZLUPB-UHFFFAOYSA-N	chembl_36	430.5330000000002	5.728700000000004	80.06000000000002	0.20833333333333334	c1ccc(-c2ccc(CNc3ncnc4ccccc34)s2)cc1	7.0	1.0	True	6.0
CHEMBL2551460	CCCCn1c2c([n+](C3CCCCC3)c1C)C(=O)c1ccccc1C2=O.[Br-]	InChI=1S/C22H27N2O2.BrH/c1-3-4-14-23-15(2)24(16-10-6-5-7-11-16)20-19(23)21(25)17-12-8-9-13-18(17)22(20)26;/h8-9,12-13,16H,3-7,10-11,14H2,1-2H3;1H/q+1;/p-1	VPOTZJIVFGGKME-UHFFFAOYSA-M	chembl_36	431.374	1.16872	42.95	0.5	O=C1c2ccccc2C(=O)c2c1[nH]c[n+]2C1CCCCC1	3.0	0.0	True	6.0
CHEMBL2457557	CCn1ccc2c(=O)[nH]c(-n3ncc(C(=O)N4CC(N5CCC(F)(F)C5)C4)c3C)nc21	InChI=1S/C20H23F2N7O2/c1-3-26-6-4-14-16(26)24-19(25-17(14)30)29-12(2)15(8-23-29)18(31)28-9-13(10-28)27-7-5-20(21,22)11-27/h4,6,8,13H,3,5,7,9-11H2,1-2H3,(H,24,25,30)	SJTFETQWDIKYPS-UHFFFAOYSA-N	chembl_36	431.44700000000023	1.4040199999999996	92.05	0.5	O=C(c1cnn(-c2nc3[nH]ccc3c(=O)[nH]2)c1)N1CC(N2CCCC2)C1	7.0	1.0	True	6.0
CHEMBL22670	Oc1nc2c(C(F)(F)F)cc(C#CCN3CCC(Cc4ccc(F)cc4)CC3)cc2[nH]1	InChI=1S/C23H21F4N3O/c24-18-5-3-15(4-6-18)12-16-7-10-30(11-8-16)9-1-2-17-13-19(23(25,26)27)21-20(14-17)28-22(31)29-21/h3-6,13-14,16H,7-12H2,(H2,28,29,31)	VMRGCUFUQIECFJ-UHFFFAOYSA-N	chembl_36	431.43300000000016	4.732600000000004	52.150000000000006	0.34782608695652173	C(#Cc1ccc2nc[nH]c2c1)CN1CCC(Cc2ccccc2)CC1	3.0	2.0	True	6.0
CHEMBL224355	NC1CCN(c2c(F)cc3c(=O)c(C(=O)O)cn4c3c2Oc2cc3ccccc3cc2-4)C1	InChI=1S/C24H18FN3O4/c25-17-9-15-20-23(21(17)27-6-5-14(26)10-27)32-19-8-13-4-2-1-3-12(13)7-18(19)28(20)11-16(22(15)29)24(30)31/h1-4,7-9,11,14H,5-6,10,26H2,(H,30,31)	QULXAJAMUPGPBY-UHFFFAOYSA-N	chembl_36	431.42300000000023	3.6243000000000016	97.79	0.16666666666666666	O=c1ccn2c3c(c(N4CCCC4)ccc13)Oc1cc3ccccc3cc1-2	6.0	2.0	True	6.0
CHEMBL3242655	CNCCC(OCc1cccc(N2CCN(C)c3ncccc3C2=O)c1)c1ccccc1	InChI=1S/C26H30N4O2/c1-27-15-13-24(21-9-4-3-5-10-21)32-19-20-8-6-11-22(18-20)30-17-16-29(2)25-23(26(30)31)12-7-14-28-25/h3-12,14,18,24,27H,13,15-17,19H2,1-2H3	CIQKLHSNDSGASS-UHFFFAOYSA-N	chembl_36	430.5520000000001	4.045600000000003	57.7	0.3076923076923077	O=C1c2cccnc2NCCN1c1cccc(COCc2ccccc2)c1	5.0	1.0	True	7.0
CHEMBL422468	CC(C)Cn1c(=O)[nH]c2nc(-c3cnn(Cc4cc(-c5ccccc5)on4)c3)[nH]c2c1=O	InChI=1S/C22H21N7O3/c1-13(2)10-29-21(30)18-20(26-22(29)31)25-19(24-18)15-9-23-28(11-15)12-16-8-17(32-27-16)14-6-4-3-5-7-14/h3-9,11,13H,10,12H2,1-2H3,(H,24,25)(H,26,31)	CSYIINADKKUNIM-UHFFFAOYSA-N	chembl_36	431.45600000000013	2.6357	127.38999999999999	0.22727272727272727	O=c1[nH]c(=O)c2[nH]c(-c3cnn(Cc4cc(-c5ccccc5)on4)c3)nc2[nH]1	8.0	2.0	True	6.0
CHEMBL1527709	CCc1[nH]c2nc(Sc3cnc4nccnc4c3)nc(NC[C@H](C)O)c2c1Cl	InChI=1S/C18H18ClN7OS/c1-3-11-14(19)13-16(22-7-9(2)27)25-18(26-17(13)24-11)28-10-6-12-15(23-8-10)21-5-4-20-12/h4-6,8-9,27H,3,7H2,1-2H3,(H2,22,24,25,26)/t9-/m0/s1	RCRCIESKYIMSMV-VIFPVBQESA-N	chembl_36	415.9100000000002	3.4558000000000013	112.5	0.2777777777777778	c1cnc2ncc(Sc3ncc4cc[nH]c4n3)cc2n1	8.0	3.0	True	6.0
CHEMBL825735	COc1ccc(CCN2C(=O)CC(NNC(=O)c3ccc(F)cc3)C2=O)cc1OC	InChI=1S/C21H22FN3O5/c1-29-17-8-3-13(11-18(17)30-2)9-10-25-19(26)12-16(21(25)28)23-24-20(27)14-4-6-15(22)7-5-14/h3-8,11,16,23H,9-10,12H2,1-2H3,(H,24,27)	YWWVFAAEYGOGKX-UHFFFAOYSA-N	chembl_36	415.42100000000016	1.4474999999999996	96.97000000000001	0.2857142857142857	O=C(NNC1CC(=O)N(CCc2ccccc2)C1=O)c1ccccc1	6.0	2.0	True	6.0
CHEMBL1023464	O=C(O)C[C@@H](CNC(=O)COc1ccc2ccc(=O)oc2c1)c1ccc(Cl)cc1	InChI=1S/C21H18ClNO6/c22-16-5-1-13(2-6-16)15(9-20(25)26)11-23-19(24)12-28-17-7-3-14-4-8-21(27)29-18(14)10-17/h1-8,10,15H,9,11-12H2,(H,23,24)(H,25,26)/t15-/m0/s1	AIGSBBRMQLXAIM-HNNXBMFYSA-N	chembl_36	415.8290000000002	3.1999000000000013	105.84000000000002	0.19047619047619047	O=C(COc1ccc2ccc(=O)oc2c1)NCCc1ccccc1	5.0	2.0	True	6.0
CHEMBL2657937	COc1ccc(CCC(=O)N2CCC3(CC2)C[C@@H](CCOCC2CC2)CCO3)cc1	InChI=1S/C25H37NO4/c1-28-23-7-4-20(5-8-23)6-9-24(27)26-14-12-25(13-15-26)18-21(11-17-30-25)10-16-29-19-22-2-3-22/h4-5,7-8,21-22H,2-3,6,9-19H2,1H3/t21-/m0/s1	ZFCIMFPBSKJKHN-NRFANRHFSA-N	chembl_36	415.5740000000003	4.232300000000004	48.0	0.72	O=C(CCc1ccccc1)N1CCC2(CC1)C[C@@H](CCOCC1CC1)CCO2	4.0	0.0	True	6.0
CHEMBL1225072	Cc1cc(C)nc(NS(=O)(=O)c2ccc(N3C(=O)C4CCCCC4C3=O)cc2)n1	InChI=1S/C20H22N4O4S/c1-12-11-13(2)22-20(21-12)23-29(27,28)15-9-7-14(8-10-15)24-18(25)16-5-3-4-6-17(16)19(24)26/h7-11,16-17H,3-6H2,1-2H3,(H,21,22,23)	HPJAEKAXLPHDEO-UHFFFAOYSA-N	chembl_36	414.48700000000025	2.5738400000000006	109.33	0.4	O=C1C2CCCCC2C(=O)N1c1ccc(S(=O)(=O)Nc2ncccn2)cc1	6.0	1.0	True	6.0
CHEMBL923050	CC(C)(C)OC(=O)N1CCC(C(=O)N[C@@H](Cc2c[nH]c3ccccc23)C(=O)O)CC1	InChI=1S/C22H29N3O5/c1-22(2,3)30-21(29)25-10-8-14(9-11-25)19(26)24-18(20(27)28)12-15-13-23-17-7-5-4-6-16(15)17/h4-7,13-14,18,23H,8-12H2,1-3H3,(H,24,26)(H,27,28)/t18-/m0/s1	KFJLWXCXIXBOBH-SFHVURJKSA-N	chembl_36	415.4900000000002	2.9269000000000007	111.73	0.5	O=C(NCCc1c[nH]c2ccccc12)C1CCNCC1	4.0	3.0	True	6.0
CHEMBL2720821	O=C([C@H]1C[C@H](c2c(-c3ccc(F)cc3)[nH]c3c(F)cc(F)cc32)C1)N1CC[C@H]1CO	InChI=1S/C23H21F3N2O2/c24-15-3-1-12(2-4-15)21-20(18-9-16(25)10-19(26)22(18)27-21)13-7-14(8-13)23(30)28-6-5-17(28)11-29/h1-4,9-10,13-14,17,27,29H,5-8,11H2/t13-,14-,17-/m0/s1	PUOOOXNDGNMTRW-ZQIUZPCESA-N	chembl_36	414.4270000000002	4.339000000000005	56.33	0.34782608695652173	O=C([C@H]1C[C@H](c2c(-c3ccccc3)[nH]c3ccccc32)C1)N1CCC1	2.0	2.0	True	6.0
CHEMBL833157	CC(=O)c1ccc(OCCCC(=O)OCc2nnc(-c3ccc(Cl)cc3)o2)cc1	InChI=1S/C21H19ClN2O5/c1-14(25)15-6-10-18(11-7-15)27-12-2-3-20(26)28-13-19-23-24-21(29-19)16-4-8-17(22)9-5-16/h4-11H,2-3,12-13H2,1H3	SBWWJGMNCQQHKA-UHFFFAOYSA-N	chembl_36	414.845	4.495000000000004	91.52000000000001	0.23809523809523808	O=C(CCCOc1ccccc1)OCc1nnc(-c2ccccc2)o1	7.0	0.0	True	6.0
CHEMBL172351	NC(=O)[C@@H]1CC[C@@H]2CC(C3CCCCC3)=C(N3CC[C@]4(CCC(=O)N4)C3=O)C(=O)N21	InChI=1S/C22H30N4O4/c23-19(28)16-7-6-14-12-15(13-4-2-1-3-5-13)18(20(29)26(14)16)25-11-10-22(21(25)30)9-8-17(27)24-22/h13-14,16H,1-12H2,(H2,23,28)(H,24,27)/t14-,16+,22-/m1/s1	UHPPHOTXFKINLG-WEBUEUPWSA-N	chembl_36	414.5060000000002	0.9505000000000001	112.80999999999999	0.7272727272727273	O=C1CC[C@]2(CCN(C3=C(C4CCCCC4)C[C@H]4CCCN4C3=O)C2=O)N1	4.0	2.0	True	6.0
CHEMBL174502	CCCCCCC(C)(C)c1cc(O)c2c(c1)OC(C)(C)C1CC=C(C(=O)OC)C[C@H]21	InChI=1S/C26H38O4/c1-7-8-9-10-13-25(2,3)18-15-21(27)23-19-14-17(24(28)29-6)11-12-20(19)26(4,5)30-22(23)16-18/h11,15-16,19-20,27H,7-10,12-14H2,1-6H3/t19-,20?/m0/s1	ZVAXIHRCQMBWSY-XJDOXCRVSA-N	chembl_36	414.58600000000024	6.404200000000008	55.760000000000005	0.6538461538461539	C1=CC[C@@H]2c3ccccc3OCC2C1	4.0	1.0	True	6.0
CHEMBL3272668	Cc1nnc2ccc3c(cc(-c4ncco4)n3Cc3cc(Cl)cc(CN4CCC4)c3)n12	InChI=1S/C23H21ClN6O/c1-15-26-27-22-4-3-19-20(30(15)22)12-21(23-25-5-8-31-23)29(19)14-17-9-16(10-18(24)11-17)13-28-6-2-7-28/h3-5,8-12H,2,6-7,13-14H2,1H3	QJCBPAPMXMWGIX-UHFFFAOYSA-N	chembl_36	432.91500000000025	4.554820000000004	64.39	0.2608695652173913	c1cc(CN2CCC2)cc(Cn2c(-c3ncco3)cc3c2ccc2nncn23)c1	7.0	0.0	True	6.0
CHEMBL933657	Cc1cc(C)nc(NS(=O)(=O)c2ccc(NC(=S)NC(=O)C3CCCC3)cc2)n1	InChI=1S/C19H23N5O3S2/c1-12-11-13(2)21-18(20-12)24-29(26,27)16-9-7-15(8-10-16)22-19(28)23-17(25)14-5-3-4-6-14/h7-11,14H,3-6H2,1-2H3,(H,20,21,24)(H2,22,23,25,28)	DHHDNSOYQIAXCV-UHFFFAOYSA-N	chembl_36	433.55900000000025	2.8974400000000013	113.08	0.3684210526315789	O=C(NC(=S)Nc1ccc(S(=O)(=O)Nc2ncccn2)cc1)C1CCCC1	6.0	3.0	True	6.0
CHEMBL1037291	CCCOc1ccc2oc(=O)c3c(c2c1)CCCN3C(=O)CN1CCc2ccccc2C1	InChI=1S/C26H28N2O4/c1-2-14-31-20-9-10-23-22(15-20)21-8-5-12-28(25(21)26(30)32-23)24(29)17-27-13-11-18-6-3-4-7-19(18)16-27/h3-4,6-7,9-10,15H,2,5,8,11-14,16-17H2,1H3	HPEPOTHFPMQGLO-UHFFFAOYSA-N	chembl_36	432.5200000000002	3.9193000000000033	62.99	0.38461538461538464	O=C(CN1CCc2ccccc2C1)N1CCCc2c1c(=O)oc1ccccc21	5.0	0.0	True	6.0
CHEMBL2284024	O=C1/C(=C/c2cccn2Cc2ccc(F)cc2)CC[C@@H]2[C@H]3CCCN4CCC[C@@H](CN12)[C@@H]34	InChI=1S/C27H32FN3O/c28-22-10-7-19(8-11-22)17-30-15-2-5-23(30)16-20-9-12-25-24-6-3-14-29-13-1-4-21(26(24)29)18-31(25)27(20)32/h2,5,7-8,10-11,15-16,21,24-26H,1,3-4,6,9,12-14,17-18H2/b20-16+/t21-,24+,25+,26-/m0/s1	ATLUUFGOACMOPN-QXHRWQBCSA-N	chembl_36	433.57100000000025	4.554100000000004	28.480000000000004	0.5185185185185185	O=C1/C(=C/c2cccn2Cc2ccccc2)CC[C@@H]2[C@H]3CCCN4CCC[C@@H](CN12)[C@@H]34	3.0	0.0	True	6.0
CHEMBL132515	CCc1nnc(Cc2c(Cl)cncc2Cl)c2cc(OC3CCCC3)c(OC)cc12	InChI=1S/C22H23Cl2N3O2/c1-3-19-14-9-21(28-2)22(29-13-6-4-5-7-13)10-15(14)20(27-26-19)8-16-17(23)11-25-12-18(16)24/h9-13H,3-8H2,1-2H3	AXLQEQVMYULXDD-UHFFFAOYSA-N	chembl_36	432.3510000000003	5.814800000000004	57.13000000000001	0.4090909090909091	c1cc(Cc2nncc3ccc(OC4CCCC4)cc23)ccn1	5.0	0.0	True	6.0
CHEMBL993304	CC(NC(=O)c1ccccc1)C(=O)OCC(=O)N1c2ccccc2Sc2ccccc21	InChI=1S/C24H20N2O4S/c1-16(25-23(28)17-9-3-2-4-10-17)24(29)30-15-22(27)26-18-11-5-7-13-20(18)31-21-14-8-6-12-19(21)26/h2-14,16H,15H2,1H3,(H,25,28)	LIYSTZCIWVOZKZ-UHFFFAOYSA-N	chembl_36	432.5010000000001	4.1776000000000035	75.71	0.125	O=C(CNC(=O)c1ccccc1)OCC(=O)N1c2ccccc2Sc2ccccc21	5.0	1.0	True	6.0
CHEMBL2674886	COc1ccccc1-c1cc(CN(Cc2ccc3c(c2)OCO3)C(=O)c2ccco2)no1	InChI=1S/C24H20N2O6/c1-28-19-6-3-2-5-18(19)22-12-17(25-32-22)14-26(24(27)21-7-4-10-29-21)13-16-8-9-20-23(11-16)31-15-30-20/h2-12H,13-15H2,1H3	SUWBVQDWNTUSNE-UHFFFAOYSA-N	chembl_36	432.4320000000002	4.5145000000000035	87.17	0.16666666666666666	O=C(c1ccco1)N(Cc1ccc2c(c1)OCO2)Cc1cc(-c2ccccc2)on1	7.0	0.0	True	6.0
CHEMBL1516028	CCOC(=O)[C@@]1(C(=O)Nc2ccccc2Cl)C[C@H]1c1cc(OC)c(OC)c(OC)c1	InChI=1S/C22H24ClNO6/c1-5-30-21(26)22(20(25)24-16-9-7-6-8-15(16)23)12-14(22)13-10-17(27-2)19(29-4)18(11-13)28-3/h6-11,14H,5,12H2,1-4H3,(H,24,25)/t14-,22-/m0/s1	LUXJCQJRSKGJIV-FPTDNZKUSA-N	chembl_36	433.88800000000026	4.041300000000003	83.09000000000002	0.36363636363636365	O=C(Nc1ccccc1)C1C[C@H]1c1ccccc1	6.0	1.0	True	6.0
CHEMBL716929	OCCOc1cccc(-c2cc(Nc3ccc4[nH]ncc4c3)nc(N3CCOCC3)n2)c1	InChI=1S/C23H24N6O3/c30-8-11-32-19-3-1-2-16(13-19)21-14-22(27-23(26-21)29-6-9-31-10-7-29)25-18-4-5-20-17(12-18)15-24-28-20/h1-5,12-15,30H,6-11H2,(H,24,28)(H,25,26,27)	LRNVEZDSWWKBKJ-UHFFFAOYSA-N	chembl_36	432.48400000000026	2.9712000000000005	108.42	0.2608695652173913	c1ccc(-c2cc(Nc3ccc4[nH]ncc4c3)nc(N3CCOCC3)n2)cc1	8.0	3.0	True	6.0
CHEMBL2149119	CN1C(=N)N[C@](C)(c2sc(-c3ccnc(-c4cncnc4)c3)cc2F)CS1(=O)=O	InChI=1S/C18H17FN6O2S2/c1-18(9-29(26,27)25(2)17(20)24-18)16-13(19)6-15(28-16)11-3-4-23-14(5-11)12-7-21-10-22-8-12/h3-8,10H,9H2,1-2H3,(H2,20,24)/t18-/m0/s1	ILCUCDCMDXGEQH-SFHVURJKSA-N	chembl_36	432.50600000000014	2.4209700000000005	111.93	0.2222222222222222	N=C1NC(c2ccc(-c3ccnc(-c4cncnc4)c3)s2)CS(=O)(=O)N1	7.0	2.0	True	6.0
